# Blender 5.1.1
# www.blender.org
mtllib enemyTurn.mtl
o テキスト
v -23.496576 -0.337505 -0.599998
v -23.582617 -0.273311 -0.599998
v -23.671198 -0.212683 -0.599998
v -23.762144 -0.156149 -0.599998
v -23.855284 -0.104240 -0.599998
v -23.950439 -0.057491 -0.599998
v -24.047445 -0.016437 -0.599998
v -24.146120 0.018380 -0.599998
v -24.246286 0.046417 -0.599998
v -24.347765 0.067126 -0.599998
v -24.450361 0.079956 -0.599998
v -24.553814 0.084352 -0.599998
v -24.633196 0.081384 -0.599998
v -24.712933 0.072839 -0.599998
v -24.792976 0.059247 -0.599998
v -24.873257 0.041133 -0.599998
v -24.953703 0.019018 -0.599998
v -25.034250 -0.006585 -0.599998
v -25.114830 -0.035166 -0.599998
v -25.195375 -0.066217 -0.599998
v -25.275816 -0.099234 -0.599998
v -25.356083 -0.133714 -0.599998
v -25.436098 -0.169155 -0.599998
v -25.515787 -0.205057 -0.599998
v -25.595076 -0.240919 -0.599998
v -25.673878 -0.276241 -0.599998
v -25.752111 -0.310524 -0.599998
v -25.829695 -0.343270 -0.599998
v -25.906536 -0.373982 -0.599998
v -25.982546 -0.402163 -0.599998
v -26.057632 -0.427322 -0.599998
v -26.131695 -0.448969 -0.599998
v -26.204639 -0.466621 -0.599998
v -26.276369 -0.479801 -0.599998
v -26.346786 -0.488043 -0.599998
v -26.415670 -0.490884 -0.599998
v -26.498230 -0.486084 -0.599998
v -26.583254 -0.472148 -0.599998
v -26.670427 -0.449743 -0.599998
v -26.759205 -0.419574 -0.599998
v -26.849043 -0.382372 -0.599998
v -26.939396 -0.338880 -0.599998
v -27.029734 -0.289849 -0.599998
v -27.119526 -0.236040 -0.599998
v -27.208252 -0.178213 -0.599998
v -27.295395 -0.117131 -0.599998
v -27.380444 -0.053561 -0.599998
v -27.495502 0.037569 -0.599998
v -27.495502 -0.641471 -0.599998
v -27.408468 -0.712905 -0.599998
v -27.324961 -0.776080 -0.599998
v -27.238295 -0.836152 -0.599998
v -27.148802 -0.892516 -0.599998
v -27.056810 -0.944567 -0.599998
v -26.962645 -0.991696 -0.599998
v -26.866634 -1.033290 -0.599998
v -26.769106 -1.068732 -0.599998
v -26.670383 -1.097400 -0.599998
v -26.570801 -1.118667 -0.599998
v -26.470690 -1.131897 -0.599998
v -26.370489 -1.136447 -0.599998
v -26.294380 -1.133473 -0.599998
v -26.217110 -1.124921 -0.599998
v -26.138821 -1.111326 -0.599998
v -26.059681 -1.093213 -0.599998
v -25.979853 -1.071103 -0.599998
v -25.899506 -1.045506 -0.599998
v -25.818804 -1.016933 -0.599998
v -25.737921 -0.985888 -0.599998
v -25.657028 -0.952874 -0.599998
v -25.576303 -0.918393 -0.599998
v -25.495924 -0.882946 -0.599998
v -25.416159 -0.847074 -0.599998
v -25.335054 -0.811244 -0.599998
v -25.254389 -0.775919 -0.599998
v -25.174337 -0.741631 -0.599998
v -25.095015 -0.708878 -0.599998
v -25.016535 -0.678158 -0.599998
v -24.939014 -0.649967 -0.599998
v -24.862574 -0.624798 -0.599998
v -24.787336 -0.603141 -0.599998
v -24.713427 -0.585481 -0.599998
v -24.640972 -0.572294 -0.599998
v -24.570095 -0.564049 -0.599998
v -24.500973 -0.561205 -0.599998
v -24.410736 -0.565740 -0.599998
v -24.321537 -0.578953 -0.599998
v -24.233046 -0.600293 -0.599998
v -24.145054 -0.629204 -0.599998
v -24.057373 -0.665129 -0.599998
v -23.969833 -0.707498 -0.599998
v -23.882267 -0.755735 -0.599998
v -23.794510 -0.809250 -0.599998
v -23.706402 -0.867451 -0.599998
v -23.617773 -0.929738 -0.599998
v -23.528456 -0.995509 -0.599998
v -23.406082 -1.088669 -0.599998
v -23.406082 -0.410519 -0.599998
v -22.024265 -2.566972 -0.599998
v -18.601919 1.373232 -0.599999
v -18.601919 -2.566972 -0.599998
v -17.865570 -2.566972 -0.599998
v -17.865570 2.635092 -0.599999
v -18.485025 2.635092 -0.599999
v -21.952833 -1.328115 -0.599998
v -21.952833 2.635092 -0.599998
v -22.689182 2.635092 -0.599998
v -22.689182 -2.566972 -0.599998
v -14.893115 2.623639 -0.599999
v -15.130624 2.589675 -0.599999
v -15.350101 2.533897 -0.599999
v -15.550621 2.456975 -0.599999
v -15.731219 2.359588 -0.599999
v -15.890903 2.242437 -0.599999
v -16.028650 2.106265 -0.599999
v -16.143438 1.951874 -0.599999
v -16.234272 1.780120 -0.599999
v -16.300215 1.591885 -0.599999
v -16.340387 1.388043 -0.599999
v -16.353949 1.169593 -0.599999
v -16.347433 1.021323 -0.599999
v -16.328058 0.879725 -0.599999
v -16.296021 0.744900 -0.599999
v -16.251541 0.617153 -0.599999
v -16.194855 0.496799 -0.599999
v -16.126205 0.384153 -0.599999
v -16.045860 0.279528 -0.599999
v -15.954095 0.183226 -0.599999
v -15.851190 0.095535 -0.599999
v -15.737431 0.016728 -0.599999
v -15.613095 -0.052938 -0.599999
v -15.511101 -0.098598 -0.599999
v -15.596924 -0.159775 -0.599999
v -15.705078 -0.248605 -0.599999
v -15.807531 -0.344369 -0.599999
v -15.905274 -0.447030 -0.599999
v -15.999309 -0.556559 -0.599999
v -16.090643 -0.672934 -0.599999
v -16.180286 -0.796144 -0.599999
v -16.269257 -0.926183 -0.599999
v -16.358562 -1.063053 -0.599999
v -16.449215 -1.206757 -0.599999
v -16.542225 -1.357305 -0.599999
v -16.638563 -1.514650 -0.599999
v -16.691645 -1.599957 -0.599999
v -16.742033 -1.679409 -0.599999
v -16.790836 -1.754749 -0.599999
v -16.839163 -1.827723 -0.599999
v -16.888121 -1.900074 -0.599999
v -16.938828 -1.973549 -0.599999
v -16.992390 -2.049888 -0.599999
v -17.049911 -2.130830 -0.599998
v -17.112499 -2.218106 -0.599998
v -17.181255 -2.313449 -0.599998
v -17.257280 -2.418589 -0.599998
v -17.364613 -2.566972 -0.599998
v -16.428968 -2.566972 -0.599999
v -15.741928 -1.498240 -0.599999
v -15.579354 -1.252792 -0.599999
v -15.430883 -1.043831 -0.599999
v -15.294964 -0.868439 -0.599999
v -15.170130 -0.723799 -0.599999
v -15.054928 -0.607078 -0.599999
v -14.947911 -0.515409 -0.599999
v -14.847610 -0.445868 -0.599999
v -14.752472 -0.395469 -0.599999
v -14.660808 -0.361207 -0.599999
v -14.570806 -0.340152 -0.599999
v -14.480638 -0.329503 -0.599999
v -14.388366 -0.326545 -0.599999
v -14.098356 -0.326545 -0.599999
v -14.098356 -2.566972 -0.599999
v -13.316595 -2.566972 -0.599999
v -13.316595 2.635092 -0.599999
v -14.638914 2.635092 -0.599999
v -14.554761 0.379528 -0.599999
v -14.740367 0.387755 -0.599999
v -14.902771 0.411423 -0.599999
v -15.043562 0.449106 -0.599999
v -15.163976 0.499354 -0.599999
v -15.265324 0.560754 -0.599999
v -15.348971 0.631977 -0.599999
v -15.416283 0.711804 -0.599999
v -15.468537 0.799099 -0.599999
v -15.506908 0.892729 -0.599999
v -15.532478 0.991505 -0.599999
v -15.546302 1.094162 -0.599999
v -15.549432 1.199319 -0.599999
v -15.541759 1.314306 -0.599999
v -15.522200 1.420703 -0.599999
v -15.490356 1.518217 -0.599999
v -15.445801 1.606641 -0.599999
v -15.388014 1.685840 -0.599999
v -15.316345 1.755686 -0.599999
v -15.230047 1.815959 -0.599999
v -15.128368 1.866312 -0.599999
v -15.010616 1.906299 -0.599999
v -14.876187 1.935436 -0.599999
v -14.724543 1.953249 -0.599999
v -14.554848 1.959296 -0.599999
v -14.098356 1.959296 -0.599999
v -14.098356 0.379528 -0.599999
v -12.303776 -0.827410 -0.599999
v -12.255992 -1.117168 -0.599999
v -12.176150 -1.386340 -0.599999
v -12.064103 -1.633441 -0.599999
v -11.919741 -1.856934 -0.599999
v -11.743024 -2.055263 -0.599999
v -11.533986 -2.226888 -0.599999
v -11.292712 -2.370337 -0.599999
v -11.019283 -2.484211 -0.599999
v -10.713744 -2.567173 -0.599999
v -10.376086 -2.617910 -0.599999
v -10.006222 -2.635115 -0.599999
v -9.733043 -2.622145 -0.599999
v -9.464615 -2.582797 -0.599999
v -9.204499 -2.516400 -0.599999
v -8.956274 -2.422268 -0.599999
v -8.723545 -2.299711 -0.599999
v -8.509958 -2.148047 -0.599999
v -8.319197 -1.966623 -0.599999
v -8.154970 -1.754843 -0.599999
v -8.020979 -1.512182 -0.599999
v -7.920877 -1.238165 -0.599999
v -7.858242 -0.932332 -0.599999
v -7.836632 -0.594807 -0.599999
v -7.836632 2.635092 -0.599999
v -8.618395 2.635092 -0.599999
v -8.618396 -0.435101 -0.599999
v -8.620016 -0.573498 -0.599999
v -8.625057 -0.698609 -0.599999
v -8.633793 -0.811664 -0.599999
v -8.646485 -0.913795 -0.599999
v -8.663389 -1.006150 -0.599999
v -8.684753 -1.089901 -0.599999
v -8.710833 -1.166253 -0.599999
v -8.741902 -1.236450 -0.599999
v -8.778281 -1.301757 -0.599999
v -8.820323 -1.363434 -0.599999
v -8.868405 -1.422708 -0.599999
v -8.922869 -1.480724 -0.599999
v -8.997290 -1.550481 -0.599999
v -9.074777 -1.613994 -0.599999
v -9.155335 -1.671308 -0.599999
v -9.238981 -1.722463 -0.599999
v -9.325729 -1.767500 -0.599999
v -9.415598 -1.806452 -0.599999
v -9.508608 -1.839352 -0.599999
v -9.604778 -1.866226 -0.599999
v -9.704127 -1.887097 -0.599999
v -9.806669 -1.901984 -0.599999
v -9.912416 -1.910904 -0.599999
v -10.021374 -1.913875 -0.599999
v -10.158878 -1.910194 -0.599999
v -10.289684 -1.899453 -0.599999
v -10.413732 -1.882106 -0.599999
v -10.530972 -1.858605 -0.599999
v -10.641359 -1.829403 -0.599999
v -10.744845 -1.794952 -0.599999
v -10.841383 -1.755707 -0.599999
v -10.930926 -1.712119 -0.599999
v -11.013429 -1.664643 -0.599999
v -11.088847 -1.613734 -0.599999
v -11.157135 -1.559847 -0.599999
v -11.218183 -1.503500 -0.599999
v -11.278962 -1.436321 -0.599999
v -11.331828 -1.364618 -0.599999
v -11.377379 -1.288273 -0.599999
v -11.416122 -1.207242 -0.599999
v -11.448543 -1.121494 -0.599999
v -11.475110 -1.031014 -0.599999
v -11.496290 -0.935806 -0.599999
v -11.512548 -0.835889 -0.599999
v -11.524358 -0.731291 -0.599999
v -11.532193 -0.622050 -0.599999
v -11.536537 -0.508202 -0.599999
v -11.537878 -0.389691 -0.599999
v -11.537878 2.635092 -0.599999
v -12.319641 2.635092 -0.599999
v -12.319641 -0.518991 -0.599999
v -5.499964 1.929020 -0.600000
v -5.499964 -2.566972 -0.599999
v -4.718202 -2.566972 -0.600000
v -4.718202 1.929020 -0.600000
v -2.931915 1.929020 -0.600000
v -2.931915 2.635092 -0.600000
v -7.286250 2.635092 -0.600000
v -7.286250 1.929020 -0.600000
v -0.760207 2.635092 -0.600000
v 1.175902 0.170954 -0.600000
v 1.175902 -2.566972 -0.600000
v 1.957665 -2.566972 -0.600000
v 1.957665 0.178507 -0.600000
v 3.893852 2.635092 -0.600001
v 2.949707 2.635092 -0.600000
v 1.574267 0.868817 -0.600000
v 0.183795 2.635092 -0.600000
v 5.159356 -2.566972 -0.600000
v 5.159356 1.452172 -0.600001
v 5.144846 1.452172 -0.600001
v 6.734338 -0.546046 -0.600001
v 6.874736 -0.546046 -0.600001
v 8.464228 1.452172 -0.600001
v 8.449718 1.452172 -0.600001
v 8.449718 -2.566972 -0.600001
v 9.231482 -2.566972 -0.600001
v 9.231482 2.635092 -0.600001
v 8.505575 2.635092 -0.600001
v 6.804503 0.527571 -0.600001
v 5.095905 2.635092 -0.600001
v 4.377592 2.635092 -0.600001
v 4.377592 -2.566972 -0.600000
v 5.159356 1.433932 -0.600001
v 8.449718 1.433932 -0.600001
v 12.219086 1.929020 -0.600001
v 12.219086 0.409804 -0.600001
v 10.107332 0.409804 -0.600001
v 10.107332 -0.296269 -0.600001
v 12.219086 -0.296269 -0.600001
v 12.219086 -1.860899 -0.600001
v 9.963520 -1.860899 -0.600001
v 9.963520 -2.566972 -0.600001
v 13.000847 -2.566972 -0.600001
v 13.000847 2.635092 -0.600001
v 10.031641 2.635092 -0.600001
v 10.031641 1.929020 -0.600001
v 14.761115 -2.566972 -0.600001
v 18.183462 1.373232 -0.600002
v 18.183462 -2.566972 -0.600002
v 18.919813 -2.566972 -0.600002
v 18.919813 2.635092 -0.600002
v 18.300356 2.635092 -0.600002
v 14.832548 -1.328115 -0.600001
v 14.832548 2.635092 -0.600002
v 14.096199 2.635092 -0.600001
v 14.096199 -2.566972 -0.600001
v 21.914984 1.929020 -0.600002
v 21.914984 0.409804 -0.600002
v 19.803232 0.409804 -0.600002
v 19.803232 -0.296269 -0.600002
v 21.914984 -0.296269 -0.600002
v 21.914984 -1.860899 -0.600002
v 19.659420 -1.860899 -0.600002
v 19.659420 -2.566972 -0.600002
v 22.696749 -2.566972 -0.600002
v 22.696749 2.635092 -0.600002
v 19.727541 2.635092 -0.600002
v 19.727541 1.929020 -0.600002
v 27.405008 -0.337505 -0.600002
v 27.318968 -0.273311 -0.600002
v 27.230387 -0.212683 -0.600002
v 27.139441 -0.156149 -0.600002
v 27.046301 -0.104240 -0.600002
v 26.951143 -0.057491 -0.600002
v 26.854137 -0.016437 -0.600002
v 26.755463 0.018380 -0.600002
v 26.655296 0.046417 -0.600002
v 26.553818 0.067126 -0.600002
v 26.451221 0.079956 -0.600002
v 26.347769 0.084352 -0.600002
v 26.268387 0.081384 -0.600002
v 26.188650 0.072839 -0.600002
v 26.108606 0.059247 -0.600002
v 26.028326 0.041133 -0.600002
v 25.947880 0.019018 -0.600002
v 25.867332 -0.006585 -0.600002
v 25.786753 -0.035166 -0.600002
v 25.706207 -0.066217 -0.600002
v 25.625767 -0.099234 -0.600002
v 25.545500 -0.133714 -0.600002
v 25.465485 -0.169155 -0.600002
v 25.385796 -0.205057 -0.600002
v 25.306505 -0.240919 -0.600002
v 25.227703 -0.276241 -0.600002
v 25.149469 -0.310524 -0.600002
v 25.071886 -0.343270 -0.600002
v 24.995045 -0.373982 -0.600002
v 24.919035 -0.402163 -0.600002
v 24.843948 -0.427322 -0.600002
v 24.769886 -0.448969 -0.600002
v 24.696941 -0.466621 -0.600002
v 24.625212 -0.479801 -0.600002
v 24.554794 -0.488043 -0.600002
v 24.485910 -0.490884 -0.600002
v 24.403353 -0.486084 -0.600002
v 24.318329 -0.472148 -0.600002
v 24.231155 -0.449743 -0.600002
v 24.142378 -0.419574 -0.600002
v 24.052540 -0.382372 -0.600002
v 23.962187 -0.338880 -0.600002
v 23.871849 -0.289849 -0.600002
v 23.782057 -0.236040 -0.600002
v 23.693331 -0.178213 -0.600002
v 23.606188 -0.117131 -0.600002
v 23.521139 -0.053561 -0.600002
v 23.406080 0.037569 -0.600002
v 23.406080 -0.641471 -0.600002
v 23.493114 -0.712905 -0.600002
v 23.576622 -0.776080 -0.600002
v 23.663288 -0.836152 -0.600002
v 23.752781 -0.892516 -0.600002
v 23.844772 -0.944567 -0.600002
v 23.938938 -0.991696 -0.600002
v 24.034948 -1.033290 -0.600002
v 24.132477 -1.068732 -0.600002
v 24.231199 -1.097400 -0.600002
v 24.330782 -1.118667 -0.600002
v 24.430893 -1.131897 -0.600002
v 24.531094 -1.136447 -0.600002
v 24.607204 -1.133473 -0.600002
v 24.684475 -1.124921 -0.600002
v 24.762764 -1.111326 -0.600002
v 24.841904 -1.093213 -0.600002
v 24.921732 -1.071103 -0.600002
v 25.002079 -1.045506 -0.600002
v 25.082779 -1.016933 -0.600002
v 25.163662 -0.985888 -0.600002
v 25.244555 -0.952874 -0.600002
v 25.325279 -0.918393 -0.600002
v 25.405659 -0.882946 -0.600002
v 25.485424 -0.847074 -0.600002
v 25.566528 -0.811244 -0.600002
v 25.647194 -0.775919 -0.600002
v 25.727245 -0.741631 -0.600002
v 25.806568 -0.708878 -0.600002
v 25.885048 -0.678158 -0.600002
v 25.962568 -0.649967 -0.600002
v 26.039009 -0.624798 -0.600002
v 26.114246 -0.603141 -0.600002
v 26.188156 -0.585481 -0.600002
v 26.260609 -0.572294 -0.600002
v 26.331486 -0.564049 -0.600002
v 26.400608 -0.561205 -0.600002
v 26.490847 -0.565740 -0.600002
v 26.580046 -0.578953 -0.600002
v 26.668537 -0.600293 -0.600002
v 26.756529 -0.629204 -0.600002
v 26.844210 -0.665129 -0.600002
v 26.931749 -0.707498 -0.600002
v 27.019316 -0.755735 -0.600002
v 27.107073 -0.809250 -0.600002
v 27.195181 -0.867451 -0.600002
v 27.283810 -0.929738 -0.600002
v 27.373127 -0.995509 -0.600002
v 27.495501 -1.088669 -0.600002
v 27.495501 -0.410519 -0.600002
v -23.496576 -0.337505 0.600002
v -23.582617 -0.273311 0.600002
v -23.671198 -0.212682 0.600002
v -23.762144 -0.156149 0.600002
v -23.855284 -0.104240 0.600002
v -23.950439 -0.057491 0.600002
v -24.047445 -0.016437 0.600002
v -24.146120 0.018380 0.600002
v -24.246286 0.046418 0.600002
v -24.347765 0.067126 0.600002
v -24.450361 0.079956 0.600002
v -24.553814 0.084353 0.600002
v -24.633196 0.081384 0.600002
v -24.712933 0.072839 0.600002
v -24.792976 0.059247 0.600002
v -24.873257 0.041133 0.600002
v -24.953703 0.019018 0.600002
v -25.034250 -0.006585 0.600002
v -25.114830 -0.035166 0.600002
v -25.195375 -0.066217 0.600002
v -25.275816 -0.099234 0.600002
v -25.356083 -0.133714 0.600002
v -25.436098 -0.169155 0.600002
v -25.515787 -0.205057 0.600002
v -25.595076 -0.240919 0.600002
v -25.673878 -0.276241 0.600002
v -25.752111 -0.310524 0.600002
v -25.829695 -0.343270 0.600002
v -25.906536 -0.373982 0.600002
v -25.982546 -0.402163 0.600002
v -26.057632 -0.427322 0.600002
v -26.131695 -0.448969 0.600002
v -26.204639 -0.466621 0.600002
v -26.276369 -0.479801 0.600002
v -26.346786 -0.488043 0.600002
v -26.415670 -0.490884 0.600002
v -26.498230 -0.486083 0.600002
v -26.583254 -0.472148 0.600002
v -26.670427 -0.449743 0.600002
v -26.759205 -0.419574 0.600002
v -26.849043 -0.382372 0.600002
v -26.939396 -0.338880 0.600002
v -27.029734 -0.289849 0.600002
v -27.119526 -0.236040 0.600002
v -27.208252 -0.178212 0.600002
v -27.295395 -0.117131 0.600002
v -27.380444 -0.053561 0.600002
v -27.495502 0.037570 0.600002
v -27.495502 -0.641471 0.600002
v -27.408468 -0.712905 0.600002
v -27.324961 -0.776080 0.600002
v -27.238295 -0.836152 0.600002
v -27.148802 -0.892516 0.600002
v -27.056810 -0.944567 0.600002
v -26.962645 -0.991696 0.600002
v -26.866634 -1.033290 0.600002
v -26.769106 -1.068732 0.600002
v -26.670383 -1.097400 0.600002
v -26.570801 -1.118667 0.600002
v -26.470690 -1.131897 0.600002
v -26.370489 -1.136447 0.600002
v -26.294380 -1.133473 0.600002
v -26.217110 -1.124921 0.600002
v -26.138821 -1.111326 0.600002
v -26.059681 -1.093213 0.600002
v -25.979853 -1.071103 0.600002
v -25.899506 -1.045506 0.600002
v -25.818804 -1.016933 0.600002
v -25.737921 -0.985888 0.600002
v -25.657028 -0.952874 0.600002
v -25.576303 -0.918393 0.600002
v -25.495924 -0.882946 0.600002
v -25.416159 -0.847074 0.600002
v -25.335054 -0.811244 0.600002
v -25.254389 -0.775919 0.600002
v -25.174337 -0.741631 0.600002
v -25.095015 -0.708878 0.600002
v -25.016535 -0.678158 0.600002
v -24.939014 -0.649967 0.600002
v -24.862574 -0.624798 0.600002
v -24.787336 -0.603141 0.600002
v -24.713427 -0.585481 0.600002
v -24.640972 -0.572294 0.600002
v -24.570095 -0.564049 0.600002
v -24.500973 -0.561205 0.600002
v -24.410736 -0.565740 0.600002
v -24.321537 -0.578953 0.600002
v -24.233046 -0.600293 0.600002
v -24.145054 -0.629204 0.600002
v -24.057373 -0.665129 0.600002
v -23.969833 -0.707498 0.600002
v -23.882267 -0.755735 0.600002
v -23.794510 -0.809250 0.600002
v -23.706402 -0.867451 0.600002
v -23.617773 -0.929738 0.600002
v -23.528456 -0.995509 0.600002
v -23.406082 -1.088669 0.600002
v -23.406082 -0.410519 0.600002
v -22.024265 -2.566972 0.600002
v -18.601919 1.373232 0.600001
v -18.601919 -2.566972 0.600002
v -17.865570 -2.566972 0.600002
v -17.865570 2.635092 0.600001
v -18.485025 2.635092 0.600001
v -21.952833 -1.328115 0.600002
v -21.952833 2.635092 0.600002
v -22.689182 2.635092 0.600002
v -22.689182 -2.566972 0.600002
v -14.893115 2.623639 0.600001
v -15.130624 2.589675 0.600001
v -15.350101 2.533897 0.600001
v -15.550621 2.456975 0.600001
v -15.731219 2.359588 0.600001
v -15.890903 2.242437 0.600001
v -16.028650 2.106265 0.600001
v -16.143438 1.951874 0.600001
v -16.234272 1.780120 0.600001
v -16.300215 1.591885 0.600001
v -16.340387 1.388043 0.600001
v -16.353949 1.169593 0.600001
v -16.347433 1.021323 0.600001
v -16.328058 0.879725 0.600001
v -16.296021 0.744900 0.600001
v -16.251541 0.617153 0.600001
v -16.194855 0.496799 0.600001
v -16.126205 0.384153 0.600001
v -16.045860 0.279528 0.600001
v -15.954095 0.183226 0.600001
v -15.851190 0.095535 0.600001
v -15.737431 0.016728 0.600001
v -15.613095 -0.052938 0.600001
v -15.511101 -0.098598 0.600001
v -15.596924 -0.159775 0.600001
v -15.705078 -0.248605 0.600001
v -15.807531 -0.344369 0.600001
v -15.905274 -0.447030 0.600001
v -15.999309 -0.556559 0.600001
v -16.090643 -0.672934 0.600001
v -16.180286 -0.796144 0.600001
v -16.269257 -0.926183 0.600001
v -16.358562 -1.063053 0.600001
v -16.449215 -1.206757 0.600001
v -16.542225 -1.357305 0.600001
v -16.638563 -1.514650 0.600001
v -16.691645 -1.599957 0.600001
v -16.742033 -1.679409 0.600001
v -16.790836 -1.754749 0.600001
v -16.839163 -1.827723 0.600001
v -16.888121 -1.900074 0.600001
v -16.938828 -1.973549 0.600001
v -16.992390 -2.049888 0.600001
v -17.049911 -2.130830 0.600001
v -17.112499 -2.218106 0.600001
v -17.181255 -2.313449 0.600001
v -17.257280 -2.418589 0.600001
v -17.364613 -2.566972 0.600001
v -16.428968 -2.566972 0.600001
v -15.741928 -1.498240 0.600001
v -15.579354 -1.252792 0.600001
v -15.430883 -1.043831 0.600001
v -15.294964 -0.868439 0.600001
v -15.170130 -0.723799 0.600001
v -15.054928 -0.607078 0.600001
v -14.947911 -0.515409 0.600001
v -14.847610 -0.445868 0.600001
v -14.752472 -0.395469 0.600001
v -14.660808 -0.361207 0.600001
v -14.570806 -0.340152 0.600001
v -14.480638 -0.329503 0.600001
v -14.388366 -0.326545 0.600001
v -14.098356 -0.326545 0.600001
v -14.098356 -2.566972 0.600001
v -13.316595 -2.566972 0.600001
v -13.316595 2.635092 0.600001
v -14.638914 2.635092 0.600001
v -14.554761 0.379528 0.600001
v -14.740367 0.387755 0.600001
v -14.902771 0.411423 0.600001
v -15.043562 0.449106 0.600001
v -15.163976 0.499354 0.600001
v -15.265324 0.560754 0.600001
v -15.348971 0.631977 0.600001
v -15.416283 0.711804 0.600001
v -15.468537 0.799099 0.600001
v -15.506908 0.892729 0.600001
v -15.532478 0.991505 0.600001
v -15.546302 1.094162 0.600001
v -15.549432 1.199319 0.600001
v -15.541759 1.314306 0.600001
v -15.522200 1.420703 0.600001
v -15.490356 1.518217 0.600001
v -15.445801 1.606641 0.600001
v -15.388014 1.685840 0.600001
v -15.316345 1.755686 0.600001
v -15.230047 1.815959 0.600001
v -15.128368 1.866312 0.600001
v -15.010616 1.906299 0.600001
v -14.876187 1.935436 0.600001
v -14.724543 1.953249 0.600001
v -14.554848 1.959296 0.600001
v -14.098356 1.959296 0.600001
v -14.098356 0.379528 0.600001
v -12.303776 -0.827410 0.600001
v -12.255992 -1.117168 0.600001
v -12.176150 -1.386340 0.600001
v -12.064103 -1.633441 0.600001
v -11.919741 -1.856934 0.600001
v -11.743024 -2.055263 0.600001
v -11.533986 -2.226888 0.600001
v -11.292712 -2.370337 0.600001
v -11.019283 -2.484211 0.600001
v -10.713744 -2.567173 0.600001
v -10.376086 -2.617910 0.600001
v -10.006222 -2.635115 0.600001
v -9.733043 -2.622145 0.600001
v -9.464615 -2.582797 0.600001
v -9.204499 -2.516400 0.600001
v -8.956274 -2.422268 0.600001
v -8.723545 -2.299711 0.600001
v -8.509958 -2.148047 0.600001
v -8.319197 -1.966623 0.600001
v -8.154970 -1.754843 0.600001
v -8.020979 -1.512182 0.600001
v -7.920877 -1.238165 0.600001
v -7.858242 -0.932332 0.600001
v -7.836632 -0.594807 0.600001
v -7.836632 2.635092 0.600000
v -8.618395 2.635092 0.600001
v -8.618396 -0.435101 0.600001
v -8.620016 -0.573498 0.600001
v -8.625057 -0.698609 0.600001
v -8.633793 -0.811664 0.600001
v -8.646485 -0.913795 0.600001
v -8.663389 -1.006150 0.600001
v -8.684753 -1.089901 0.600001
v -8.710833 -1.166253 0.600001
v -8.741902 -1.236450 0.600001
v -8.778281 -1.301757 0.600001
v -8.820323 -1.363434 0.600001
v -8.868405 -1.422708 0.600001
v -8.922869 -1.480724 0.600001
v -8.997290 -1.550481 0.600001
v -9.074777 -1.613994 0.600001
v -9.155335 -1.671308 0.600001
v -9.238981 -1.722463 0.600001
v -9.325729 -1.767500 0.600001
v -9.415598 -1.806452 0.600001
v -9.508608 -1.839352 0.600001
v -9.604778 -1.866226 0.600001
v -9.704127 -1.887097 0.600001
v -9.806669 -1.901984 0.600001
v -9.912416 -1.910904 0.600001
v -10.021374 -1.913875 0.600001
v -10.158878 -1.910194 0.600001
v -10.289684 -1.899453 0.600001
v -10.413732 -1.882106 0.600001
v -10.530972 -1.858605 0.600001
v -10.641359 -1.829403 0.600001
v -10.744845 -1.794952 0.600001
v -10.841383 -1.755707 0.600001
v -10.930926 -1.712119 0.600001
v -11.013429 -1.664643 0.600001
v -11.088847 -1.613734 0.600001
v -11.157135 -1.559847 0.600001
v -11.218183 -1.503500 0.600001
v -11.278962 -1.436321 0.600001
v -11.331828 -1.364618 0.600001
v -11.377379 -1.288273 0.600001
v -11.416122 -1.207242 0.600001
v -11.448543 -1.121494 0.600001
v -11.475110 -1.031014 0.600001
v -11.496290 -0.935806 0.600001
v -11.512548 -0.835889 0.600001
v -11.524358 -0.731291 0.600001
v -11.532193 -0.622050 0.600001
v -11.536537 -0.508202 0.600001
v -11.537878 -0.389691 0.600001
v -11.537878 2.635092 0.600001
v -12.319641 2.635092 0.600001
v -12.319641 -0.518991 0.600001
v -5.499964 1.929020 0.600000
v -5.499964 -2.566972 0.600000
v -4.718202 -2.566972 0.600000
v -4.718202 1.929020 0.600000
v -2.931915 1.929020 0.600000
v -2.931915 2.635092 0.600000
v -7.286250 2.635092 0.600000
v -7.286250 1.929020 0.600000
v -0.760207 2.635092 0.600000
v 1.175902 0.170954 0.600000
v 1.175902 -2.566972 0.600000
v 1.957665 -2.566972 0.600000
v 1.957665 0.178507 0.600000
v 3.893852 2.635092 0.599999
v 2.949707 2.635092 0.599999
v 1.574267 0.868817 0.600000
v 0.183795 2.635092 0.600000
v 5.159356 -2.566972 0.599999
v 5.159356 1.452172 0.599999
v 5.144846 1.452172 0.599999
v 6.734338 -0.546046 0.599999
v 6.874736 -0.546046 0.599999
v 8.464228 1.452172 0.599999
v 8.449718 1.452172 0.599999
v 8.449718 -2.566972 0.599999
v 9.231482 -2.566972 0.599999
v 9.231482 2.635092 0.599999
v 8.505575 2.635092 0.599999
v 6.804503 0.527571 0.599999
v 5.095905 2.635092 0.599999
v 4.377592 2.635092 0.599999
v 4.377592 -2.566972 0.600000
v 5.159356 1.433932 0.599999
v 8.449718 1.433932 0.599999
v 12.219086 1.929020 0.599999
v 12.219086 0.409804 0.599999
v 10.107332 0.409804 0.599999
v 10.107332 -0.296269 0.599999
v 12.219086 -0.296269 0.599999
v 12.219086 -1.860899 0.599999
v 9.963520 -1.860899 0.599999
v 9.963520 -2.566972 0.599999
v 13.000847 -2.566972 0.599999
v 13.000847 2.635092 0.599999
v 10.031641 2.635092 0.599999
v 10.031641 1.929020 0.599999
v 14.761115 -2.566972 0.599999
v 18.183462 1.373232 0.599998
v 18.183462 -2.566972 0.599998
v 18.919813 -2.566972 0.599998
v 18.919813 2.635092 0.599998
v 18.300356 2.635092 0.599998
v 14.832548 -1.328115 0.599999
v 14.832548 2.635092 0.599998
v 14.096199 2.635092 0.599998
v 14.096199 -2.566972 0.599999
v 21.914984 1.929020 0.599998
v 21.914984 0.409804 0.599998
v 19.803232 0.409804 0.599998
v 19.803232 -0.296269 0.599998
v 21.914984 -0.296269 0.599998
v 21.914984 -1.860899 0.599998
v 19.659420 -1.860899 0.599998
v 19.659420 -2.566972 0.599998
v 22.696749 -2.566972 0.599998
v 22.696749 2.635092 0.599998
v 19.727541 2.635092 0.599998
v 19.727541 1.929020 0.599998
v 27.405008 -0.337505 0.599997
v 27.318968 -0.273311 0.599997
v 27.230387 -0.212682 0.599997
v 27.139441 -0.156149 0.599997
v 27.046301 -0.104240 0.599997
v 26.951143 -0.057491 0.599998
v 26.854137 -0.016437 0.599998
v 26.755463 0.018380 0.599998
v 26.655296 0.046418 0.599998
v 26.553818 0.067126 0.599998
v 26.451221 0.079956 0.599998
v 26.347769 0.084353 0.599998
v 26.268387 0.081384 0.599998
v 26.188650 0.072839 0.599998
v 26.108606 0.059247 0.599998
v 26.028326 0.041133 0.599998
v 25.947880 0.019018 0.599998
v 25.867332 -0.006585 0.599998
v 25.786753 -0.035166 0.599998
v 25.706207 -0.066217 0.599998
v 25.625767 -0.099234 0.599998
v 25.545500 -0.133714 0.599998
v 25.465485 -0.169155 0.599998
v 25.385796 -0.205057 0.599998
v 25.306505 -0.240919 0.599998
v 25.227703 -0.276241 0.599998
v 25.149469 -0.310524 0.599998
v 25.071886 -0.343270 0.599998
v 24.995045 -0.373982 0.599998
v 24.919035 -0.402163 0.599998
v 24.843948 -0.427322 0.599998
v 24.769886 -0.448969 0.599998
v 24.696941 -0.466621 0.599998
v 24.625212 -0.479801 0.599998
v 24.554794 -0.488043 0.599998
v 24.485910 -0.490884 0.599998
v 24.403353 -0.486083 0.599998
v 24.318329 -0.472148 0.599998
v 24.231155 -0.449743 0.599998
v 24.142378 -0.419574 0.599998
v 24.052540 -0.382372 0.599998
v 23.962187 -0.338880 0.599998
v 23.871849 -0.289849 0.599998
v 23.782057 -0.236040 0.599998
v 23.693331 -0.178212 0.599998
v 23.606188 -0.117131 0.599998
v 23.521139 -0.053561 0.599998
v 23.406080 0.037570 0.599998
v 23.406080 -0.641471 0.599998
v 23.493114 -0.712905 0.599998
v 23.576622 -0.776080 0.599998
v 23.663288 -0.836152 0.599998
v 23.752781 -0.892516 0.599998
v 23.844772 -0.944567 0.599998
v 23.938938 -0.991696 0.599998
v 24.034948 -1.033290 0.599998
v 24.132477 -1.068732 0.599998
v 24.231199 -1.097400 0.599998
v 24.330782 -1.118667 0.599998
v 24.430893 -1.131897 0.599998
v 24.531094 -1.136447 0.599998
v 24.607204 -1.133473 0.599998
v 24.684475 -1.124921 0.599998
v 24.762764 -1.111326 0.599998
v 24.841904 -1.093213 0.599998
v 24.921732 -1.071103 0.599998
v 25.002079 -1.045506 0.599998
v 25.082779 -1.016933 0.599998
v 25.163662 -0.985888 0.599998
v 25.244555 -0.952874 0.599998
v 25.325279 -0.918393 0.599998
v 25.405659 -0.882946 0.599998
v 25.485424 -0.847074 0.599998
v 25.566528 -0.811244 0.599998
v 25.647194 -0.775919 0.599998
v 25.727245 -0.741631 0.599998
v 25.806568 -0.708878 0.599998
v 25.885048 -0.678158 0.599998
v 25.962568 -0.649967 0.599998
v 26.039009 -0.624798 0.599998
v 26.114246 -0.603141 0.599998
v 26.188156 -0.585481 0.599998
v 26.260609 -0.572294 0.599998
v 26.331486 -0.564049 0.599998
v 26.400608 -0.561205 0.599998
v 26.490847 -0.565740 0.599998
v 26.580046 -0.578953 0.599998
v 26.668537 -0.600293 0.599998
v 26.756529 -0.629204 0.599998
v 26.844210 -0.665129 0.599998
v 26.931749 -0.707498 0.599998
v 27.019316 -0.755735 0.599998
v 27.107073 -0.809250 0.599998
v 27.195181 -0.867451 0.599998
v 27.283810 -0.929738 0.599998
v 27.373127 -0.995509 0.599998
v 27.495501 -1.088669 0.599997
v 27.495501 -0.410519 0.599997
v 27.405008 -0.337505 0.599997
v 27.423956 -0.313087 0.595103
v 27.441050 -0.291060 0.580899
v 27.454617 -0.273579 0.558776
v 27.463326 -0.262356 0.530899
v 27.466326 -0.258488 0.499998
v 27.466326 -0.258488 -0.500003
v 27.463326 -0.262356 -0.530904
v 27.454617 -0.273579 -0.558781
v 27.441050 -0.291060 -0.580904
v 27.423956 -0.313087 -0.595108
v 27.405008 -0.337505 -0.600002
v 27.318968 -0.273311 0.599997
v 27.336941 -0.248166 0.595103
v 27.353155 -0.225483 0.580899
v 27.366024 -0.207481 0.558776
v 27.374285 -0.195923 0.530899
v 27.377132 -0.191941 0.499998
v 27.377132 -0.191941 -0.500003
v 27.374285 -0.195923 -0.530904
v 27.366024 -0.207481 -0.558781
v 27.353155 -0.225483 -0.580904
v 27.336941 -0.248166 -0.595108
v 27.318968 -0.273311 -0.600002
v 27.230387 -0.212682 0.599997
v 27.247278 -0.186797 0.595103
v 27.262518 -0.163446 0.580899
v 27.274611 -0.144914 0.558776
v 27.282375 -0.133016 0.530899
v 27.285049 -0.128917 0.499998
v 27.285049 -0.128917 -0.500003
v 27.282375 -0.133016 -0.530904
v 27.274611 -0.144914 -0.558781
v 27.262518 -0.163446 -0.580904
v 27.247278 -0.186797 -0.595108
v 27.230387 -0.212683 -0.600002
v 27.139441 -0.156149 0.599997
v 27.155128 -0.129515 0.595103
v 27.169281 -0.105488 0.580899
v 27.180511 -0.086421 0.558776
v 27.187723 -0.074179 0.530899
v 27.190208 -0.069960 0.499998
v 27.190208 -0.069960 -0.500003
v 27.187723 -0.074179 -0.530904
v 27.180511 -0.086421 -0.558781
v 27.169281 -0.105488 -0.580904
v 27.155128 -0.129515 -0.595108
v 27.139441 -0.156149 -0.600002
v 27.046301 -0.104240 0.599997
v 27.060646 -0.076858 0.595103
v 27.073586 -0.052156 0.580899
v 27.083855 -0.032552 0.558776
v 27.090448 -0.019966 0.530899
v 27.092720 -0.015629 0.499998
v 27.092720 -0.015629 -0.500003
v 27.090448 -0.019966 -0.530904
v 27.083855 -0.032552 -0.558781
v 27.073586 -0.052156 -0.580904
v 27.060646 -0.076858 -0.595108
v 27.046301 -0.104240 -0.600002
v 26.951143 -0.057491 0.599998
v 26.963987 -0.029372 0.595103
v 26.975574 -0.004006 0.580899
v 26.984772 0.016125 0.558776
v 26.990675 0.029050 0.530899
v 26.992710 0.033504 0.499998
v 26.992710 0.033504 -0.500003
v 26.990675 0.029050 -0.530904
v 26.984772 0.016125 -0.558781
v 26.975574 -0.004006 -0.580904
v 26.963987 -0.029372 -0.595108
v 26.951143 -0.057491 -0.600002
v 26.854137 -0.016437 0.599998
v 26.865313 0.012389 0.595103
v 26.875391 0.038394 0.580899
v 26.883390 0.059031 0.558776
v 26.888527 0.072281 0.530899
v 26.890297 0.076847 0.499998
v 26.890297 0.076847 -0.500002
v 26.888527 0.072281 -0.530904
v 26.883390 0.059031 -0.558781
v 26.875391 0.038394 -0.580904
v 26.865313 0.012389 -0.595108
v 26.854137 -0.016437 -0.600002
v 26.755463 0.018380 0.599998
v 26.764780 0.047862 0.595103
v 26.773184 0.074458 0.580899
v 26.779854 0.095564 0.558776
v 26.784136 0.109116 0.530899
v 26.785610 0.113785 0.499998
v 26.785610 0.113785 -0.500002
v 26.784136 0.109116 -0.530904
v 26.779854 0.095564 -0.558781
v 26.773184 0.074458 -0.580904
v 26.764780 0.047862 -0.595108
v 26.755463 0.018380 -0.600002
v 26.655296 0.046418 0.599998
v 26.662560 0.076474 0.595103
v 26.669111 0.103588 0.580899
v 26.674313 0.125106 0.558776
v 26.677650 0.138921 0.530899
v 26.678801 0.143682 0.499998
v 26.678801 0.143682 -0.500002
v 26.677650 0.138921 -0.530904
v 26.674313 0.125106 -0.558781
v 26.669111 0.103588 -0.580904
v 26.662560 0.076474 -0.595108
v 26.655296 0.046417 -0.600002
v 26.553818 0.067126 0.599998
v 26.558832 0.097642 0.595103
v 26.563356 0.125170 0.580899
v 26.566946 0.147017 0.558776
v 26.569250 0.161043 0.530899
v 26.570044 0.165876 0.499998
v 26.570044 0.165876 -0.500002
v 26.569250 0.161043 -0.530904
v 26.566946 0.147017 -0.558781
v 26.563356 0.125170 -0.580904
v 26.558832 0.097642 -0.595108
v 26.553818 0.067126 -0.600002
v 26.451221 0.079956 0.599998
v 26.453798 0.110776 0.595103
v 26.456123 0.138579 0.580899
v 26.457970 0.160644 0.558776
v 26.459154 0.174811 0.530899
v 26.459562 0.179692 0.499998
v 26.459562 0.179692 -0.500002
v 26.459154 0.174810 -0.530904
v 26.457970 0.160644 -0.558781
v 26.456123 0.138579 -0.580904
v 26.453798 0.110776 -0.595108
v 26.451221 0.079956 -0.600002
v 26.347769 0.084353 0.599998
v 26.347847 0.115279 0.595103
v 26.347918 0.143178 0.580899
v 26.347975 0.165318 0.558776
v 26.348011 0.179534 0.530899
v 26.348022 0.184432 0.499998
v 26.348022 0.184432 -0.500002
v 26.348011 0.179534 -0.530904
v 26.347975 0.165318 -0.558781
v 26.347918 0.143178 -0.580904
v 26.347847 0.115279 -0.595108
v 26.347769 0.084352 -0.600002
v 26.268387 0.081384 0.599998
v 26.266161 0.112224 0.595103
v 26.264153 0.140045 0.580899
v 26.262558 0.162124 0.558776
v 26.261536 0.176300 0.530899
v 26.261183 0.181184 0.499998
v 26.261183 0.181184 -0.500002
v 26.261536 0.176300 -0.530904
v 26.262558 0.162124 -0.558781
v 26.264153 0.140045 -0.580904
v 26.266161 0.112224 -0.595108
v 26.268387 0.081384 -0.600002
v 26.188650 0.072839 0.599998
v 26.184414 0.103463 0.595103
v 26.180592 0.131090 0.580899
v 26.177559 0.153015 0.558776
v 26.175611 0.167092 0.530899
v 26.174940 0.171942 0.499998
v 26.174940 0.171942 -0.500002
v 26.175611 0.167091 -0.530904
v 26.177559 0.153015 -0.558781
v 26.180592 0.131090 -0.580904
v 26.184414 0.103463 -0.595108
v 26.188650 0.072839 -0.600002
v 26.108606 0.059247 0.599998
v 26.102615 0.089573 0.595103
v 26.097210 0.116932 0.580899
v 26.092920 0.138643 0.558776
v 26.090166 0.152583 0.530899
v 26.089216 0.157386 0.499998
v 26.089216 0.157386 -0.500002
v 26.090166 0.152583 -0.530904
v 26.092920 0.138643 -0.558781
v 26.097210 0.116931 -0.580904
v 26.102615 0.089573 -0.595108
v 26.108606 0.059247 -0.600002
v 26.028326 0.041133 0.599998
v 26.020826 0.071120 0.595103
v 26.014059 0.098171 0.580899
v 26.008690 0.119638 0.558776
v 26.005241 0.133421 0.530899
v 26.004055 0.138171 0.499998
v 26.004055 0.138171 -0.500002
v 26.005241 0.133421 -0.530904
v 26.008690 0.119638 -0.558781
v 26.014059 0.098170 -0.580904
v 26.020826 0.071120 -0.595108
v 26.028326 0.041133 -0.600002
v 25.947880 0.019018 0.599998
v 25.939100 0.048652 0.595103
v 25.931179 0.075386 0.580899
v 25.924894 0.096602 0.558776
v 25.920858 0.110223 0.530899
v 25.919468 0.114917 0.499998
v 25.919468 0.114917 -0.500002
v 25.920858 0.110223 -0.530904
v 25.924894 0.096602 -0.558781
v 25.931179 0.075386 -0.580904
v 25.939100 0.048652 -0.595108
v 25.947880 0.019018 -0.600002
v 25.867332 -0.006585 0.599998
v 25.857485 0.022709 0.595103
v 25.848600 0.049137 0.580899
v 25.841551 0.070110 0.558776
v 25.837023 0.083575 0.530899
v 25.835464 0.088215 0.499998
v 25.835464 0.088215 -0.500002
v 25.837023 0.083575 -0.530904
v 25.841551 0.070110 -0.558781
v 25.848600 0.049137 -0.580904
v 25.857485 0.022709 -0.595108
v 25.867332 -0.006585 -0.600002
v 25.786753 -0.035166 0.599998
v 25.776028 -0.006182 0.595103
v 25.766354 0.019965 0.580899
v 25.758675 0.040715 0.558776
v 25.753746 0.054038 0.530899
v 25.752047 0.058628 0.499998
v 25.752047 0.058628 -0.500002
v 25.753746 0.054038 -0.530904
v 25.758675 0.040715 -0.558781
v 25.766354 0.019965 -0.580904
v 25.776028 -0.006182 -0.595108
v 25.786753 -0.035166 -0.600002
v 25.706207 -0.066217 0.599998
v 25.694780 -0.037503 0.595103
v 25.684473 -0.011601 0.580899
v 25.676294 0.008956 0.558776
v 25.671041 0.022154 0.530899
v 25.669231 0.026702 0.499998
v 25.669231 0.026702 -0.500002
v 25.671041 0.022154 -0.530904
v 25.676294 0.008956 -0.558781
v 25.684473 -0.011601 -0.580904
v 25.694780 -0.037504 -0.595108
v 25.706207 -0.066217 -0.600002
v 25.625767 -0.099234 0.599998
v 25.613800 -0.070742 0.595103
v 25.603004 -0.045039 0.580899
v 25.594439 -0.024641 0.558776
v 25.588938 -0.011545 0.530899
v 25.587044 -0.007032 0.499998
v 25.587044 -0.007032 -0.500002
v 25.588938 -0.011545 -0.530904
v 25.594439 -0.024641 -0.558781
v 25.603004 -0.045039 -0.580904
v 25.613800 -0.070742 -0.595108
v 25.625767 -0.099234 -0.600002
v 25.545500 -0.133714 0.599998
v 25.533144 -0.105390 0.595103
v 25.521997 -0.079838 0.580899
v 25.513151 -0.059560 0.558776
v 25.507473 -0.046541 0.530899
v 25.505514 -0.042054 0.499998
v 25.505514 -0.042054 -0.500002
v 25.507473 -0.046541 -0.530904
v 25.513151 -0.059560 -0.558781
v 25.521997 -0.079838 -0.580904
v 25.533144 -0.105390 -0.595108
v 25.545500 -0.133714 -0.600002
v 25.465485 -0.169155 0.599998
v 25.452881 -0.140941 0.595103
v 25.441511 -0.115488 0.580899
v 25.432487 -0.095289 0.558776
v 25.426693 -0.082320 0.530899
v 25.424698 -0.077851 0.499998
v 25.424698 -0.077851 -0.500002
v 25.426693 -0.082320 -0.530904
v 25.432487 -0.095289 -0.558781
v 25.441511 -0.115488 -0.580904
v 25.452881 -0.140941 -0.595108
v 25.465485 -0.169155 -0.600002
v 25.385796 -0.205057 0.599998
v 25.373081 -0.176892 0.595103
v 25.361612 -0.151484 0.580899
v 25.352510 -0.131320 0.558776
v 25.346666 -0.118374 0.530899
v 25.344652 -0.113913 0.499998
v 25.344652 -0.113913 -0.500002
v 25.346666 -0.118374 -0.530904
v 25.352510 -0.131320 -0.558781
v 25.361612 -0.151484 -0.580904
v 25.373081 -0.176892 -0.595108
v 25.385796 -0.205057 -0.600002
v 25.306505 -0.240919 0.599998
v 25.293818 -0.212741 0.595103
v 25.282373 -0.187322 0.580899
v 25.273291 -0.167150 0.558776
v 25.267458 -0.154198 0.530899
v 25.265450 -0.149735 0.499998
v 25.265450 -0.149735 -0.500002
v 25.267458 -0.154198 -0.530904
v 25.273291 -0.167150 -0.558781
v 25.282373 -0.187322 -0.580904
v 25.293818 -0.212741 -0.595108
v 25.306505 -0.240919 -0.600002
v 25.227703 -0.276241 0.599998
v 25.215181 -0.247989 0.595103
v 25.203886 -0.222503 0.580899
v 25.194921 -0.202278 0.558776
v 25.189165 -0.189292 0.530899
v 25.187183 -0.184817 0.499998
v 25.187183 -0.184817 -0.500002
v 25.189165 -0.189292 -0.530904
v 25.194921 -0.202278 -0.558781
v 25.203886 -0.222503 -0.580904
v 25.215181 -0.247989 -0.595108
v 25.227703 -0.276241 -0.600002
v 25.149469 -0.310524 0.599998
v 25.137259 -0.282136 0.595103
v 25.126244 -0.256527 0.580899
v 25.117502 -0.236204 0.558776
v 25.111889 -0.223155 0.530899
v 25.109955 -0.218659 0.499998
v 25.109955 -0.218659 -0.500002
v 25.111889 -0.223155 -0.530904
v 25.117502 -0.236204 -0.558781
v 25.126244 -0.256527 -0.580904
v 25.137259 -0.282136 -0.595108
v 25.149469 -0.310524 -0.600002
v 25.071886 -0.343270 0.599998
v 25.060143 -0.314685 0.595103
v 25.049549 -0.288898 0.580899
v 25.041142 -0.268434 0.558776
v 25.035744 -0.255295 0.530899
v 25.033884 -0.250768 0.499998
v 25.033884 -0.250768 -0.500002
v 25.035744 -0.255295 -0.530904
v 25.041142 -0.268434 -0.558781
v 25.049549 -0.288899 -0.580904
v 25.060143 -0.314685 -0.595108
v 25.071886 -0.343270 -0.600002
v 24.995045 -0.373982 0.599998
v 24.983938 -0.345142 0.595103
v 24.973917 -0.319126 0.580899
v 24.965965 -0.298480 0.558776
v 24.960859 -0.285224 0.530899
v 24.959101 -0.280656 0.499998
v 24.959101 -0.280656 -0.500002
v 24.960859 -0.285224 -0.530904
v 24.965965 -0.298480 -0.558781
v 24.973917 -0.319126 -0.580904
v 24.983938 -0.345143 -0.595108
v 24.995045 -0.373982 -0.600002
v 24.919035 -0.402163 0.599998
v 24.908752 -0.373018 0.595103
v 24.899475 -0.346726 0.580899
v 24.892115 -0.325861 0.558776
v 24.887388 -0.312465 0.530899
v 24.885759 -0.307848 0.499998
v 24.885759 -0.307849 -0.500002
v 24.887388 -0.312465 -0.530904
v 24.892115 -0.325861 -0.558781
v 24.899475 -0.346726 -0.580904
v 24.908752 -0.373018 -0.595108
v 24.919035 -0.402163 -0.600002
v 24.843948 -0.427322 0.599998
v 24.834702 -0.397830 0.595103
v 24.826361 -0.371225 0.580899
v 24.819740 -0.350111 0.558776
v 24.815491 -0.336555 0.530899
v 24.814026 -0.331884 0.499998
v 24.814026 -0.331884 -0.500002
v 24.815491 -0.336555 -0.530904
v 24.819740 -0.350111 -0.558781
v 24.826361 -0.371225 -0.580904
v 24.834702 -0.397830 -0.595108
v 24.843948 -0.427322 -0.600002
v 24.769886 -0.448969 0.599998
v 24.761911 -0.419105 0.595103
v 24.754719 -0.392164 0.580899
v 24.749012 -0.370783 0.558776
v 24.745346 -0.357056 0.530899
v 24.744083 -0.352326 0.499998
v 24.744083 -0.352326 -0.500002
v 24.745346 -0.357056 -0.530904
v 24.749012 -0.370783 -0.558781
v 24.754719 -0.392164 -0.580904
v 24.761911 -0.419105 -0.595108
v 24.769886 -0.448969 -0.600002
v 24.696941 -0.466621 0.599998
v 24.690510 -0.436383 0.595103
v 24.684708 -0.409106 0.580899
v 24.680103 -0.387458 0.558776
v 24.677147 -0.373560 0.530899
v 24.676128 -0.368771 0.499998
v 24.676128 -0.368771 -0.500002
v 24.677147 -0.373560 -0.530904
v 24.680103 -0.387458 -0.558781
v 24.684708 -0.409106 -0.580904
v 24.690510 -0.436383 -0.595108
v 24.696941 -0.466621 -0.600002
v 24.625212 -0.479801 0.599998
v 24.620619 -0.449226 0.595103
v 24.616474 -0.421644 0.580899
v 24.613186 -0.399755 0.558776
v 24.611074 -0.385701 0.530899
v 24.610348 -0.380858 0.499998
v 24.610348 -0.380858 -0.500002
v 24.611074 -0.385701 -0.530904
v 24.613186 -0.399755 -0.558781
v 24.616474 -0.421644 -0.580904
v 24.620619 -0.449226 -0.595108
v 24.625212 -0.479801 -0.600002
v 24.554794 -0.488043 0.599998
v 24.552359 -0.457216 0.595103
v 24.550161 -0.429406 0.580899
v 24.548416 -0.407336 0.558776
v 24.547297 -0.393166 0.530899
v 24.546911 -0.388283 0.499998
v 24.546911 -0.388283 -0.500002
v 24.547297 -0.393166 -0.530904
v 24.548416 -0.407336 -0.558781
v 24.550161 -0.429406 -0.580904
v 24.552359 -0.457216 -0.595108
v 24.554794 -0.488043 -0.600002
v 24.485910 -0.490884 0.599998
v 24.486170 -0.459945 0.595103
v 24.486406 -0.432035 0.580899
v 24.486593 -0.409885 0.558776
v 24.486713 -0.395664 0.530899
v 24.486753 -0.390764 0.499998
v 24.486753 -0.390764 -0.500002
v 24.486713 -0.395664 -0.530904
v 24.486593 -0.409885 -0.558781
v 24.486406 -0.432035 -0.580904
v 24.486170 -0.459945 -0.595108
v 24.485910 -0.490884 -0.600002
v 24.403353 -0.486083 0.599998
v 24.406757 -0.455328 0.595103
v 24.409828 -0.427582 0.580899
v 24.412268 -0.405564 0.558776
v 24.413832 -0.391427 0.530899
v 24.414371 -0.386555 0.499998
v 24.414371 -0.386555 -0.500002
v 24.413832 -0.391427 -0.530904
v 24.412268 -0.405564 -0.558781
v 24.409828 -0.427582 -0.580904
v 24.406757 -0.455328 -0.595108
v 24.403353 -0.486084 -0.600002
v 24.318329 -0.472148 0.599998
v 24.324688 -0.441876 0.595103
v 24.330423 -0.414567 0.580899
v 24.334974 -0.392895 0.558776
v 24.337896 -0.378980 0.530899
v 24.338903 -0.374186 0.499998
v 24.338903 -0.374186 -0.500002
v 24.337896 -0.378980 -0.530904
v 24.334974 -0.392895 -0.558781
v 24.330423 -0.414567 -0.580904
v 24.324688 -0.441876 -0.595108
v 24.318329 -0.472148 -0.600002
v 24.231155 -0.449743 0.599998
v 24.239986 -0.420106 0.595103
v 24.247952 -0.393371 0.580899
v 24.254274 -0.372153 0.558776
v 24.258331 -0.358531 0.530899
v 24.259731 -0.353837 0.499998
v 24.259731 -0.353837 -0.500002
v 24.258331 -0.358531 -0.530904
v 24.254274 -0.372153 -0.558781
v 24.247952 -0.393371 -0.580904
v 24.239986 -0.420106 -0.595108
v 24.231155 -0.449743 -0.600002
v 24.142378 -0.419574 0.599998
v 24.153271 -0.390639 0.595103
v 24.163099 -0.364537 0.580899
v 24.170898 -0.343821 0.558776
v 24.175907 -0.330521 0.530899
v 24.177631 -0.325938 0.499998
v 24.177631 -0.325938 -0.500002
v 24.175907 -0.330521 -0.530904
v 24.170898 -0.343821 -0.558781
v 24.163099 -0.364537 -0.580904
v 24.153271 -0.390639 -0.595108
v 24.142378 -0.419574 -0.600002
v 24.052540 -0.382372 0.599998
v 24.065163 -0.354153 0.595103
v 24.076550 -0.328696 0.580899
v 24.085587 -0.308493 0.558776
v 24.091389 -0.295522 0.530899
v 24.093390 -0.291053 0.499998
v 24.093390 -0.291053 -0.500002
v 24.091389 -0.295522 -0.530904
v 24.085587 -0.308493 -0.558781
v 24.076550 -0.328696 -0.580904
v 24.065163 -0.354153 -0.595108
v 24.052540 -0.382372 -0.600002
v 23.962187 -0.338880 0.599998
v 23.976267 -0.311362 0.595103
v 23.988968 -0.286538 0.580899
v 23.999048 -0.266837 0.558776
v 24.005520 -0.254188 0.530899
v 24.007751 -0.249830 0.499998
v 24.007751 -0.249830 -0.500002
v 24.005520 -0.254189 -0.530904
v 23.999048 -0.266837 -0.558781
v 23.988968 -0.286538 -0.580904
v 23.976267 -0.311362 -0.595108
v 23.962187 -0.338880 -0.600002
v 23.871849 -0.289849 0.599998
v 23.887169 -0.263004 0.595103
v 23.900990 -0.238787 0.580899
v 23.911957 -0.219568 0.558776
v 23.918999 -0.207228 0.530899
v 23.921425 -0.202977 0.499998
v 23.921425 -0.202977 -0.500002
v 23.918999 -0.207228 -0.530904
v 23.911957 -0.219568 -0.558781
v 23.900990 -0.238787 -0.580904
v 23.887169 -0.263004 -0.595108
v 23.871849 -0.289849 -0.600002
v 23.782057 -0.236040 0.599998
v 23.798441 -0.209833 0.595103
v 23.813221 -0.186191 0.580899
v 23.824951 -0.167429 0.558776
v 23.832481 -0.155383 0.530899
v 23.835077 -0.151232 0.499998
v 23.835077 -0.151232 -0.500002
v 23.832481 -0.155383 -0.530904
v 23.824951 -0.167429 -0.558781
v 23.813221 -0.186191 -0.580904
v 23.798441 -0.209833 -0.595108
v 23.782057 -0.236040 -0.600002
v 23.693331 -0.178212 0.599998
v 23.710640 -0.152609 0.595103
v 23.726255 -0.129511 0.580899
v 23.738647 -0.111181 0.558776
v 23.746605 -0.099412 0.530899
v 23.749346 -0.095357 0.499998
v 23.749346 -0.095357 -0.500002
v 23.746605 -0.099412 -0.530904
v 23.738647 -0.111181 -0.558781
v 23.726255 -0.129511 -0.580904
v 23.710640 -0.152609 -0.595108
v 23.693331 -0.178213 -0.600002
v 23.606188 -0.117131 0.599998
v 23.624310 -0.092098 0.595103
v 23.640659 -0.069514 0.580899
v 23.653633 -0.051592 0.558776
v 23.661964 -0.040085 0.530899
v 23.664835 -0.036120 0.499998
v 23.664835 -0.036120 -0.500002
v 23.661964 -0.040085 -0.530904
v 23.653633 -0.051592 -0.558781
v 23.640659 -0.069514 -0.580904
v 23.624310 -0.092098 -0.595108
v 23.606188 -0.117131 -0.600002
v 23.521139 -0.053561 0.599998
v 23.539988 -0.029069 0.595103
v 23.556990 -0.006974 0.580899
v 23.570482 0.010561 0.558776
v 23.579145 0.021819 0.530899
v 23.582130 0.025698 0.499998
v 23.582130 0.025698 -0.500002
v 23.579145 0.021819 -0.530904
v 23.570482 0.010561 -0.558781
v 23.556990 -0.006974 -0.580904
v 23.539988 -0.029069 -0.595108
v 23.521139 -0.053561 -0.600002
v 23.406080 0.037570 0.599998
v 23.375179 0.101465 0.595104
v 23.347301 0.159106 0.580900
v 23.325178 0.204850 0.558776
v 23.310974 0.234219 0.530900
v 23.306080 0.244339 0.499998
v 23.306080 0.244339 -0.500002
v 23.310974 0.234219 -0.530904
v 23.325178 0.204850 -0.558781
v 23.347301 0.159106 -0.580904
v 23.375179 0.101465 -0.595108
v 23.406080 0.037569 -0.600002
v 23.406080 -0.641471 0.599998
v 23.375179 -0.656085 0.595104
v 23.347301 -0.669269 0.580900
v 23.325178 -0.679732 0.558776
v 23.310976 -0.686450 0.530900
v 23.306080 -0.688764 0.499998
v 23.306080 -0.688764 -0.500002
v 23.310976 -0.686450 -0.530904
v 23.325178 -0.679732 -0.558781
v 23.347301 -0.669269 -0.580904
v 23.375179 -0.656085 -0.595108
v 23.406080 -0.641471 -0.600002
v 23.493114 -0.712905 0.599998
v 23.473984 -0.737180 0.595104
v 23.456724 -0.759078 0.580900
v 23.443027 -0.776457 0.558776
v 23.434233 -0.787615 0.530900
v 23.431202 -0.791460 0.499998
v 23.431202 -0.791460 -0.500002
v 23.434233 -0.787615 -0.530904
v 23.443027 -0.776457 -0.558781
v 23.456724 -0.759078 -0.580904
v 23.473984 -0.737180 -0.595108
v 23.493114 -0.712905 -0.600002
v 23.576622 -0.776080 0.599998
v 23.558491 -0.801112 0.595104
v 23.542135 -0.823693 0.580900
v 23.529154 -0.841613 0.558776
v 23.520821 -0.853119 0.530900
v 23.517948 -0.857084 0.499998
v 23.517948 -0.857084 -0.500002
v 23.520821 -0.853119 -0.530904
v 23.529154 -0.841613 -0.558781
v 23.542135 -0.823693 -0.580904
v 23.558491 -0.801112 -0.595108
v 23.576622 -0.776080 -0.600002
v 23.663288 -0.836152 0.599998
v 23.646244 -0.861937 0.595104
v 23.630869 -0.885198 0.580900
v 23.618666 -0.903658 0.558776
v 23.610832 -0.915510 0.530900
v 23.608131 -0.919594 0.499998
v 23.608131 -0.919594 -0.500002
v 23.610832 -0.915510 -0.530904
v 23.618666 -0.903658 -0.558781
v 23.630869 -0.885198 -0.580904
v 23.646244 -0.861937 -0.595108
v 23.663288 -0.836152 -0.600002
v 23.752781 -0.892516 0.599998
v 23.736929 -0.919052 0.595104
v 23.722630 -0.942991 0.580900
v 23.711281 -0.961989 0.558776
v 23.703993 -0.974186 0.530900
v 23.701483 -0.978389 0.499998
v 23.701483 -0.978389 -0.500002
v 23.703993 -0.974186 -0.530904
v 23.711281 -0.961989 -0.558781
v 23.722630 -0.942991 -0.580904
v 23.736929 -0.919052 -0.595108
v 23.752781 -0.892516 -0.600002
v 23.844772 -0.944567 0.599998
v 23.830240 -0.971849 0.595104
v 23.817129 -0.996461 0.580900
v 23.806725 -1.015993 0.558776
v 23.800043 -1.028533 0.530900
v 23.797741 -1.032854 0.499998
v 23.797741 -1.032854 -0.500002
v 23.800043 -1.028533 -0.530904
v 23.806725 -1.015993 -0.558781
v 23.817129 -0.996461 -0.580904
v 23.830240 -0.971849 -0.595108
v 23.844772 -0.944567 -0.600002
v 23.938938 -0.991696 0.599998
v 23.925871 -1.019712 0.595104
v 23.914083 -1.044985 0.580900
v 23.904728 -1.065042 0.558776
v 23.898722 -1.077920 0.530900
v 23.896652 -1.082357 0.499998
v 23.896652 -1.082357 -0.500002
v 23.898722 -1.077920 -0.530904
v 23.904728 -1.065042 -0.558781
v 23.914083 -1.044985 -0.580904
v 23.925871 -1.019712 -0.595108
v 23.938938 -0.991696 -0.600002
v 24.034948 -1.033290 0.599998
v 24.023518 -1.062015 0.595104
v 24.013206 -1.087929 0.580900
v 24.005024 -1.108494 0.558776
v 23.999771 -1.121697 0.530900
v 23.997961 -1.126247 0.499998
v 23.997961 -1.126247 -0.500002
v 23.999771 -1.121697 -0.530904
v 24.005024 -1.108494 -0.558781
v 24.013206 -1.087929 -0.580904
v 24.023518 -1.062015 -0.595108
v 24.034948 -1.033290 -0.600002
v 24.132477 -1.068732 0.599998
v 24.122879 -1.098124 0.595103
v 24.114222 -1.124638 0.580899
v 24.107351 -1.145680 0.558776
v 24.102942 -1.159190 0.530899
v 24.101421 -1.163845 0.499998
v 24.101421 -1.163845 -0.500002
v 24.102942 -1.159190 -0.530904
v 24.107351 -1.145680 -0.558781
v 24.114222 -1.124638 -0.580904
v 24.122879 -1.098124 -0.595108
v 24.132477 -1.068732 -0.600002
v 24.231199 -1.097400 0.599998
v 24.223654 -1.127388 0.595103
v 24.216846 -1.154439 0.580899
v 24.211445 -1.175908 0.558776
v 24.207975 -1.189691 0.530899
v 24.206781 -1.194441 0.499998
v 24.206781 -1.194441 -0.500002
v 24.207975 -1.189691 -0.530904
v 24.211445 -1.175908 -0.558781
v 24.216846 -1.154439 -0.580904
v 24.223654 -1.127388 -0.595108
v 24.231199 -1.097400 -0.600002
v 24.330782 -1.118667 0.599998
v 24.325523 -1.149142 0.595103
v 24.320778 -1.176635 0.580899
v 24.317013 -1.198452 0.558776
v 24.314596 -1.212460 0.530899
v 24.313763 -1.217287 0.499998
v 24.313763 -1.217287 -0.500002
v 24.314596 -1.212460 -0.530904
v 24.317013 -1.198452 -0.558781
v 24.320778 -1.176635 -0.580904
v 24.325523 -1.149142 -0.595108
v 24.330782 -1.118667 -0.600002
v 24.430893 -1.131897 0.599998
v 24.428162 -1.162706 0.595103
v 24.425699 -1.190500 0.580899
v 24.423744 -1.212557 0.558776
v 24.422489 -1.226719 0.530899
v 24.422056 -1.231599 0.499998
v 24.422056 -1.231599 -0.500002
v 24.422489 -1.226719 -0.530904
v 24.423744 -1.212557 -0.558781
v 24.425699 -1.190500 -0.580904
v 24.428162 -1.162706 -0.595108
v 24.430893 -1.131897 -0.600002
v 24.531094 -1.136447 0.599998
v 24.530994 -1.167376 0.595103
v 24.530907 -1.195277 0.580899
v 24.530836 -1.217420 0.558776
v 24.530792 -1.231637 0.530899
v 24.530777 -1.236535 0.499998
v 24.530777 -1.236535 -0.500002
v 24.530792 -1.231637 -0.530904
v 24.530836 -1.217420 -0.558781
v 24.530907 -1.195277 -0.580904
v 24.530994 -1.167376 -0.595108
v 24.531094 -1.136447 -0.600002
v 24.607204 -1.133473 0.599998
v 24.609510 -1.164308 0.595103
v 24.611591 -1.192125 0.580899
v 24.613241 -1.214201 0.558776
v 24.614302 -1.228374 0.530899
v 24.614666 -1.233258 0.499998
v 24.614666 -1.233258 -0.500002
v 24.614302 -1.228374 -0.530904
v 24.613241 -1.214201 -0.558781
v 24.611591 -1.192125 -0.580904
v 24.609510 -1.164308 -0.595108
v 24.607204 -1.133473 -0.600002
v 24.684475 -1.124921 0.599998
v 24.688822 -1.155530 0.595103
v 24.692745 -1.183143 0.580899
v 24.695856 -1.205057 0.558776
v 24.697855 -1.219127 0.530899
v 24.698544 -1.223975 0.499998
v 24.698544 -1.223975 -0.500002
v 24.697855 -1.219127 -0.530904
v 24.695856 -1.205057 -0.558781
v 24.692745 -1.183143 -0.580904
v 24.688822 -1.155530 -0.595108
v 24.684475 -1.124921 -0.600002
v 24.762764 -1.111326 0.599998
v 24.768860 -1.141631 0.595103
v 24.774357 -1.168971 0.580899
v 24.778721 -1.190667 0.558776
v 24.781523 -1.204597 0.530899
v 24.782488 -1.209397 0.499998
v 24.782488 -1.209397 -0.500002
v 24.781523 -1.204597 -0.530904
v 24.778721 -1.190667 -0.558781
v 24.774357 -1.168971 -0.580904
v 24.768860 -1.141631 -0.595108
v 24.762764 -1.111326 -0.600002
v 24.841904 -1.093213 0.599998
v 24.849480 -1.123180 0.595103
v 24.856314 -1.150214 0.580899
v 24.861736 -1.171668 0.558776
v 24.865219 -1.185442 0.530899
v 24.866419 -1.190188 0.499998
v 24.866419 -1.190188 -0.500002
v 24.865219 -1.185442 -0.530904
v 24.861736 -1.171668 -0.558781
v 24.856314 -1.150214 -0.580904
v 24.849480 -1.123180 -0.595108
v 24.841904 -1.093213 -0.600002
v 24.921732 -1.071103 0.599998
v 24.930550 -1.100726 0.595103
v 24.938503 -1.127449 0.580899
v 24.944817 -1.148656 0.558776
v 24.948870 -1.162273 0.530899
v 24.950266 -1.166964 0.499998
v 24.950266 -1.166964 -0.500002
v 24.948870 -1.162273 -0.530904
v 24.944817 -1.148656 -0.558781
v 24.938503 -1.127449 -0.580904
v 24.930550 -1.100726 -0.595108
v 24.921732 -1.071103 -0.600002
v 25.002079 -1.045506 0.599998
v 25.011929 -1.074801 0.595103
v 25.020813 -1.101227 0.580899
v 25.027864 -1.122200 0.558776
v 25.032393 -1.135665 0.530899
v 25.033953 -1.140304 0.499998
v 25.033953 -1.140304 -0.500002
v 25.032393 -1.135665 -0.530904
v 25.027864 -1.122200 -0.558781
v 25.020813 -1.101227 -0.580904
v 25.011929 -1.074801 -0.595108
v 25.002079 -1.045506 -0.600002
v 25.082779 -1.016933 0.599998
v 25.093475 -1.045928 0.595103
v 25.103123 -1.072084 0.580899
v 25.110781 -1.092842 0.558776
v 25.115696 -1.106169 0.530899
v 25.117390 -1.110762 0.499998
v 25.117390 -1.110762 -0.500002
v 25.115696 -1.106169 -0.530904
v 25.110781 -1.092842 -0.558781
v 25.103123 -1.072084 -0.580904
v 25.093475 -1.045928 -0.595108
v 25.082779 -1.016933 -0.600002
v 25.163662 -0.985888 0.599998
v 25.175039 -1.014621 0.595103
v 25.185301 -1.040542 0.580899
v 25.193445 -1.061113 0.558776
v 25.198675 -1.074320 0.530899
v 25.200478 -1.078871 0.499998
v 25.200478 -1.078871 -0.500002
v 25.198675 -1.074320 -0.530904
v 25.193445 -1.061113 -0.558781
v 25.185301 -1.040542 -0.580904
v 25.175039 -1.014621 -0.595108
v 25.163662 -0.985888 -0.600002
v 25.244555 -0.952874 0.599998
v 25.256462 -0.981390 0.595103
v 25.267204 -1.007115 0.580899
v 25.275730 -1.027530 0.558776
v 25.281204 -1.040637 0.530899
v 25.283091 -1.045154 0.499998
v 25.283091 -1.045154 -0.500002
v 25.281204 -1.040637 -0.530904
v 25.275730 -1.027530 -0.558781
v 25.267204 -1.007115 -0.580904
v 25.256462 -0.981390 -0.595108
v 25.244555 -0.952874 -0.600002
v 25.325279 -0.918393 0.599998
v 25.337584 -0.946740 0.595103
v 25.348682 -0.972312 0.580899
v 25.357492 -0.992607 0.558776
v 25.363148 -1.005636 0.530899
v 25.365095 -1.010126 0.499998
v 25.365095 -1.010126 -0.500002
v 25.363148 -1.005636 -0.530904
v 25.357492 -0.992607 -0.558781
v 25.348682 -0.972312 -0.580904
v 25.337584 -0.946740 -0.595108
v 25.325279 -0.918393 -0.600002
v 25.405659 -0.882946 0.599998
v 25.418230 -0.911175 0.595103
v 25.429571 -0.936641 0.580899
v 25.438572 -0.956851 0.558776
v 25.444351 -0.969826 0.530899
v 25.446342 -0.974297 0.499998
v 25.446342 -0.974297 -0.500002
v 25.444351 -0.969826 -0.530904
v 25.438572 -0.956851 -0.558781
v 25.429571 -0.936641 -0.580904
v 25.418230 -0.911175 -0.595108
v 25.405659 -0.882946 -0.600002
v 25.485424 -0.847074 0.599998
v 25.498005 -0.875299 0.595103
v 25.509356 -0.900761 0.580899
v 25.518362 -0.920968 0.558776
v 25.524145 -0.933941 0.530899
v 25.526136 -0.938412 0.499998
v 25.526136 -0.938412 -0.500002
v 25.524145 -0.933941 -0.530904
v 25.518362 -0.920968 -0.558781
v 25.509356 -0.900761 -0.580904
v 25.498005 -0.875299 -0.595108
v 25.485424 -0.847074 -0.600002
v 25.566528 -0.811244 0.599998
v 25.578970 -0.839531 0.595103
v 25.590193 -0.865048 0.580899
v 25.599100 -0.885299 0.558776
v 25.604818 -0.898301 0.530899
v 25.606791 -0.902781 0.499998
v 25.606791 -0.902781 -0.500002
v 25.604818 -0.898301 -0.530904
v 25.599100 -0.885299 -0.558781
v 25.590193 -0.865048 -0.580904
v 25.578970 -0.839531 -0.595108
v 25.566528 -0.811244 -0.600002
v 25.647194 -0.775919 0.599998
v 25.659475 -0.804276 0.595103
v 25.670555 -0.829857 0.580899
v 25.679348 -0.850158 0.558776
v 25.684994 -0.863192 0.530899
v 25.686939 -0.867683 0.499998
v 25.686939 -0.867683 -0.500002
v 25.684994 -0.863192 -0.530904
v 25.679348 -0.850158 -0.558781
v 25.670555 -0.829857 -0.580904
v 25.659475 -0.804276 -0.595108
v 25.647194 -0.775919 -0.600002
v 25.727245 -0.741631 0.599998
v 25.739227 -0.770117 0.595103
v 25.750034 -0.795814 0.580899
v 25.758612 -0.816207 0.558776
v 25.764120 -0.829300 0.530899
v 25.766016 -0.833812 0.499998
v 25.766016 -0.833812 -0.500002
v 25.764120 -0.829300 -0.530904
v 25.758612 -0.816207 -0.558781
v 25.750034 -0.795814 -0.580904
v 25.739227 -0.770117 -0.595108
v 25.727245 -0.741631 -0.600002
v 25.806568 -0.708878 0.599998
v 25.818098 -0.737550 0.595103
v 25.828501 -0.763415 0.580899
v 25.836754 -0.783941 0.558776
v 25.842054 -0.797120 0.530899
v 25.843880 -0.801661 0.499998
v 25.843880 -0.801661 -0.500002
v 25.842054 -0.797120 -0.530904
v 25.836754 -0.783941 -0.558781
v 25.828501 -0.763415 -0.580904
v 25.818098 -0.737550 -0.595108
v 25.806568 -0.708878 -0.600002
v 25.885048 -0.678158 0.599998
v 25.895964 -0.707071 0.595103
v 25.905809 -0.733153 0.580899
v 25.913622 -0.753852 0.558776
v 25.918638 -0.767142 0.530899
v 25.920368 -0.771721 0.499998
v 25.920368 -0.771721 -0.500002
v 25.918638 -0.767142 -0.530904
v 25.913622 -0.753852 -0.558781
v 25.905809 -0.733153 -0.580904
v 25.895964 -0.707071 -0.595108
v 25.885048 -0.678158 -0.600002
v 25.962568 -0.649967 0.599998
v 25.972685 -0.679170 0.595103
v 25.981810 -0.705514 0.580899
v 25.989050 -0.726422 0.558776
v 25.993700 -0.739845 0.530899
v 25.995302 -0.744470 0.499998
v 25.995302 -0.744470 -0.500002
v 25.993700 -0.739845 -0.530904
v 25.989050 -0.726422 -0.558781
v 25.981810 -0.705514 -0.580904
v 25.972685 -0.679170 -0.595108
v 25.962568 -0.649967 -0.600002
v 26.039009 -0.624798 0.599998
v 26.048119 -0.654332 0.595103
v 26.056335 -0.680975 0.580899
v 26.062859 -0.702120 0.558776
v 26.067045 -0.715695 0.530899
v 26.068487 -0.720373 0.499998
v 26.068487 -0.720373 -0.500002
v 26.067045 -0.715695 -0.530904
v 26.062859 -0.702120 -0.558781
v 26.056335 -0.680975 -0.580904
v 26.048119 -0.654332 -0.595108
v 26.039009 -0.624798 -0.600002
v 26.114246 -0.603141 0.599998
v 26.122116 -0.633032 0.595103
v 26.129213 -0.659998 0.580899
v 26.134848 -0.681398 0.558776
v 26.138464 -0.695137 0.530899
v 26.139711 -0.699871 0.499998
v 26.139711 -0.699871 -0.500002
v 26.138464 -0.695137 -0.530904
v 26.134848 -0.681398 -0.558781
v 26.129213 -0.659998 -0.580904
v 26.122116 -0.633032 -0.595108
v 26.114246 -0.603141 -0.600002
v 26.188156 -0.585481 0.599998
v 26.194517 -0.615732 0.595103
v 26.200256 -0.643022 0.580899
v 26.204813 -0.664680 0.558776
v 26.207737 -0.678585 0.530899
v 26.208744 -0.683376 0.499998
v 26.208744 -0.683376 -0.500002
v 26.207737 -0.678585 -0.530904
v 26.204813 -0.664680 -0.558781
v 26.200256 -0.643022 -0.580904
v 26.194517 -0.615732 -0.595108
v 26.188156 -0.585481 -0.600002
v 26.260609 -0.572294 0.599998
v 26.265165 -0.602874 0.595103
v 26.269276 -0.630461 0.580899
v 26.272539 -0.652354 0.558776
v 26.274633 -0.666410 0.530899
v 26.275354 -0.671253 0.499998
v 26.275354 -0.671253 -0.500002
v 26.274633 -0.666410 -0.530904
v 26.272539 -0.652354 -0.558781
v 26.269276 -0.630461 -0.580904
v 26.265165 -0.602874 -0.595108
v 26.260609 -0.572294 -0.600002
v 26.331486 -0.564049 0.599998
v 26.333908 -0.594877 0.595103
v 26.336096 -0.622688 0.580899
v 26.337831 -0.644758 0.558776
v 26.338945 -0.658928 0.530899
v 26.339329 -0.663811 0.499998
v 26.339329 -0.663811 -0.500002
v 26.338945 -0.658928 -0.530904
v 26.337831 -0.644758 -0.558781
v 26.336096 -0.622688 -0.580904
v 26.333908 -0.594877 -0.595108
v 26.331486 -0.564049 -0.600002
v 26.400608 -0.561205 0.599998
v 26.400469 -0.592138 0.595103
v 26.400341 -0.620044 0.580899
v 26.400240 -0.642190 0.558776
v 26.400175 -0.656409 0.530899
v 26.400154 -0.661308 0.499998
v 26.400154 -0.661308 -0.500002
v 26.400175 -0.656409 -0.530904
v 26.400240 -0.642190 -0.558781
v 26.400341 -0.620044 -0.580904
v 26.400469 -0.592138 -0.595108
v 26.400608 -0.561205 -0.600002
v 26.490847 -0.565740 0.599998
v 26.487801 -0.596528 0.595103
v 26.485052 -0.624302 0.580899
v 26.482870 -0.646343 0.558776
v 26.481470 -0.660495 0.530899
v 26.480988 -0.665371 0.499998
v 26.480988 -0.665371 -0.500002
v 26.481470 -0.660495 -0.530904
v 26.482870 -0.646343 -0.558781
v 26.485052 -0.624302 -0.580904
v 26.487801 -0.596528 -0.595108
v 26.490847 -0.565740 -0.600002
v 26.580046 -0.578953 0.599998
v 26.574146 -0.609319 0.595103
v 26.568827 -0.636711 0.580899
v 26.564604 -0.658451 0.558776
v 26.561893 -0.672408 0.530899
v 26.560959 -0.677217 0.499998
v 26.560959 -0.677217 -0.500002
v 26.561893 -0.672408 -0.530904
v 26.564604 -0.658451 -0.558781
v 26.568827 -0.636711 -0.580904
v 26.574146 -0.609319 -0.595108
v 26.580046 -0.578953 -0.600002
v 26.668537 -0.600293 0.599998
v 26.660078 -0.630040 0.595103
v 26.652447 -0.656876 0.580899
v 26.646391 -0.678173 0.558776
v 26.642504 -0.691847 0.530899
v 26.641163 -0.696558 0.499998
v 26.641163 -0.696558 -0.500002
v 26.642504 -0.691847 -0.530904
v 26.646391 -0.678173 -0.558781
v 26.652447 -0.656876 -0.580904
v 26.660078 -0.630040 -0.595108
v 26.668537 -0.600293 -0.600002
v 26.756529 -0.629204 0.599998
v 26.745834 -0.658217 0.595103
v 26.736187 -0.684390 0.580899
v 26.728531 -0.705162 0.558776
v 26.723614 -0.718497 0.530899
v 26.721920 -0.723093 0.499998
v 26.721920 -0.723093 -0.500002
v 26.723614 -0.718497 -0.530904
v 26.728531 -0.705162 -0.558781
v 26.736187 -0.684390 -0.580904
v 26.745834 -0.658217 -0.595108
v 26.756529 -0.629204 -0.600002
v 26.844210 -0.665129 0.599998
v 26.831608 -0.693361 0.595103
v 26.820240 -0.718829 0.580899
v 26.811218 -0.739041 0.558776
v 26.805428 -0.752018 0.530899
v 26.803431 -0.756489 0.499998
v 26.803431 -0.756489 -0.500002
v 26.805428 -0.752018 -0.530904
v 26.811218 -0.739041 -0.558781
v 26.820240 -0.718829 -0.580904
v 26.831608 -0.693361 -0.595108
v 26.844210 -0.665129 -0.600002
v 26.931749 -0.707498 0.599998
v 26.917553 -0.734958 0.595103
v 26.904747 -0.759730 0.580899
v 26.894583 -0.779390 0.558776
v 26.888058 -0.792011 0.530899
v 26.885809 -0.796361 0.499998
v 26.885809 -0.796361 -0.500002
v 26.888058 -0.792011 -0.530904
v 26.894583 -0.779390 -0.558781
v 26.904747 -0.759730 -0.580904
v 26.917553 -0.734958 -0.595108
v 26.931749 -0.707498 -0.600002
v 27.019316 -0.755735 0.599998
v 27.003809 -0.782473 0.595103
v 26.989820 -0.806593 0.580899
v 26.978718 -0.825735 0.558776
v 26.971590 -0.838026 0.530899
v 26.969135 -0.842260 0.499998
v 26.969135 -0.842260 -0.500002
v 26.971590 -0.838026 -0.530904
v 26.978718 -0.825735 -0.558781
v 26.989820 -0.806593 -0.580904
v 27.003809 -0.782473 -0.595108
v 27.019316 -0.755735 -0.600002
v 27.107073 -0.809250 0.599998
v 27.090508 -0.835342 0.595103
v 27.075562 -0.858881 0.580899
v 27.063704 -0.877560 0.558776
v 27.056087 -0.889554 0.530899
v 27.053465 -0.893686 0.499998
v 27.053465 -0.893686 -0.500002
v 27.056087 -0.889554 -0.530904
v 27.063704 -0.877560 -0.558781
v 27.075562 -0.858881 -0.580904
v 27.090508 -0.835342 -0.595108
v 27.107073 -0.809250 -0.600002
v 27.195181 -0.867451 0.599998
v 27.177778 -0.892990 0.595103
v 27.162077 -0.916029 0.580899
v 27.149618 -0.934312 0.558776
v 27.141619 -0.946051 0.530899
v 27.138863 -0.950096 0.499998
v 27.138863 -0.950096 -0.500002
v 27.141619 -0.946051 -0.530904
v 27.149618 -0.934312 -0.558781
v 27.162077 -0.916029 -0.580904
v 27.177778 -0.892990 -0.595108
v 27.195181 -0.867451 -0.600002
v 27.283810 -0.929738 0.599998
v 27.265760 -0.954824 0.595103
v 27.249479 -0.977454 0.580899
v 27.236559 -0.995414 0.558776
v 27.228264 -1.006945 0.530899
v 27.225405 -1.010918 0.499998
v 27.225405 -1.010918 -0.500002
v 27.228264 -1.006945 -0.530904
v 27.236559 -0.995414 -0.558781
v 27.249479 -0.977454 -0.580904
v 27.265760 -0.954824 -0.595108
v 27.283810 -0.929738 -0.600002
v 27.373127 -0.995509 0.599998
v 27.354605 -1.020246 0.595103
v 27.337896 -1.042562 0.580899
v 27.324636 -1.060271 0.558776
v 27.316122 -1.071642 0.530899
v 27.313189 -1.075559 0.499998
v 27.313189 -1.075559 -0.500002
v 27.316122 -1.071642 -0.530904
v 27.324636 -1.060271 -0.558781
v 27.337896 -1.042562 -0.580904
v 27.354605 -1.020246 -0.595108
v 27.373127 -0.995509 -0.600002
v 27.495501 -1.088669 0.599997
v 27.526402 -1.151031 0.595103
v 27.554279 -1.207289 0.580899
v 27.576403 -1.251935 0.558776
v 27.590605 -1.280600 0.530899
v 27.595501 -1.290478 0.499998
v 27.595501 -1.290478 -0.500003
v 27.590605 -1.280600 -0.530904
v 27.576403 -1.251935 -0.558781
v 27.554279 -1.207289 -0.580904
v 27.526402 -1.151031 -0.595108
v 27.495501 -1.088669 -0.600002
v 27.495501 -0.410519 0.599997
v 27.526402 -0.395746 0.595103
v 27.554279 -0.382419 0.580899
v 27.576403 -0.371842 0.558776
v 27.590605 -0.365052 0.530899
v 27.595501 -0.362712 0.499998
v 27.595501 -0.362712 -0.500003
v 27.590605 -0.365052 -0.530904
v 27.576403 -0.371843 -0.558781
v 27.554279 -0.382419 -0.580904
v 27.526402 -0.395746 -0.595108
v 27.495501 -0.410519 -0.600002
v 21.914984 1.929020 0.599998
v 21.884083 1.898118 0.595104
v 21.856205 1.870241 0.580900
v 21.834082 1.848118 0.558776
v 21.819880 1.833914 0.530900
v 21.814983 1.829020 0.499998
v 21.814983 1.829020 -0.500002
v 21.819880 1.833914 -0.530904
v 21.834082 1.848118 -0.558781
v 21.856205 1.870241 -0.580904
v 21.884083 1.898118 -0.595108
v 21.914984 1.929020 -0.600002
v 21.914984 0.409804 0.599998
v 21.884083 0.440706 0.595104
v 21.856205 0.468582 0.580900
v 21.834082 0.490706 0.558776
v 21.819880 0.504910 0.530900
v 21.814983 0.509804 0.499998
v 21.814983 0.509804 -0.500002
v 21.819880 0.504910 -0.530904
v 21.834082 0.490706 -0.558781
v 21.856205 0.468582 -0.580904
v 21.884083 0.440706 -0.595108
v 21.914984 0.409804 -0.600002
v 19.803232 0.409804 0.599998
v 19.772331 0.440706 0.595104
v 19.744453 0.468582 0.580900
v 19.722330 0.490706 0.558777
v 19.708128 0.504910 0.530900
v 19.703232 0.509804 0.499998
v 19.703232 0.509804 -0.500002
v 19.708128 0.504910 -0.530904
v 19.722330 0.490706 -0.558780
v 19.744453 0.468582 -0.580904
v 19.772331 0.440706 -0.595107
v 19.803232 0.409804 -0.600002
v 19.803232 -0.296269 0.599998
v 19.772331 -0.327171 0.595104
v 19.744453 -0.355047 0.580900
v 19.722330 -0.377171 0.558777
v 19.708128 -0.391374 0.530900
v 19.703232 -0.396269 0.499998
v 19.703232 -0.396269 -0.500002
v 19.708128 -0.391375 -0.530904
v 19.722330 -0.377171 -0.558780
v 19.744453 -0.355047 -0.580904
v 19.772331 -0.327171 -0.595107
v 19.803232 -0.296269 -0.600002
v 21.914984 -0.296269 0.599998
v 21.884083 -0.327171 0.595104
v 21.856205 -0.355047 0.580900
v 21.834082 -0.377171 0.558776
v 21.819880 -0.391374 0.530900
v 21.814983 -0.396269 0.499998
v 21.814983 -0.396269 -0.500002
v 21.819880 -0.391375 -0.530904
v 21.834082 -0.377171 -0.558781
v 21.856205 -0.355047 -0.580904
v 21.884083 -0.327171 -0.595108
v 21.914984 -0.296269 -0.600002
v 21.914984 -1.860899 0.599998
v 21.884083 -1.829997 0.595104
v 21.856205 -1.802120 0.580900
v 21.834082 -1.779997 0.558777
v 21.819880 -1.765793 0.530900
v 21.814983 -1.760899 0.499998
v 21.814983 -1.760899 -0.500002
v 21.819880 -1.765793 -0.530904
v 21.834082 -1.779997 -0.558780
v 21.856205 -1.802120 -0.580904
v 21.884083 -1.829997 -0.595108
v 21.914984 -1.860899 -0.600002
v 19.659420 -1.860899 0.599998
v 19.628519 -1.829997 0.595104
v 19.600641 -1.802120 0.580900
v 19.578518 -1.779997 0.558777
v 19.564316 -1.765793 0.530900
v 19.559420 -1.760899 0.499998
v 19.559420 -1.760899 -0.500002
v 19.564316 -1.765793 -0.530903
v 19.578518 -1.779997 -0.558780
v 19.600641 -1.802120 -0.580903
v 19.628519 -1.829997 -0.595107
v 19.659420 -1.860899 -0.600002
v 19.659420 -2.566972 0.599998
v 19.628519 -2.597873 0.595104
v 19.600641 -2.625750 0.580900
v 19.578518 -2.647873 0.558777
v 19.564316 -2.662077 0.530900
v 19.559420 -2.666971 0.499998
v 19.559420 -2.666971 -0.500002
v 19.564316 -2.662077 -0.530903
v 19.578518 -2.647873 -0.558780
v 19.600641 -2.625750 -0.580903
v 19.628519 -2.597873 -0.595107
v 19.659420 -2.566972 -0.600002
v 22.696749 -2.566972 0.599998
v 22.727650 -2.597873 0.595104
v 22.755527 -2.625750 0.580900
v 22.777651 -2.647873 0.558777
v 22.791853 -2.662077 0.530900
v 22.796749 -2.666971 0.499998
v 22.796749 -2.666971 -0.500002
v 22.791853 -2.662077 -0.530904
v 22.777651 -2.647873 -0.558780
v 22.755527 -2.625750 -0.580904
v 22.727650 -2.597873 -0.595108
v 22.696749 -2.566972 -0.600002
v 22.696749 2.635092 0.599998
v 22.727650 2.665994 0.595103
v 22.755527 2.693871 0.580899
v 22.777651 2.715994 0.558776
v 22.791853 2.730198 0.530899
v 22.796749 2.735092 0.499998
v 22.796749 2.735092 -0.500002
v 22.791853 2.730198 -0.530904
v 22.777651 2.715994 -0.558781
v 22.755527 2.693871 -0.580904
v 22.727650 2.665994 -0.595108
v 22.696749 2.635092 -0.600002
v 19.727541 2.635092 0.599998
v 19.696640 2.665994 0.595104
v 19.668762 2.693871 0.580900
v 19.646639 2.715994 0.558777
v 19.632437 2.730198 0.530900
v 19.627541 2.735092 0.499998
v 19.627541 2.735092 -0.500002
v 19.632437 2.730198 -0.530904
v 19.646639 2.715994 -0.558780
v 19.668762 2.693871 -0.580904
v 19.696640 2.665994 -0.595108
v 19.727541 2.635092 -0.600002
v 19.727541 1.929020 0.599998
v 19.696640 1.898118 0.595104
v 19.668762 1.870241 0.580900
v 19.646639 1.848118 0.558777
v 19.632437 1.833914 0.530900
v 19.627541 1.829020 0.499998
v 19.627541 1.829020 -0.500002
v 19.632437 1.833914 -0.530904
v 19.646639 1.848118 -0.558780
v 19.668762 1.870241 -0.580904
v 19.696640 1.898118 -0.595108
v 19.727541 1.929020 -0.600002
v 14.761115 -2.566972 0.599999
v 14.775206 -2.597873 0.595104
v 14.787917 -2.625750 0.580900
v 14.798004 -2.647873 0.558777
v 14.804482 -2.662077 0.530900
v 14.806713 -2.666971 0.499999
v 14.806713 -2.666971 -0.500001
v 14.804482 -2.662077 -0.530903
v 14.798004 -2.647873 -0.558780
v 14.787917 -2.625750 -0.580903
v 14.775206 -2.597873 -0.595107
v 14.761115 -2.566972 -0.600001
v 18.183462 1.373232 0.599998
v 18.152561 1.290531 0.595104
v 18.124683 1.215925 0.580900
v 18.102560 1.156717 0.558777
v 18.088358 1.118703 0.530900
v 18.083462 1.105604 0.499998
v 18.083462 1.105604 -0.500002
v 18.088358 1.118703 -0.530903
v 18.102560 1.156717 -0.558780
v 18.124683 1.215925 -0.580903
v 18.152561 1.290531 -0.595107
v 18.183462 1.373232 -0.600002
v 18.183462 -2.566972 0.599998
v 18.152561 -2.597873 0.595104
v 18.124683 -2.625750 0.580900
v 18.102560 -2.647873 0.558777
v 18.088358 -2.662077 0.530900
v 18.083462 -2.666971 0.499998
v 18.083462 -2.666971 -0.500002
v 18.088358 -2.662077 -0.530903
v 18.102560 -2.647873 -0.558780
v 18.124683 -2.625750 -0.580903
v 18.152561 -2.597873 -0.595107
v 18.183462 -2.566972 -0.600002
v 18.919813 -2.566972 0.599998
v 18.950714 -2.597873 0.595104
v 18.978592 -2.625750 0.580900
v 19.000715 -2.647873 0.558777
v 19.014917 -2.662077 0.530900
v 19.019814 -2.666971 0.499998
v 19.019814 -2.666971 -0.500002
v 19.014917 -2.662077 -0.530903
v 19.000715 -2.647873 -0.558780
v 18.978592 -2.625750 -0.580903
v 18.950714 -2.597873 -0.595107
v 18.919813 -2.566972 -0.600002
v 18.919813 2.635092 0.599998
v 18.950714 2.665994 0.595104
v 18.978592 2.693871 0.580900
v 19.000715 2.715994 0.558777
v 19.014917 2.730198 0.530900
v 19.019814 2.735092 0.499998
v 19.019814 2.735092 -0.500002
v 19.014917 2.730198 -0.530904
v 19.000715 2.715994 -0.558780
v 18.978592 2.693871 -0.580904
v 18.950714 2.665994 -0.595108
v 18.919813 2.635092 -0.600002
v 18.300356 2.635092 0.599998
v 18.286333 2.665994 0.595104
v 18.273684 2.693871 0.580900
v 18.263645 2.715994 0.558777
v 18.257200 2.730198 0.530900
v 18.254978 2.735092 0.499998
v 18.254978 2.735092 -0.500002
v 18.257200 2.730198 -0.530904
v 18.263645 2.715994 -0.558780
v 18.273684 2.693871 -0.580904
v 18.286333 2.665994 -0.595107
v 18.300356 2.635092 -0.600002
v 14.832548 -1.328115 0.599999
v 14.863449 -1.245872 0.595104
v 14.891326 -1.171679 0.580900
v 14.913449 -1.112800 0.558777
v 14.927653 -1.074996 0.530900
v 14.932548 -1.061970 0.499999
v 14.932548 -1.061970 -0.500001
v 14.927653 -1.074996 -0.530903
v 14.913449 -1.112800 -0.558780
v 14.891326 -1.171679 -0.580903
v 14.863449 -1.245872 -0.595107
v 14.832548 -1.328115 -0.600001
v 14.832548 2.635092 0.599998
v 14.863449 2.665994 0.595104
v 14.891326 2.693871 0.580900
v 14.913449 2.715994 0.558777
v 14.927653 2.730198 0.530900
v 14.932548 2.735092 0.499998
v 14.932548 2.735092 -0.500002
v 14.927653 2.730198 -0.530903
v 14.913449 2.715994 -0.558780
v 14.891326 2.693871 -0.580903
v 14.863449 2.665994 -0.595107
v 14.832548 2.635092 -0.600002
v 14.096199 2.635092 0.599998
v 14.065297 2.665994 0.595104
v 14.037420 2.693871 0.580900
v 14.015297 2.715994 0.558777
v 14.001093 2.730198 0.530900
v 13.996199 2.735092 0.499999
v 13.996199 2.735092 -0.500001
v 14.001093 2.730198 -0.530903
v 14.015297 2.715994 -0.558780
v 14.037420 2.693871 -0.580903
v 14.065297 2.665994 -0.595107
v 14.096199 2.635092 -0.600001
v 14.096199 -2.566972 0.599999
v 14.065297 -2.597873 0.595104
v 14.037420 -2.625750 0.580900
v 14.015297 -2.647873 0.558777
v 14.001093 -2.662077 0.530900
v 13.996199 -2.666971 0.499999
v 13.996199 -2.666971 -0.500001
v 14.001093 -2.662077 -0.530903
v 14.015297 -2.647873 -0.558780
v 14.037420 -2.625750 -0.580903
v 14.065297 -2.597873 -0.595107
v 14.096199 -2.566972 -0.600001
v 12.219086 1.929020 0.599999
v 12.188184 1.898118 0.595104
v 12.160307 1.870241 0.580900
v 12.138184 1.848118 0.558777
v 12.123980 1.833914 0.530900
v 12.119085 1.829020 0.499999
v 12.119085 1.829020 -0.500001
v 12.123980 1.833914 -0.530903
v 12.138184 1.848118 -0.558780
v 12.160307 1.870241 -0.580903
v 12.188184 1.898118 -0.595107
v 12.219086 1.929020 -0.600001
v 12.219086 0.409804 0.599999
v 12.188184 0.440706 0.595104
v 12.160307 0.468582 0.580900
v 12.138184 0.490706 0.558777
v 12.123980 0.504910 0.530900
v 12.119085 0.509804 0.499999
v 12.119085 0.509804 -0.500001
v 12.123980 0.504910 -0.530903
v 12.138184 0.490706 -0.558780
v 12.160307 0.468582 -0.580903
v 12.188184 0.440706 -0.595107
v 12.219086 0.409804 -0.600001
v 10.107332 0.409804 0.599999
v 10.076430 0.440706 0.595105
v 10.048553 0.468582 0.580901
v 10.026430 0.490706 0.558778
v 10.012226 0.504910 0.530901
v 10.007332 0.509804 0.499999
v 10.007332 0.509804 -0.500001
v 10.012226 0.504910 -0.530903
v 10.026430 0.490706 -0.558780
v 10.048553 0.468582 -0.580903
v 10.076430 0.440706 -0.595107
v 10.107332 0.409804 -0.600001
v 10.107332 -0.296269 0.599999
v 10.076430 -0.327171 0.595105
v 10.048553 -0.355047 0.580901
v 10.026430 -0.377171 0.558778
v 10.012226 -0.391374 0.530901
v 10.007332 -0.396269 0.499999
v 10.007332 -0.396269 -0.500001
v 10.012226 -0.391375 -0.530903
v 10.026430 -0.377171 -0.558779
v 10.048553 -0.355047 -0.580903
v 10.076430 -0.327171 -0.595107
v 10.107332 -0.296269 -0.600001
v 12.219086 -0.296269 0.599999
v 12.188184 -0.327171 0.595104
v 12.160307 -0.355047 0.580900
v 12.138184 -0.377171 0.558777
v 12.123980 -0.391374 0.530901
v 12.119085 -0.396269 0.499999
v 12.119085 -0.396269 -0.500001
v 12.123980 -0.391375 -0.530903
v 12.138184 -0.377171 -0.558780
v 12.160307 -0.355047 -0.580903
v 12.188184 -0.327171 -0.595107
v 12.219086 -0.296269 -0.600001
v 12.219086 -1.860899 0.599999
v 12.188184 -1.829997 0.595105
v 12.160307 -1.802120 0.580901
v 12.138184 -1.779997 0.558777
v 12.123980 -1.765793 0.530901
v 12.119085 -1.760899 0.499999
v 12.119085 -1.760899 -0.500001
v 12.123980 -1.765793 -0.530903
v 12.138184 -1.779997 -0.558780
v 12.160307 -1.802120 -0.580903
v 12.188184 -1.829997 -0.595107
v 12.219086 -1.860899 -0.600001
v 9.963520 -1.860899 0.599999
v 9.932619 -1.829997 0.595105
v 9.904742 -1.802120 0.580901
v 9.882619 -1.779997 0.558778
v 9.868415 -1.765793 0.530901
v 9.863521 -1.760899 0.499999
v 9.863521 -1.760899 -0.500001
v 9.868415 -1.765793 -0.530903
v 9.882619 -1.779997 -0.558779
v 9.904742 -1.802120 -0.580903
v 9.932619 -1.829997 -0.595107
v 9.963520 -1.860899 -0.600001
v 9.963520 -2.566972 0.599999
v 9.932619 -2.597873 0.595105
v 9.904742 -2.625750 0.580901
v 9.882619 -2.647873 0.558778
v 9.868415 -2.662077 0.530901
v 9.863521 -2.666971 0.499999
v 9.863521 -2.666971 -0.500001
v 9.868415 -2.662077 -0.530903
v 9.882619 -2.647873 -0.558779
v 9.904742 -2.625750 -0.580903
v 9.932619 -2.597873 -0.595107
v 9.963520 -2.566972 -0.600001
v 13.000847 -2.566972 0.599999
v 13.031749 -2.597873 0.595105
v 13.059626 -2.625750 0.580901
v 13.081749 -2.647873 0.558777
v 13.095953 -2.662077 0.530901
v 13.100847 -2.666971 0.499999
v 13.100847 -2.666971 -0.500001
v 13.095953 -2.662077 -0.530903
v 13.081749 -2.647873 -0.558780
v 13.059626 -2.625750 -0.580903
v 13.031749 -2.597873 -0.595107
v 13.000847 -2.566972 -0.600001
v 13.000847 2.635092 0.599999
v 13.031749 2.665994 0.595104
v 13.059626 2.693871 0.580900
v 13.081749 2.715994 0.558777
v 13.095953 2.730198 0.530900
v 13.100847 2.735092 0.499999
v 13.100847 2.735092 -0.500001
v 13.095953 2.730198 -0.530903
v 13.081749 2.715994 -0.558780
v 13.059626 2.693871 -0.580903
v 13.031749 2.665994 -0.595107
v 13.000847 2.635092 -0.600001
v 10.031641 2.635092 0.599999
v 10.000740 2.665994 0.595105
v 9.972863 2.693871 0.580901
v 9.950740 2.715994 0.558777
v 9.936536 2.730198 0.530901
v 9.931642 2.735092 0.499999
v 9.931642 2.735092 -0.500001
v 9.936536 2.730198 -0.530903
v 9.950740 2.715994 -0.558780
v 9.972863 2.693871 -0.580903
v 10.000740 2.665994 -0.595107
v 10.031641 2.635092 -0.600001
v 10.031641 1.929020 0.599999
v 10.000740 1.898118 0.595105
v 9.972863 1.870241 0.580901
v 9.950740 1.848118 0.558777
v 9.936536 1.833914 0.530901
v 9.931642 1.829020 0.499999
v 9.931642 1.829020 -0.500001
v 9.936536 1.833914 -0.530903
v 9.950740 1.848118 -0.558780
v 9.972863 1.870241 -0.580903
v 10.000740 1.898118 -0.595107
v 10.031641 1.929020 -0.600001
v 5.159356 -2.566972 0.599999
v 5.190258 -2.597873 0.595105
v 5.218134 -2.625750 0.580901
v 5.240257 -2.647873 0.558778
v 5.254461 -2.662077 0.530901
v 5.259356 -2.666971 0.500000
v 5.259356 -2.666971 -0.500000
v 5.254461 -2.662077 -0.530902
v 5.240257 -2.647873 -0.558779
v 5.218134 -2.625750 -0.580902
v 5.190258 -2.597873 -0.595106
v 5.159356 -2.566972 -0.600000
v 5.159356 1.452172 0.599999
v 5.190258 1.421270 0.595105
v 5.218134 1.393394 0.580901
v 5.240257 1.371270 0.558778
v 5.254461 1.357067 0.530901
v 5.259356 1.352172 0.499999
v 5.259356 1.352172 -0.500001
v 5.254461 1.357067 -0.530902
v 5.240257 1.371270 -0.558779
v 5.218134 1.393394 -0.580902
v 5.190258 1.421270 -0.595106
v 5.159356 1.452172 -0.600001
v 5.144846 1.452172 0.599999
v 5.129941 1.421270 0.595105
v 5.116496 1.393394 0.580901
v 5.105825 1.371270 0.558778
v 5.098974 1.357067 0.530901
v 5.096613 1.352172 0.499999
v 5.096613 1.352172 -0.500001
v 5.098974 1.357067 -0.530902
v 5.105825 1.371270 -0.558779
v 5.116496 1.393394 -0.580902
v 5.129941 1.421270 -0.595106
v 5.144846 1.452172 -0.600001
v 6.734338 -0.546046 0.599999
v 6.719433 -0.576948 0.595105
v 6.705987 -0.604825 0.580901
v 6.695316 -0.626948 0.558778
v 6.688465 -0.641152 0.530901
v 6.686104 -0.646046 0.499999
v 6.686104 -0.646046 -0.500001
v 6.688465 -0.641152 -0.530902
v 6.695316 -0.626948 -0.558779
v 6.705987 -0.604825 -0.580902
v 6.719433 -0.576948 -0.595106
v 6.734338 -0.546046 -0.600001
v 6.874736 -0.546046 0.599999
v 6.889641 -0.576948 0.595105
v 6.903087 -0.604825 0.580901
v 6.913758 -0.626948 0.558778
v 6.920609 -0.641152 0.530901
v 6.922970 -0.646046 0.499999
v 6.922970 -0.646046 -0.500001
v 6.920609 -0.641152 -0.530902
v 6.913758 -0.626948 -0.558779
v 6.903087 -0.604825 -0.580902
v 6.889641 -0.576948 -0.595106
v 6.874736 -0.546046 -0.600001
v 8.464228 1.452172 0.599999
v 8.479133 1.421270 0.595105
v 8.492579 1.393394 0.580901
v 8.503250 1.371270 0.558778
v 8.510100 1.357067 0.530901
v 8.512462 1.352172 0.499999
v 8.512462 1.352172 -0.500001
v 8.510100 1.357067 -0.530903
v 8.503250 1.371270 -0.558779
v 8.492579 1.393394 -0.580903
v 8.479133 1.421270 -0.595107
v 8.464228 1.452172 -0.600001
v 8.449718 1.452172 0.599999
v 8.418818 1.421270 0.595105
v 8.390941 1.393394 0.580901
v 8.368817 1.371270 0.558778
v 8.354613 1.357067 0.530901
v 8.349719 1.352172 0.499999
v 8.349719 1.352172 -0.500001
v 8.354613 1.357067 -0.530903
v 8.368817 1.371270 -0.558779
v 8.390941 1.393394 -0.580903
v 8.418818 1.421270 -0.595107
v 8.449718 1.452172 -0.600001
v 8.449718 -2.566972 0.599999
v 8.418818 -2.597873 0.595105
v 8.390941 -2.625750 0.580901
v 8.368817 -2.647873 0.558778
v 8.354613 -2.662077 0.530901
v 8.349719 -2.666971 0.499999
v 8.349719 -2.666971 -0.500001
v 8.354613 -2.662077 -0.530902
v 8.368817 -2.647873 -0.558779
v 8.390941 -2.625750 -0.580902
v 8.418818 -2.597873 -0.595106
v 8.449718 -2.566972 -0.600001
v 9.231482 -2.566972 0.599999
v 9.262383 -2.597873 0.595105
v 9.290260 -2.625750 0.580901
v 9.312384 -2.647873 0.558778
v 9.326588 -2.662077 0.530901
v 9.331482 -2.666971 0.499999
v 9.331482 -2.666971 -0.500001
v 9.326588 -2.662077 -0.530903
v 9.312384 -2.647873 -0.558779
v 9.290260 -2.625750 -0.580903
v 9.262383 -2.597873 -0.595106
v 9.231482 -2.566972 -0.600001
v 9.231482 2.635092 0.599999
v 9.262383 2.665994 0.595105
v 9.290260 2.693871 0.580901
v 9.312384 2.715994 0.558777
v 9.326588 2.730198 0.530901
v 9.331482 2.735092 0.499999
v 9.331482 2.735092 -0.500001
v 9.326588 2.730198 -0.530903
v 9.312384 2.715994 -0.558780
v 9.290260 2.693871 -0.580903
v 9.262383 2.665994 -0.595107
v 9.231482 2.635092 -0.600001
v 8.505575 2.635092 0.599999
v 8.490805 2.665994 0.595105
v 8.477481 2.693871 0.580901
v 8.466908 2.715994 0.558778
v 8.460118 2.730198 0.530901
v 8.457779 2.735092 0.499999
v 8.457779 2.735092 -0.500001
v 8.460118 2.730198 -0.530903
v 8.466908 2.715994 -0.558779
v 8.477481 2.693871 -0.580903
v 8.490805 2.665994 -0.595107
v 8.505575 2.635092 -0.600001
v 6.804503 0.527571 0.599999
v 6.804450 0.576705 0.595105
v 6.804402 0.621030 0.580901
v 6.804364 0.656207 0.558778
v 6.804340 0.678792 0.530901
v 6.804331 0.686574 0.499999
v 6.804331 0.686574 -0.500001
v 6.804340 0.678792 -0.530902
v 6.804364 0.656207 -0.558779
v 6.804402 0.621030 -0.580902
v 6.804450 0.576705 -0.595106
v 6.804503 0.527571 -0.600001
v 5.095905 2.635092 0.599999
v 5.110634 2.665994 0.595105
v 5.123920 2.693871 0.580901
v 5.134465 2.715994 0.558778
v 5.141235 2.730198 0.530901
v 5.143568 2.735092 0.499999
v 5.143568 2.735092 -0.500001
v 5.141235 2.730198 -0.530902
v 5.134465 2.715994 -0.558779
v 5.123920 2.693871 -0.580902
v 5.110634 2.665994 -0.595106
v 5.095905 2.635092 -0.600001
v 4.377592 2.635092 0.599999
v 4.346690 2.665994 0.595105
v 4.318814 2.693871 0.580901
v 4.296690 2.715994 0.558778
v 4.282486 2.730198 0.530901
v 4.277592 2.735092 0.499999
v 4.277592 2.735092 -0.500001
v 4.282486 2.730198 -0.530902
v 4.296690 2.715994 -0.558779
v 4.318814 2.693871 -0.580902
v 4.346690 2.665994 -0.595106
v 4.377592 2.635092 -0.600001
v 4.377592 -2.566972 0.600000
v 4.346690 -2.597873 0.595105
v 4.318814 -2.625750 0.580901
v 4.296690 -2.647873 0.558778
v 4.282486 -2.662077 0.530901
v 4.277592 -2.666971 0.500000
v 4.277592 -2.666971 -0.500000
v 4.282486 -2.662077 -0.530902
v 4.296690 -2.647873 -0.558779
v 4.318814 -2.625750 -0.580902
v 4.346690 -2.597873 -0.595106
v 4.377592 -2.566972 -0.600000
v -0.760207 2.635092 0.600000
v -0.823786 2.665994 0.595105
v -0.881141 2.693871 0.580902
v -0.926659 2.715994 0.558778
v -0.955883 2.730198 0.530901
v -0.965953 2.735092 0.500000
v -0.965953 2.735092 -0.500000
v -0.955883 2.730198 -0.530902
v -0.926659 2.715994 -0.558779
v -0.881141 2.693871 -0.580902
v -0.823786 2.665994 -0.595106
v -0.760207 2.635092 -0.600000
v 1.175902 0.170954 0.600000
v 1.145000 0.160267 0.595105
v 1.117123 0.150625 0.580901
v 1.095000 0.142974 0.558778
v 1.080796 0.138061 0.530901
v 1.075902 0.136368 0.500000
v 1.075902 0.136368 -0.500000
v 1.080796 0.138061 -0.530902
v 1.095000 0.142973 -0.558779
v 1.117123 0.150625 -0.580902
v 1.145000 0.160267 -0.595106
v 1.175902 0.170954 -0.600000
v 1.175902 -2.566972 0.600000
v 1.145000 -2.597873 0.595106
v 1.117123 -2.625750 0.580902
v 1.095000 -2.647873 0.558778
v 1.080796 -2.662077 0.530902
v 1.075902 -2.666971 0.500000
v 1.075902 -2.666971 -0.500000
v 1.080796 -2.662077 -0.530902
v 1.095000 -2.647873 -0.558779
v 1.117123 -2.625750 -0.580902
v 1.145000 -2.597873 -0.595106
v 1.175902 -2.566972 -0.600000
v 1.957665 -2.566972 0.600000
v 1.988566 -2.597873 0.595105
v 2.016443 -2.625750 0.580902
v 2.038566 -2.647873 0.558778
v 2.052770 -2.662077 0.530901
v 2.057665 -2.666971 0.500000
v 2.057665 -2.666971 -0.500000
v 2.052770 -2.662077 -0.530902
v 2.038566 -2.647873 -0.558779
v 2.016443 -2.625750 -0.580902
v 1.988566 -2.597873 -0.595106
v 1.957665 -2.566972 -0.600000
v 1.957665 0.178507 0.600000
v 1.988566 0.167793 0.595105
v 2.016443 0.158128 0.580901
v 2.038566 0.150457 0.558778
v 2.052770 0.145533 0.530901
v 2.057665 0.143836 0.500000
v 2.057665 0.143836 -0.500000
v 2.052770 0.145533 -0.530902
v 2.038566 0.150457 -0.558779
v 2.016443 0.158128 -0.580902
v 1.988566 0.167793 -0.595106
v 1.957665 0.178507 -0.600000
v 3.893852 2.635092 0.599999
v 3.957554 2.665994 0.595105
v 4.015020 2.693871 0.580901
v 4.060625 2.715994 0.558778
v 4.089906 2.730198 0.530901
v 4.099995 2.735092 0.499999
v 4.099995 2.735092 -0.500001
v 4.089906 2.730198 -0.530902
v 4.060625 2.715994 -0.558779
v 4.015020 2.693871 -0.580902
v 3.957554 2.665994 -0.595106
v 3.893852 2.635092 -0.600001
v 2.949707 2.635092 0.599999
v 2.934604 2.665994 0.595105
v 2.920980 2.693871 0.580901
v 2.910168 2.715994 0.558778
v 2.903227 2.730198 0.530901
v 2.900835 2.735092 0.500000
v 2.900835 2.735092 -0.500000
v 2.903227 2.730198 -0.530902
v 2.910168 2.715994 -0.558779
v 2.920980 2.693871 -0.580902
v 2.934604 2.665994 -0.595106
v 2.949707 2.635092 -0.600000
v 1.574267 0.868817 0.600000
v 1.574134 0.918943 0.595105
v 1.574015 0.964162 0.580901
v 1.573920 1.000048 0.558778
v 1.573860 1.023088 0.530901
v 1.573839 1.031027 0.500000
v 1.573839 1.031027 -0.500000
v 1.573860 1.023088 -0.530902
v 1.573920 1.000048 -0.558779
v 1.574015 0.964162 -0.580902
v 1.574134 0.918943 -0.595106
v 1.574267 0.868817 -0.600000
v 0.183795 2.635092 0.600000
v 0.198796 2.665994 0.595105
v 0.212329 2.693871 0.580901
v 0.223069 2.715994 0.558778
v 0.229964 2.730198 0.530901
v 0.232340 2.735092 0.500000
v 0.232340 2.735092 -0.500000
v 0.229964 2.730198 -0.530902
v 0.223069 2.715994 -0.558779
v 0.212329 2.693871 -0.580902
v 0.198796 2.665994 -0.595106
v 0.183795 2.635092 -0.600000
v -5.499964 1.929020 0.600000
v -5.530866 1.898118 0.595106
v -5.558742 1.870241 0.580902
v -5.580865 1.848118 0.558779
v -5.595069 1.833914 0.530902
v -5.599964 1.829020 0.500000
v -5.599964 1.829020 -0.500000
v -5.595069 1.833914 -0.530901
v -5.580865 1.848118 -0.558778
v -5.558742 1.870241 -0.580901
v -5.530866 1.898118 -0.595105
v -5.499964 1.929020 -0.600000
v -5.499964 -2.566972 0.600000
v -5.530866 -2.597873 0.595106
v -5.558742 -2.625750 0.580902
v -5.580865 -2.647873 0.558779
v -5.595069 -2.662077 0.530902
v -5.599964 -2.666971 0.500000
v -5.599964 -2.666971 -0.499999
v -5.595069 -2.662077 -0.530901
v -5.580865 -2.647873 -0.558778
v -5.558742 -2.625750 -0.580901
v -5.530866 -2.597873 -0.595105
v -5.499964 -2.566972 -0.599999
v -4.718202 -2.566972 0.600000
v -4.687300 -2.597873 0.595106
v -4.659423 -2.625750 0.580902
v -4.637300 -2.647873 0.558779
v -4.623096 -2.662077 0.530902
v -4.618202 -2.666971 0.500000
v -4.618202 -2.666971 -0.500000
v -4.623096 -2.662077 -0.530901
v -4.637300 -2.647873 -0.558778
v -4.659423 -2.625750 -0.580901
v -4.687300 -2.597873 -0.595105
v -4.718202 -2.566972 -0.600000
v -4.718202 1.929020 0.600000
v -4.687300 1.898118 0.595106
v -4.659423 1.870241 0.580902
v -4.637300 1.848118 0.558779
v -4.623096 1.833914 0.530902
v -4.618202 1.829020 0.500000
v -4.618202 1.829020 -0.500000
v -4.623096 1.833914 -0.530901
v -4.637300 1.848118 -0.558778
v -4.659423 1.870241 -0.580902
v -4.687300 1.898118 -0.595105
v -4.718202 1.929020 -0.600000
v -2.931915 1.929020 0.600000
v -2.901013 1.898118 0.595106
v -2.873137 1.870241 0.580902
v -2.851013 1.848118 0.558779
v -2.836809 1.833914 0.530902
v -2.831915 1.829020 0.500000
v -2.831915 1.829020 -0.500000
v -2.836809 1.833914 -0.530902
v -2.851013 1.848118 -0.558778
v -2.873137 1.870241 -0.580902
v -2.901013 1.898118 -0.595106
v -2.931915 1.929020 -0.600000
v -2.931915 2.635092 0.600000
v -2.901013 2.665994 0.595106
v -2.873137 2.693871 0.580902
v -2.851013 2.715994 0.558779
v -2.836809 2.730198 0.530902
v -2.831915 2.735092 0.500000
v -2.831915 2.735092 -0.500000
v -2.836809 2.730198 -0.530902
v -2.851013 2.715994 -0.558779
v -2.873137 2.693871 -0.580902
v -2.901013 2.665994 -0.595106
v -2.931915 2.635092 -0.600000
v -7.286250 2.635092 0.600000
v -7.317152 2.665994 0.595106
v -7.345028 2.693871 0.580902
v -7.367152 2.715994 0.558779
v -7.381356 2.730198 0.530902
v -7.386250 2.735092 0.500000
v -7.386250 2.735092 -0.500000
v -7.381356 2.730198 -0.530901
v -7.367152 2.715994 -0.558778
v -7.345028 2.693871 -0.580901
v -7.317152 2.665994 -0.595105
v -7.286250 2.635092 -0.600000
v -7.286250 1.929020 0.600000
v -7.317152 1.898118 0.595106
v -7.345028 1.870241 0.580902
v -7.367152 1.848118 0.558779
v -7.381356 1.833914 0.530902
v -7.386250 1.829020 0.500000
v -7.386250 1.829020 -0.500000
v -7.381356 1.833914 -0.530901
v -7.367152 1.848118 -0.558778
v -7.345028 1.870241 -0.580901
v -7.317152 1.898118 -0.595105
v -7.286250 1.929020 -0.600000
v -12.303776 -0.827410 0.600001
v -12.334548 -0.830729 0.595107
v -12.362308 -0.833722 0.580903
v -12.384338 -0.836098 0.558780
v -12.398482 -0.837623 0.530903
v -12.403356 -0.838148 0.500001
v -12.403356 -0.838148 -0.499999
v -12.398482 -0.837623 -0.530901
v -12.384338 -0.836098 -0.558778
v -12.362308 -0.833722 -0.580901
v -12.334548 -0.830729 -0.595105
v -12.303776 -0.827410 -0.599999
v -12.255992 -1.117168 0.600001
v -12.286167 -1.124103 0.595107
v -12.313389 -1.130359 0.580903
v -12.334991 -1.135323 0.558780
v -12.348862 -1.138511 0.530903
v -12.353642 -1.139609 0.500001
v -12.353642 -1.139609 -0.499999
v -12.348862 -1.138511 -0.530901
v -12.334991 -1.135323 -0.558778
v -12.313389 -1.130359 -0.580901
v -12.286167 -1.124103 -0.595105
v -12.255992 -1.117168 -0.599999
v -12.176150 -1.386340 0.600001
v -12.205173 -1.397166 0.595107
v -12.231353 -1.406932 0.580903
v -12.252130 -1.414682 0.558780
v -12.265470 -1.419658 0.530903
v -12.270066 -1.421372 0.500001
v -12.270066 -1.421372 -0.499999
v -12.265470 -1.419658 -0.530901
v -12.252130 -1.414682 -0.558778
v -12.231353 -1.406932 -0.580901
v -12.205173 -1.397166 -0.595105
v -12.176150 -1.386340 -0.599999
v -12.064103 -1.633441 0.600001
v -12.091302 -1.648286 0.595107
v -12.115839 -1.661678 0.580903
v -12.135311 -1.672306 0.558780
v -12.147813 -1.679129 0.530903
v -12.152121 -1.681481 0.500001
v -12.152121 -1.681481 -0.499999
v -12.147813 -1.679129 -0.530901
v -12.135311 -1.672306 -0.558778
v -12.115839 -1.661678 -0.580901
v -12.091302 -1.648286 -0.595105
v -12.064103 -1.633441 -0.599999
v -11.919741 -1.856934 0.600001
v -11.944402 -1.875708 0.595107
v -11.966649 -1.892644 0.580903
v -11.984304 -1.906085 0.558780
v -11.995640 -1.914714 0.530903
v -11.999546 -1.917688 0.500001
v -11.999546 -1.917688 -0.499999
v -11.995640 -1.914714 -0.530901
v -11.984304 -1.906085 -0.558778
v -11.966649 -1.892644 -0.580901
v -11.944402 -1.875708 -0.595105
v -11.919741 -1.856934 -0.599999
v -11.743024 -2.055263 0.600001
v -11.764493 -2.077618 0.595107
v -11.783861 -2.097785 0.580903
v -11.799232 -2.113790 0.558780
v -11.809100 -2.124065 0.530903
v -11.812501 -2.127606 0.500001
v -11.812501 -2.127606 -0.499999
v -11.809100 -2.124065 -0.530901
v -11.799232 -2.113790 -0.558778
v -11.783861 -2.097785 -0.580901
v -11.764493 -2.077618 -0.595105
v -11.743024 -2.055263 -0.599999
v -11.533986 -2.226888 0.600001
v -11.551788 -2.252255 0.595107
v -11.567847 -2.275139 0.580903
v -11.580592 -2.293299 0.558780
v -11.588775 -2.304959 0.530903
v -11.591595 -2.308977 0.500001
v -11.591595 -2.308977 -0.499999
v -11.588775 -2.304959 -0.530901
v -11.580592 -2.293299 -0.558778
v -11.567847 -2.275139 -0.580901
v -11.551788 -2.252255 -0.595105
v -11.533986 -2.226888 -0.599999
v -11.292712 -2.370337 0.600001
v -11.306619 -2.398020 0.595107
v -11.319163 -2.422993 0.580903
v -11.329119 -2.442812 0.558779
v -11.335511 -2.455536 0.530903
v -11.337713 -2.459921 0.500001
v -11.337713 -2.459921 -0.499999
v -11.335511 -2.455536 -0.530901
v -11.329119 -2.442812 -0.558778
v -11.319163 -2.422993 -0.580901
v -11.306619 -2.398020 -0.595105
v -11.292712 -2.370337 -0.599999
v -11.019283 -2.484211 0.600001
v -11.029315 -2.513508 0.595107
v -11.038363 -2.539937 0.580903
v -11.045545 -2.560911 0.558779
v -11.050156 -2.574378 0.530903
v -11.051744 -2.579018 0.500001
v -11.051744 -2.579018 -0.499999
v -11.050156 -2.574378 -0.530901
v -11.045545 -2.560911 -0.558778
v -11.038363 -2.539937 -0.580901
v -11.029315 -2.513508 -0.595105
v -11.019283 -2.484211 -0.599999
v -10.713744 -2.567173 0.600001
v -10.720110 -2.597465 0.595107
v -10.725853 -2.624791 0.580903
v -10.730411 -2.646478 0.558779
v -10.733336 -2.660402 0.530903
v -10.734345 -2.665200 0.500001
v -10.734345 -2.665200 -0.499999
v -10.733336 -2.660402 -0.530901
v -10.730411 -2.646478 -0.558778
v -10.725853 -2.624791 -0.580901
v -10.720110 -2.597465 -0.595105
v -10.713744 -2.567173 -0.599999
v -10.376086 -2.617910 0.600001
v -10.379107 -2.648704 0.595107
v -10.381834 -2.676484 0.580903
v -10.383997 -2.698531 0.558779
v -10.385386 -2.712686 0.530903
v -10.385865 -2.717563 0.500001
v -10.385865 -2.717563 -0.499999
v -10.385386 -2.712686 -0.530901
v -10.383997 -2.698531 -0.558778
v -10.381834 -2.676484 -0.580901
v -10.379107 -2.648704 -0.595105
v -10.376086 -2.617910 -0.599999
v -10.006222 -2.635115 0.600001
v -10.006207 -2.666050 0.595107
v -10.006193 -2.693958 0.580903
v -10.006183 -2.716105 0.558779
v -10.006176 -2.730325 0.530903
v -10.006174 -2.735225 0.500001
v -10.006174 -2.735225 -0.499999
v -10.006176 -2.730325 -0.530901
v -10.006183 -2.716105 -0.558778
v -10.006193 -2.693958 -0.580901
v -10.006207 -2.666050 -0.595105
v -10.006222 -2.635115 -0.599999
v -9.733043 -2.622145 0.600001
v -9.730062 -2.652940 0.595106
v -9.727373 -2.680721 0.580903
v -9.725239 -2.702768 0.558779
v -9.723868 -2.716923 0.530903
v -9.723396 -2.721800 0.500001
v -9.723396 -2.721800 -0.499999
v -9.723868 -2.716923 -0.530901
v -9.725239 -2.702768 -0.558778
v -9.727373 -2.680721 -0.580901
v -9.730062 -2.652940 -0.595105
v -9.733043 -2.622145 -0.599999
v -9.464615 -2.582797 0.600001
v -9.458536 -2.613138 0.595106
v -9.453053 -2.640509 0.580903
v -9.448700 -2.662231 0.558779
v -9.445907 -2.676177 0.530903
v -9.444943 -2.680982 0.500001
v -9.444943 -2.680982 -0.499999
v -9.445907 -2.676177 -0.530901
v -9.448700 -2.662231 -0.558778
v -9.453053 -2.640509 -0.580901
v -9.458536 -2.613138 -0.595105
v -9.464615 -2.582797 -0.599999
v -9.204499 -2.516400 0.600001
v -9.195170 -2.545911 0.595106
v -9.186754 -2.572533 0.580902
v -9.180075 -2.593661 0.558779
v -9.175786 -2.607225 0.530902
v -9.174309 -2.611900 0.500001
v -9.174309 -2.611900 -0.499999
v -9.175786 -2.607225 -0.530901
v -9.180075 -2.593661 -0.558778
v -9.186754 -2.572533 -0.580901
v -9.195170 -2.545911 -0.595105
v -9.204499 -2.516400 -0.599999
v -8.956274 -2.422268 0.600001
v -8.943548 -2.450491 0.595106
v -8.932069 -2.475952 0.580902
v -8.922958 -2.496157 0.558779
v -8.917109 -2.509130 0.530902
v -8.915094 -2.513600 0.500001
v -8.915094 -2.513600 -0.499999
v -8.917109 -2.509130 -0.530901
v -8.922958 -2.496157 -0.558778
v -8.932069 -2.475952 -0.580901
v -8.943548 -2.450491 -0.595105
v -8.956274 -2.422268 -0.599999
v -8.723545 -2.299711 0.600001
v -8.707329 -2.326096 0.595106
v -8.692700 -2.349898 0.580902
v -8.681090 -2.368788 0.558779
v -8.673636 -2.380916 0.530902
v -8.671068 -2.385095 0.500001
v -8.671068 -2.385095 -0.499999
v -8.673636 -2.380916 -0.530901
v -8.681090 -2.368788 -0.558778
v -8.692700 -2.349898 -0.580901
v -8.707329 -2.326096 -0.595105
v -8.723545 -2.299711 -0.599999
v -8.509958 -2.148047 0.600001
v -8.490264 -2.171962 0.595106
v -8.472498 -2.193537 0.580902
v -8.458399 -2.210659 0.558779
v -8.449347 -2.221652 0.530902
v -8.446228 -2.225439 0.500001
v -8.446228 -2.225439 -0.499999
v -8.449347 -2.221652 -0.530901
v -8.458399 -2.210659 -0.558778
v -8.472498 -2.193537 -0.580901
v -8.490264 -2.171962 -0.595105
v -8.509958 -2.148047 -0.599999
v -8.319197 -1.966623 0.600001
v -8.296208 -1.987405 0.595106
v -8.275470 -2.006153 0.580902
v -8.259012 -2.021031 0.558779
v -8.248446 -2.030584 0.530902
v -8.244804 -2.033875 0.500001
v -8.244804 -2.033875 -0.499999
v -8.248446 -2.030584 -0.530901
v -8.259012 -2.021031 -0.558778
v -8.275470 -2.006153 -0.580901
v -8.296208 -1.987405 -0.595105
v -8.319197 -1.966623 -0.599999
v -8.154970 -1.754843 0.600001
v -8.129079 -1.771883 0.595106
v -8.105722 -1.787254 0.580902
v -8.087187 -1.799452 0.558779
v -8.075286 -1.807284 0.530902
v -8.071185 -1.809983 0.500001
v -8.071185 -1.809983 -0.499999
v -8.075286 -1.807284 -0.530901
v -8.087187 -1.799452 -0.558778
v -8.105722 -1.787254 -0.580901
v -8.129079 -1.771883 -0.595105
v -8.154970 -1.754843 -0.599999
v -8.020979 -1.512182 0.600001
v -7.992773 -1.525028 0.595106
v -7.967328 -1.536618 0.580902
v -7.947134 -1.545815 0.558779
v -7.934169 -1.551720 0.530902
v -7.929702 -1.553754 0.500001
v -7.929702 -1.553754 -0.499999
v -7.934169 -1.551720 -0.530901
v -7.947134 -1.545815 -0.558778
v -7.967328 -1.536618 -0.580901
v -7.992773 -1.525028 -0.595105
v -8.020979 -1.512182 -0.599999
v -7.920877 -1.238165 0.600001
v -7.891064 -1.246613 0.595106
v -7.864169 -1.254234 0.580902
v -7.842825 -1.260282 0.558779
v -7.829122 -1.264165 0.530902
v -7.824399 -1.265503 0.500001
v -7.824399 -1.265503 -0.499999
v -7.829122 -1.264165 -0.530901
v -7.842825 -1.260282 -0.558778
v -7.864169 -1.254234 -0.580901
v -7.891064 -1.246613 -0.595105
v -7.920877 -1.238165 -0.599999
v -7.858242 -0.932332 0.600001
v -7.827540 -0.936439 0.595106
v -7.799843 -0.940143 0.580902
v -7.777863 -0.943083 0.558779
v -7.763751 -0.944971 0.530902
v -7.758888 -0.945622 0.500001
v -7.758888 -0.945622 -0.499999
v -7.763751 -0.944971 -0.530901
v -7.777863 -0.943083 -0.558778
v -7.799843 -0.940143 -0.580901
v -7.827540 -0.936439 -0.595105
v -7.858242 -0.932332 -0.599999
v -7.836632 -0.594807 0.600001
v -7.805730 -0.595795 0.595106
v -7.777854 -0.596686 0.580902
v -7.755731 -0.597394 0.558779
v -7.741527 -0.597848 0.530902
v -7.736632 -0.598005 0.500001
v -7.736632 -0.598005 -0.499999
v -7.741527 -0.597848 -0.530901
v -7.755731 -0.597394 -0.558778
v -7.777854 -0.596686 -0.580901
v -7.805730 -0.595795 -0.595105
v -7.836632 -0.594807 -0.599999
v -7.836632 2.635092 0.600000
v -7.805730 2.665994 0.595106
v -7.777854 2.693871 0.580902
v -7.755731 2.715994 0.558779
v -7.741527 2.730198 0.530902
v -7.736632 2.735092 0.500000
v -7.736632 2.735092 -0.500000
v -7.741527 2.730198 -0.530901
v -7.755731 2.715994 -0.558778
v -7.777854 2.693871 -0.580901
v -7.805730 2.665994 -0.595105
v -7.836632 2.635092 -0.599999
v -8.618395 2.635092 0.600001
v -8.649297 2.665994 0.595106
v -8.677174 2.693871 0.580902
v -8.699297 2.715994 0.558779
v -8.713501 2.730198 0.530902
v -8.718395 2.735092 0.500001
v -8.718395 2.735092 -0.499999
v -8.713501 2.730198 -0.530901
v -8.699297 2.715994 -0.558778
v -8.677174 2.693871 -0.580901
v -8.649297 2.665994 -0.595105
v -8.618395 2.635092 -0.599999
v -8.618396 -0.435101 0.600001
v -8.649297 -0.434920 0.595106
v -8.677174 -0.434757 0.580902
v -8.699297 -0.434627 0.558779
v -8.713501 -0.434544 0.530902
v -8.718395 -0.434516 0.500001
v -8.718395 -0.434516 -0.499999
v -8.713501 -0.434544 -0.530901
v -8.699297 -0.434627 -0.558778
v -8.677174 -0.434757 -0.580901
v -8.649297 -0.434920 -0.595105
v -8.618396 -0.435101 -0.599999
v -8.620016 -0.573498 0.600001
v -8.650910 -0.572695 0.595106
v -8.678781 -0.571971 0.580902
v -8.700898 -0.571396 0.558779
v -8.715099 -0.571026 0.530902
v -8.719992 -0.570899 0.500001
v -8.719992 -0.570899 -0.499999
v -8.715099 -0.571026 -0.530901
v -8.700898 -0.571396 -0.558778
v -8.678781 -0.571971 -0.580901
v -8.650910 -0.572695 -0.595105
v -8.620016 -0.573498 -0.599999
v -8.625057 -0.698609 0.600001
v -8.655910 -0.696796 0.595106
v -8.683744 -0.695161 0.580902
v -8.705833 -0.693863 0.558779
v -8.720016 -0.693030 0.530902
v -8.724902 -0.692742 0.500001
v -8.724902 -0.692742 -0.499999
v -8.720016 -0.693030 -0.530901
v -8.705833 -0.693863 -0.558778
v -8.683744 -0.695161 -0.580901
v -8.655910 -0.696796 -0.595105
v -8.625057 -0.698609 -0.599999
v -8.633793 -0.811664 0.600001
v -8.664547 -0.808566 0.595106
v -8.692291 -0.805772 0.580902
v -8.714309 -0.803554 0.558779
v -8.728445 -0.802130 0.530902
v -8.733316 -0.801640 0.500001
v -8.733316 -0.801640 -0.499999
v -8.728445 -0.802130 -0.530901
v -8.714309 -0.803554 -0.558778
v -8.692291 -0.805772 -0.580901
v -8.664547 -0.808566 -0.595105
v -8.633793 -0.811664 -0.599999
v -8.646485 -0.913795 0.600001
v -8.677042 -0.909104 0.595106
v -8.704607 -0.904872 0.580902
v -8.726483 -0.901513 0.558779
v -8.740528 -0.899357 0.530902
v -8.745368 -0.898614 0.500001
v -8.745368 -0.898614 -0.499999
v -8.740528 -0.899357 -0.530901
v -8.726483 -0.901513 -0.558778
v -8.704607 -0.904872 -0.580901
v -8.677042 -0.909104 -0.595105
v -8.646485 -0.913795 -0.599999
v -8.663389 -1.006150 0.600001
v -8.693595 -0.999542 0.595106
v -8.720843 -0.993580 0.580902
v -8.742468 -0.988849 0.558779
v -8.756352 -0.985811 0.530902
v -8.761136 -0.984764 0.500001
v -8.761136 -0.984764 -0.499999
v -8.756352 -0.985811 -0.530901
v -8.742468 -0.988849 -0.558778
v -8.720843 -0.993580 -0.580901
v -8.693595 -0.999542 -0.595105
v -8.663389 -1.006150 -0.599999
v -8.684753 -1.089901 0.600001
v -8.714393 -1.081074 0.595106
v -8.741131 -1.073111 0.580902
v -8.762351 -1.066791 0.558779
v -8.775974 -1.062734 0.530902
v -8.780669 -1.061336 0.500001
v -8.780669 -1.061336 -0.499999
v -8.775974 -1.062734 -0.530901
v -8.762351 -1.066791 -0.558778
v -8.741131 -1.073111 -0.580901
v -8.714393 -1.081074 -0.595105
v -8.684753 -1.089901 -0.599999
v -8.710833 -1.166253 0.600001
v -8.739637 -1.154984 0.595106
v -8.765623 -1.144817 0.580902
v -8.786246 -1.136750 0.558779
v -8.799486 -1.131570 0.530902
v -8.804049 -1.129785 0.500001
v -8.804049 -1.129785 -0.499999
v -8.799486 -1.131570 -0.530901
v -8.786246 -1.136750 -0.558778
v -8.765623 -1.144817 -0.580901
v -8.739637 -1.154984 -0.595105
v -8.710833 -1.166253 -0.599999
v -8.741902 -1.236450 0.600001
v -8.769588 -1.222648 0.595106
v -8.794562 -1.210198 0.580902
v -8.814382 -1.200317 0.558779
v -8.827107 -1.193974 0.530902
v -8.831492 -1.191788 0.500001
v -8.831492 -1.191788 -0.499999
v -8.827107 -1.193974 -0.530901
v -8.814382 -1.200317 -0.558778
v -8.794562 -1.210198 -0.580901
v -8.769588 -1.222648 -0.595105
v -8.741902 -1.236450 -0.599999
v -8.778281 -1.301757 0.600001
v -8.804600 -1.285503 0.595106
v -8.828341 -1.270839 0.580902
v -8.847183 -1.259202 0.558779
v -8.859281 -1.251731 0.530902
v -8.863449 -1.249157 0.500001
v -8.863449 -1.249157 -0.499999
v -8.859281 -1.251731 -0.530901
v -8.847183 -1.259202 -0.558778
v -8.828341 -1.270839 -0.580901
v -8.804600 -1.285503 -0.595105
v -8.778281 -1.301757 -0.599999
v -8.820323 -1.363434 0.600001
v -8.845132 -1.344966 0.595106
v -8.867513 -1.328305 0.580902
v -8.885274 -1.315084 0.558779
v -8.896678 -1.306595 0.530902
v -8.900607 -1.303670 0.500001
v -8.900607 -1.303670 -0.499999
v -8.896678 -1.306595 -0.530901
v -8.885274 -1.315084 -0.558778
v -8.867513 -1.328305 -0.580901
v -8.845132 -1.344966 -0.595105
v -8.820323 -1.363434 -0.599999
v -8.868405 -1.422708 0.600001
v -8.891700 -1.402372 0.595106
v -8.912714 -1.384028 0.580902
v -8.929392 -1.369469 0.558779
v -8.940099 -1.360122 0.530902
v -8.943789 -1.356901 0.500001
v -8.943789 -1.356901 -0.499999
v -8.940099 -1.360122 -0.530901
v -8.929392 -1.369469 -0.558778
v -8.912714 -1.384028 -0.580901
v -8.891700 -1.402372 -0.595105
v -8.868405 -1.422708 -0.599999
v -8.922869 -1.480724 0.600001
v -8.944722 -1.458854 0.595106
v -8.964437 -1.439125 0.580902
v -8.980083 -1.423467 0.558779
v -8.990128 -1.413415 0.530902
v -8.993588 -1.409951 0.500001
v -8.993588 -1.409951 -0.499999
v -8.990128 -1.413415 -0.530901
v -8.980083 -1.423467 -0.558778
v -8.964437 -1.439125 -0.580901
v -8.944722 -1.458854 -0.595105
v -8.922869 -1.480724 -0.599999
v -8.997290 -1.550481 0.600001
v -9.017673 -1.527233 0.595106
v -9.036062 -1.506260 0.580902
v -9.050655 -1.489617 0.558779
v -9.060024 -1.478931 0.530902
v -9.063252 -1.475248 0.500001
v -9.063252 -1.475248 -0.499999
v -9.060024 -1.478931 -0.530901
v -9.050655 -1.489617 -0.558778
v -9.036062 -1.506260 -0.580901
v -9.017673 -1.527233 -0.595105
v -8.997290 -1.550481 -0.599999
v -9.074777 -1.613994 0.600001
v -9.093550 -1.589426 0.595106
v -9.110486 -1.567263 0.580902
v -9.123926 -1.549675 0.558779
v -9.132555 -1.538382 0.530902
v -9.135529 -1.534491 0.500001
v -9.135529 -1.534491 -0.499999
v -9.132555 -1.538382 -0.530901
v -9.123926 -1.549675 -0.558778
v -9.110486 -1.567263 -0.580901
v -9.093550 -1.589426 -0.595105
v -9.074777 -1.613994 -0.599999
v -9.155335 -1.671308 0.600001
v -9.172375 -1.645506 0.595106
v -9.187745 -1.622229 0.580902
v -9.199944 -1.603757 0.558779
v -9.207776 -1.591897 0.530902
v -9.210474 -1.587810 0.500001
v -9.210474 -1.587810 -0.499999
v -9.207776 -1.591897 -0.530901
v -9.199944 -1.603757 -0.558778
v -9.187745 -1.622229 -0.580901
v -9.172375 -1.645506 -0.595105
v -9.155335 -1.671308 -0.599999
v -9.238981 -1.722463 0.600001
v -9.254180 -1.695536 0.595106
v -9.267892 -1.671245 0.580902
v -9.278773 -1.651967 0.558779
v -9.285760 -1.639590 0.530902
v -9.288167 -1.635325 0.500001
v -9.288167 -1.635325 -0.499999
v -9.285760 -1.639590 -0.530901
v -9.278773 -1.651967 -0.558778
v -9.267892 -1.671245 -0.580901
v -9.254180 -1.695536 -0.595105
v -9.238981 -1.722463 -0.599999
v -9.325729 -1.767500 0.600001
v -9.339009 -1.739576 0.595106
v -9.350989 -1.714386 0.580902
v -9.360497 -1.694395 0.558779
v -9.366601 -1.681560 0.530902
v -9.368704 -1.677137 0.500001
v -9.368704 -1.677137 -0.499999
v -9.366601 -1.681560 -0.530901
v -9.360497 -1.694395 -0.558778
v -9.350989 -1.714386 -0.580901
v -9.339009 -1.739576 -0.595105
v -9.325729 -1.767500 -0.599999
v -9.415598 -1.806452 0.600001
v -9.426908 -1.777675 0.595106
v -9.437112 -1.751715 0.580902
v -9.445210 -1.731113 0.558779
v -9.450408 -1.717885 0.530902
v -9.452200 -1.713328 0.500001
v -9.452200 -1.713328 -0.499999
v -9.450408 -1.717885 -0.530901
v -9.445210 -1.731113 -0.558778
v -9.437112 -1.751715 -0.580901
v -9.426908 -1.777675 -0.595105
v -9.415598 -1.806452 -0.599999
v -9.508608 -1.839352 0.600001
v -9.517929 -1.809871 0.595106
v -9.526339 -1.783276 0.580902
v -9.533011 -1.762171 0.558779
v -9.537296 -1.748620 0.530902
v -9.538773 -1.743950 0.500001
v -9.538773 -1.743950 -0.499999
v -9.537296 -1.748620 -0.530901
v -9.533011 -1.762171 -0.558778
v -9.526339 -1.783276 -0.580901
v -9.517929 -1.809871 -0.595105
v -9.508608 -1.839352 -0.599999
v -9.604778 -1.866226 0.600001
v -9.612121 -1.836192 0.595106
v -9.618745 -1.809099 0.580902
v -9.624002 -1.787597 0.558779
v -9.627377 -1.773792 0.530902
v -9.628540 -1.769035 0.500001
v -9.628540 -1.769035 -0.499999
v -9.627377 -1.773792 -0.530901
v -9.624002 -1.787597 -0.558778
v -9.618745 -1.809099 -0.580901
v -9.612121 -1.836192 -0.595105
v -9.604778 -1.866226 -0.599999
v -9.704127 -1.887097 0.600001
v -9.709529 -1.856655 0.595106
v -9.714402 -1.829194 0.580903
v -9.718269 -1.807400 0.558779
v -9.720752 -1.793408 0.530903
v -9.721607 -1.788586 0.500001
v -9.721607 -1.788586 -0.499999
v -9.720752 -1.793408 -0.530901
v -9.718269 -1.807400 -0.558778
v -9.714402 -1.829194 -0.580901
v -9.709529 -1.856655 -0.595105
v -9.704127 -1.887097 -0.599999
v -9.806669 -1.901984 0.600001
v -9.810191 -1.871269 0.595106
v -9.813368 -1.843561 0.580903
v -9.815889 -1.821572 0.558779
v -9.817509 -1.807455 0.530903
v -9.818067 -1.802590 0.500001
v -9.818067 -1.802590 -0.499999
v -9.817509 -1.807455 -0.530901
v -9.815889 -1.821572 -0.558778
v -9.813368 -1.843561 -0.580901
v -9.810191 -1.871269 -0.595105
v -9.806669 -1.901984 -0.599999
v -9.912416 -1.910904 0.600001
v -9.914138 -1.880038 0.595106
v -9.915690 -1.852193 0.580903
v -9.916923 -1.830095 0.558779
v -9.917714 -1.815908 0.530903
v -9.917987 -1.811019 0.500001
v -9.917987 -1.811019 -0.499999
v -9.917714 -1.815908 -0.530901
v -9.916923 -1.830095 -0.558778
v -9.915690 -1.852193 -0.580901
v -9.914138 -1.880038 -0.595105
v -9.912416 -1.910904 -0.599999
v -10.021374 -1.913875 0.600001
v -10.021381 -1.882962 0.595106
v -10.021388 -1.855075 0.580903
v -10.021394 -1.832943 0.558779
v -10.021398 -1.818734 0.530903
v -10.021399 -1.813838 0.500001
v -10.021399 -1.813838 -0.499999
v -10.021398 -1.818734 -0.530901
v -10.021394 -1.832943 -0.558778
v -10.021388 -1.855075 -0.580901
v -10.021381 -1.882962 -0.595105
v -10.021374 -1.913875 -0.599999
v -10.158878 -1.910194 0.600001
v -10.157200 -1.879326 0.595106
v -10.155684 -1.851480 0.580903
v -10.154483 -1.829381 0.558779
v -10.153710 -1.815192 0.530903
v -10.153445 -1.810303 0.500001
v -10.153445 -1.810303 -0.499999
v -10.153710 -1.815192 -0.530901
v -10.154483 -1.829381 -0.558778
v -10.155684 -1.851480 -0.580901
v -10.157200 -1.879326 -0.595105
v -10.158878 -1.910194 -0.599999
v -10.289684 -1.899453 0.600001
v -10.286277 -1.868727 0.595106
v -10.283203 -1.841009 0.580903
v -10.280765 -1.819012 0.558779
v -10.279199 -1.804888 0.530903
v -10.278659 -1.800022 0.500001
v -10.278659 -1.800022 -0.499999
v -10.279199 -1.804888 -0.530901
v -10.280765 -1.819012 -0.558778
v -10.283203 -1.841009 -0.580901
v -10.286277 -1.868727 -0.595105
v -10.289684 -1.899453 -0.599999
v -10.413732 -1.882106 0.600001
v -10.408550 -1.851628 0.595107
v -10.403876 -1.824134 0.580903
v -10.400167 -1.802314 0.558779
v -10.397786 -1.788305 0.530903
v -10.396965 -1.783478 0.500001
v -10.396965 -1.783478 -0.499999
v -10.397786 -1.788305 -0.530901
v -10.400167 -1.802314 -0.558778
v -10.403876 -1.824134 -0.580901
v -10.408550 -1.851628 -0.595105
v -10.413732 -1.882106 -0.599999
v -10.530972 -1.858605 0.600001
v -10.523978 -1.828491 0.595107
v -10.517668 -1.801324 0.580903
v -10.512660 -1.779765 0.558779
v -10.509445 -1.765923 0.530903
v -10.508337 -1.761153 0.500001
v -10.508337 -1.761153 -0.499999
v -10.509445 -1.765923 -0.530901
v -10.512660 -1.779765 -0.558778
v -10.517668 -1.801324 -0.580901
v -10.523978 -1.828491 -0.595105
v -10.530972 -1.858605 -0.599999
v -10.641359 -1.829403 0.600001
v -10.632520 -1.799777 0.595107
v -10.624544 -1.773051 0.580903
v -10.618216 -1.751841 0.558779
v -10.614152 -1.738223 0.530903
v -10.612751 -1.733531 0.500001
v -10.612751 -1.733531 -0.499999
v -10.614152 -1.738223 -0.530901
v -10.618216 -1.751841 -0.558778
v -10.624544 -1.773051 -0.580901
v -10.632520 -1.799777 -0.595105
v -10.641359 -1.829403 -0.599999
v -10.744845 -1.794952 0.600001
v -10.734136 -1.765949 0.595107
v -10.724474 -1.739784 0.580903
v -10.716805 -1.719020 0.558779
v -10.711883 -1.705688 0.530903
v -10.710186 -1.701095 0.500001
v -10.710186 -1.701095 -0.499999
v -10.711883 -1.705688 -0.530901
v -10.716805 -1.719020 -0.558778
v -10.724474 -1.739784 -0.580901
v -10.734136 -1.765949 -0.595105
v -10.744845 -1.794952 -0.599999
v -10.841383 -1.755707 0.600001
v -10.828788 -1.727469 0.595107
v -10.817425 -1.701996 0.580903
v -10.808408 -1.681781 0.558779
v -10.802618 -1.668801 0.530903
v -10.800624 -1.664329 0.500001
v -10.800624 -1.664329 -0.499999
v -10.802618 -1.668801 -0.530901
v -10.808408 -1.681781 -0.558778
v -10.817425 -1.701996 -0.580901
v -10.828788 -1.727469 -0.595105
v -10.841383 -1.755707 -0.599999
v -10.930926 -1.712119 0.600001
v -10.916440 -1.684802 0.595107
v -10.903372 -1.660159 0.580903
v -10.893002 -1.640602 0.558779
v -10.886343 -1.628046 0.530903
v -10.884048 -1.623720 0.500001
v -10.884048 -1.623720 -0.499999
v -10.886343 -1.628046 -0.530901
v -10.893002 -1.640602 -0.558778
v -10.903372 -1.660159 -0.580901
v -10.916440 -1.684802 -0.595105
v -10.930926 -1.712119 -0.599999
v -11.013429 -1.664643 0.600001
v -10.997057 -1.638412 0.595107
v -10.982287 -1.614748 0.580903
v -10.970567 -1.595968 0.558779
v -10.963041 -1.583910 0.530903
v -10.960448 -1.579756 0.500001
v -10.960448 -1.579756 -0.499999
v -10.963041 -1.583910 -0.530901
v -10.970567 -1.595968 -0.558778
v -10.982287 -1.614748 -0.580901
v -10.997057 -1.638412 -0.595105
v -11.013429 -1.664643 -0.599999
v -11.088847 -1.613734 0.600001
v -11.070605 -1.588764 0.595107
v -11.054151 -1.566238 0.580903
v -11.041091 -1.548362 0.558779
v -11.032706 -1.536885 0.530903
v -11.029818 -1.532930 0.500001
v -11.029818 -1.532930 -0.499999
v -11.032706 -1.536885 -0.530901
v -11.041091 -1.548362 -0.558778
v -11.054151 -1.566238 -0.580901
v -11.070605 -1.588764 -0.595105
v -11.088847 -1.613734 -0.599999
v -11.157135 -1.559847 0.600001
v -11.137054 -1.536328 0.595107
v -11.118939 -1.515112 0.580903
v -11.104563 -1.498275 0.558779
v -11.095333 -1.487465 0.530903
v -11.092153 -1.483740 0.500001
v -11.092153 -1.483740 -0.499999
v -11.095333 -1.487465 -0.530901
v -11.104563 -1.498275 -0.558778
v -11.118939 -1.515112 -0.580901
v -11.137054 -1.536328 -0.595105
v -11.157135 -1.559847 -0.599999
v -11.218183 -1.503500 0.600001
v -11.196201 -1.481736 0.595107
v -11.176372 -1.462103 0.580903
v -11.160635 -1.446522 0.558779
v -11.150531 -1.436518 0.530903
v -11.147049 -1.433071 0.500001
v -11.147049 -1.433071 -0.499999
v -11.150531 -1.436518 -0.530901
v -11.160635 -1.446522 -0.558778
v -11.176372 -1.462103 -0.580901
v -11.196201 -1.481736 -0.595105
v -11.218183 -1.503500 -0.599999
v -11.278962 -1.436321 0.600001
v -11.255009 -1.416737 0.595107
v -11.233399 -1.399070 0.580903
v -11.216250 -1.385050 0.558779
v -11.205240 -1.376048 0.530903
v -11.201447 -1.372946 0.500001
v -11.201447 -1.372946 -0.499999
v -11.205240 -1.376048 -0.530901
v -11.216250 -1.385050 -0.558778
v -11.233399 -1.399070 -0.580901
v -11.255009 -1.416737 -0.595105
v -11.278962 -1.436321 -0.599999
v -11.331828 -1.364618 0.600001
v -11.306063 -1.347492 0.595107
v -11.282819 -1.332042 0.580903
v -11.264373 -1.319781 0.558779
v -11.252529 -1.311909 0.530903
v -11.248448 -1.309196 0.500001
v -11.248448 -1.309196 -0.499999
v -11.252529 -1.311909 -0.530901
v -11.264373 -1.319781 -0.558778
v -11.282819 -1.332042 -0.580901
v -11.306063 -1.347492 -0.595105
v -11.331828 -1.364618 -0.599999
v -11.377379 -1.288273 0.600001
v -11.350114 -1.273661 0.595107
v -11.325518 -1.260478 0.580903
v -11.305997 -1.250017 0.558779
v -11.293465 -1.243301 0.530903
v -11.289146 -1.240986 0.500001
v -11.289146 -1.240986 -0.499999
v -11.293465 -1.243301 -0.530901
v -11.305997 -1.250017 -0.558778
v -11.325518 -1.260478 -0.580901
v -11.350114 -1.273661 -0.595105
v -11.377379 -1.288273 -0.599999
v -11.416122 -1.207242 0.600001
v -11.387680 -1.195091 0.595107
v -11.362021 -1.184130 0.580903
v -11.341660 -1.175431 0.558779
v -11.328586 -1.169846 0.530903
v -11.324080 -1.167922 0.500001
v -11.324080 -1.167922 -0.499999
v -11.328586 -1.169846 -0.530901
v -11.341660 -1.175431 -0.558778
v -11.362021 -1.184130 -0.580901
v -11.387680 -1.195091 -0.595105
v -11.416122 -1.207242 -0.599999
v -11.448543 -1.121494 0.600001
v -11.419223 -1.111663 0.595107
v -11.392774 -1.102794 0.580903
v -11.371783 -1.095755 0.558779
v -11.358307 -1.091236 0.530903
v -11.353662 -1.089679 0.500001
v -11.353662 -1.089679 -0.499999
v -11.358307 -1.091236 -0.530901
v -11.371783 -1.095755 -0.558778
v -11.392774 -1.102794 -0.580901
v -11.419223 -1.111663 -0.595105
v -11.448543 -1.121494 -0.599999
v -11.475110 -1.031014 0.600001
v -11.445169 -1.023297 0.595107
v -11.418159 -1.016336 0.580903
v -11.396725 -1.010811 0.558779
v -11.382963 -1.007264 0.530903
v -11.378221 -1.006042 0.500001
v -11.378221 -1.006042 -0.499999
v -11.382963 -1.007264 -0.530901
v -11.396725 -1.010811 -0.558778
v -11.418159 -1.016336 -0.580901
v -11.445169 -1.023297 -0.595105
v -11.475110 -1.031014 -0.599999
v -11.496290 -0.935806 0.600001
v -11.465933 -0.929964 0.595107
v -11.438546 -0.924694 0.580903
v -11.416813 -0.920512 0.558779
v -11.402859 -0.917827 0.530903
v -11.398051 -0.916902 0.500001
v -11.398051 -0.916902 -0.499999
v -11.402859 -0.917827 -0.530901
v -11.416813 -0.920512 -0.558778
v -11.438546 -0.924694 -0.580901
v -11.465933 -0.929964 -0.595105
v -11.496290 -0.935806 -0.599999
v -11.512548 -0.835889 0.600001
v -11.481927 -0.831671 0.595107
v -11.454303 -0.827866 0.580903
v -11.432380 -0.824847 0.558779
v -11.418304 -0.822909 0.530903
v -11.413454 -0.822241 0.500001
v -11.413454 -0.822241 -0.499999
v -11.418304 -0.822909 -0.530901
v -11.432380 -0.824847 -0.558778
v -11.454303 -0.827866 -0.580901
v -11.481927 -0.831671 -0.595105
v -11.512548 -0.835889 -0.599999
v -11.524358 -0.731291 0.600001
v -11.493580 -0.728451 0.595107
v -11.465816 -0.725889 0.580903
v -11.443782 -0.723856 0.558779
v -11.429635 -0.722551 0.530903
v -11.424760 -0.722101 0.500001
v -11.424760 -0.722101 -0.499999
v -11.429635 -0.722551 -0.530901
v -11.443782 -0.723856 -0.558778
v -11.465816 -0.725889 -0.580901
v -11.493580 -0.728451 -0.595105
v -11.524358 -0.731291 -0.599999
v -11.532193 -0.622050 0.600001
v -11.501334 -0.620355 0.595107
v -11.473495 -0.618826 0.580903
v -11.451402 -0.617612 0.558779
v -11.437218 -0.616833 0.530903
v -11.432330 -0.616565 0.500001
v -11.432330 -0.616565 -0.499999
v -11.437218 -0.616833 -0.530901
v -11.451402 -0.617612 -0.558778
v -11.473495 -0.618826 -0.580901
v -11.501334 -0.620355 -0.595105
v -11.532193 -0.622050 -0.599999
v -11.536537 -0.508202 0.600001
v -11.505642 -0.507438 0.595107
v -11.477772 -0.506748 0.580903
v -11.455653 -0.506201 0.558779
v -11.441452 -0.505850 0.530903
v -11.436559 -0.505729 0.500001
v -11.436559 -0.505729 -0.499999
v -11.441452 -0.505850 -0.530901
v -11.455653 -0.506201 -0.558778
v -11.477772 -0.506748 -0.580901
v -11.505642 -0.507438 -0.595105
v -11.536537 -0.508202 -0.599999
v -11.537878 -0.389691 0.600001
v -11.506976 -0.389516 0.595107
v -11.479099 -0.389358 0.580903
v -11.456976 -0.389233 0.558779
v -11.442772 -0.389153 0.530903
v -11.437878 -0.389125 0.500001
v -11.437878 -0.389125 -0.499999
v -11.442772 -0.389153 -0.530901
v -11.456976 -0.389233 -0.558778
v -11.479099 -0.389358 -0.580901
v -11.506976 -0.389516 -0.595105
v -11.537878 -0.389691 -0.599999
v -11.537878 2.635092 0.600001
v -11.506976 2.665994 0.595106
v -11.479099 2.693871 0.580902
v -11.456976 2.715994 0.558779
v -11.442772 2.730198 0.530902
v -11.437878 2.735092 0.500001
v -11.437878 2.735092 -0.499999
v -11.442772 2.730198 -0.530901
v -11.456976 2.715994 -0.558778
v -11.479099 2.693871 -0.580901
v -11.506976 2.665994 -0.595105
v -11.537878 2.635092 -0.599999
v -12.319641 2.635092 0.600001
v -12.350542 2.665994 0.595106
v -12.378419 2.693871 0.580903
v -12.400542 2.715994 0.558779
v -12.414746 2.730198 0.530903
v -12.419641 2.735092 0.500001
v -12.419641 2.735092 -0.499999
v -12.414746 2.730198 -0.530901
v -12.400542 2.715994 -0.558778
v -12.378419 2.693871 -0.580901
v -12.350542 2.665994 -0.595105
v -12.319641 2.635092 -0.599999
v -12.319641 -0.518991 0.600001
v -12.350542 -0.519785 0.595107
v -12.378419 -0.520502 0.580903
v -12.400542 -0.521071 0.558780
v -12.414746 -0.521436 0.530903
v -12.419641 -0.521561 0.500001
v -12.419641 -0.521561 -0.499999
v -12.414746 -0.521436 -0.530901
v -12.400542 -0.521071 -0.558778
v -12.378419 -0.520502 -0.580901
v -12.350542 -0.519785 -0.595105
v -12.319641 -0.518991 -0.599999
v -14.893115 2.623639 0.600001
v -14.896005 2.654442 0.595107
v -14.898611 2.682230 0.580903
v -14.900680 2.704282 0.558780
v -14.902008 2.718441 0.530903
v -14.902466 2.723320 0.500001
v -14.902466 2.723320 -0.499999
v -14.902008 2.718441 -0.530901
v -14.900680 2.704282 -0.558777
v -14.898611 2.682230 -0.580901
v -14.896005 2.654442 -0.595105
v -14.893115 2.623639 -0.599999
v -15.130624 2.589675 0.600001
v -15.136634 2.620032 0.595107
v -15.142056 2.647417 0.580903
v -15.146358 2.669150 0.558780
v -15.149120 2.683104 0.530903
v -15.150073 2.687912 0.500001
v -15.150073 2.687912 -0.499999
v -15.149120 2.683104 -0.530901
v -15.146358 2.669150 -0.558777
v -15.142056 2.647417 -0.580901
v -15.136634 2.620032 -0.595105
v -15.130624 2.589675 -0.599999
v -15.350101 2.533897 0.600001
v -15.359473 2.563399 0.595107
v -15.367929 2.590014 0.580903
v -15.374638 2.611135 0.558780
v -15.378945 2.624696 0.530903
v -15.380430 2.629368 0.500001
v -15.380430 2.629368 -0.499999
v -15.378945 2.624696 -0.530901
v -15.374638 2.611135 -0.558777
v -15.367929 2.590014 -0.580901
v -15.359473 2.563399 -0.595105
v -15.350101 2.533897 -0.599999
v -15.550621 2.456975 0.600001
v -15.563541 2.485116 0.595107
v -15.575197 2.510503 0.580903
v -15.584447 2.530649 0.558780
v -15.590385 2.543584 0.530903
v -15.592432 2.548041 0.500001
v -15.592432 2.548041 -0.499999
v -15.590385 2.543584 -0.530901
v -15.584447 2.530649 -0.558777
v -15.575197 2.510503 -0.580901
v -15.563541 2.485116 -0.595105
v -15.550621 2.456975 -0.599999
v -15.731219 2.359588 0.600001
v -15.747772 2.385771 0.595107
v -15.762704 2.409391 0.580903
v -15.774554 2.428135 0.558780
v -15.782162 2.440170 0.530903
v -15.784783 2.444317 0.500001
v -15.784783 2.444317 -0.499999
v -15.782162 2.440170 -0.530901
v -15.774554 2.428135 -0.558777
v -15.762704 2.409391 -0.580901
v -15.747772 2.385771 -0.595105
v -15.731219 2.359588 -0.599999
v -15.890903 2.242437 0.600001
v -15.911014 2.266009 0.595107
v -15.929154 2.287274 0.580903
v -15.943552 2.304150 0.558780
v -15.952795 2.314985 0.530903
v -15.955980 2.318719 0.500001
v -15.955980 2.318719 -0.499999
v -15.952795 2.314985 -0.530900
v -15.943552 2.304150 -0.558777
v -15.929154 2.287274 -0.580900
v -15.911014 2.266009 -0.595104
v -15.890903 2.242437 -0.599999
v -16.028650 2.106265 0.600001
v -16.052046 2.126589 0.595107
v -16.073153 2.144923 0.580903
v -16.089903 2.159473 0.558780
v -16.100657 2.168815 0.530903
v -16.104362 2.172034 0.500001
v -16.104362 2.172034 -0.499999
v -16.100657 2.168815 -0.530900
v -16.089903 2.159473 -0.558777
v -16.073153 2.144923 -0.580900
v -16.052046 2.126589 -0.595104
v -16.028650 2.106265 -0.599999
v -16.143438 1.951874 0.600001
v -16.169649 1.968413 0.595107
v -16.193293 1.983333 0.580903
v -16.212057 1.995173 0.558780
v -16.224106 2.002775 0.530903
v -16.228256 2.005394 0.500001
v -16.228256 2.005394 -0.499999
v -16.224106 2.002775 -0.530900
v -16.212057 1.995173 -0.558777
v -16.193293 1.983333 -0.580900
v -16.169649 1.968413 -0.595104
v -16.143438 1.951874 -0.599999
v -16.234272 1.780120 0.600001
v -16.262672 1.792521 0.595107
v -16.288290 1.803708 0.580903
v -16.308622 1.812586 0.558780
v -16.321674 1.818286 0.530903
v -16.326174 1.820250 0.500001
v -16.326174 1.820250 -0.499999
v -16.321674 1.818286 -0.530900
v -16.308622 1.812586 -0.558777
v -16.288290 1.803708 -0.580900
v -16.262672 1.792521 -0.595104
v -16.234272 1.780120 -0.599999
v -16.300215 1.591885 0.600001
v -16.330109 1.600022 0.595107
v -16.357075 1.607362 0.580903
v -16.378475 1.613188 0.558780
v -16.392216 1.616928 0.530903
v -16.396950 1.618217 0.500001
v -16.396950 1.618217 -0.499999
v -16.392216 1.616928 -0.530900
v -16.378475 1.613188 -0.558777
v -16.357075 1.607362 -0.580900
v -16.330109 1.600022 -0.595104
v -16.300215 1.591885 -0.599999
v -16.340387 1.388043 0.600001
v -16.371103 1.392006 0.595107
v -16.398811 1.395580 0.580903
v -16.420801 1.398417 0.558780
v -16.434919 1.400238 0.530903
v -16.439785 1.400865 0.500001
v -16.439785 1.400865 -0.499999
v -16.434919 1.400238 -0.530900
v -16.420801 1.398417 -0.558777
v -16.398811 1.395580 -0.580900
v -16.371103 1.392006 -0.595104
v -16.340387 1.388043 -0.599999
v -16.353949 1.169593 0.600001
v -16.384893 1.169873 0.595107
v -16.412807 1.170125 0.580903
v -16.434961 1.170326 0.558780
v -16.449184 1.170454 0.530903
v -16.454084 1.170499 0.500001
v -16.454084 1.170499 -0.499999
v -16.449184 1.170454 -0.530900
v -16.434961 1.170326 -0.558777
v -16.412807 1.170125 -0.580900
v -16.384893 1.169873 -0.595104
v -16.353949 1.169593 -0.599999
v -16.347433 1.021323 0.600001
v -16.378242 1.018544 0.595107
v -16.406036 1.016037 0.580903
v -16.428095 1.014048 0.558780
v -16.442255 1.012770 0.530903
v -16.447136 1.012330 0.500001
v -16.447136 1.012330 -0.499999
v -16.442255 1.012770 -0.530900
v -16.428095 1.014048 -0.558777
v -16.406036 1.016037 -0.580900
v -16.378242 1.018544 -0.595104
v -16.347433 1.021323 -0.599999
v -16.328058 0.879725 0.600001
v -16.358471 0.874045 0.595107
v -16.385906 0.868921 0.580903
v -16.407679 0.864854 0.558780
v -16.421658 0.862244 0.530903
v -16.426474 0.861344 0.500001
v -16.426474 0.861344 -0.499999
v -16.421658 0.862244 -0.530900
v -16.407679 0.864854 -0.558777
v -16.385906 0.868921 -0.580900
v -16.358471 0.874045 -0.595104
v -16.328058 0.879725 -0.599999
v -16.296021 0.744900 0.600001
v -16.325722 0.736225 0.595107
v -16.352516 0.728399 0.580903
v -16.373779 0.722189 0.558780
v -16.387430 0.718201 0.530903
v -16.392136 0.716827 0.500001
v -16.392136 0.716827 -0.499999
v -16.387430 0.718201 -0.530900
v -16.373779 0.722189 -0.558777
v -16.352516 0.728399 -0.580900
v -16.325722 0.736225 -0.595104
v -16.296021 0.744900 -0.599999
v -16.251541 0.617153 0.600001
v -16.280190 0.605457 0.595107
v -16.306034 0.594905 0.580903
v -16.326546 0.586531 0.558780
v -16.339714 0.581155 0.530903
v -16.344252 0.579302 0.500001
v -16.344252 0.579302 -0.499999
v -16.339714 0.581155 -0.530900
v -16.326546 0.586531 -0.558777
v -16.306034 0.594905 -0.580900
v -16.280190 0.605457 -0.595104
v -16.251541 0.617153 -0.599999
v -16.194855 0.496799 0.600001
v -16.222103 0.482133 0.595107
v -16.246687 0.468902 0.580903
v -16.266195 0.458402 0.558780
v -16.278721 0.451661 0.530903
v -16.283037 0.449338 0.500001
v -16.283037 0.449338 -0.499999
v -16.278721 0.451661 -0.530900
v -16.266195 0.458402 -0.558777
v -16.246687 0.468902 -0.580900
v -16.222103 0.482133 -0.595104
v -16.194855 0.496799 -0.599999
v -16.126205 0.384153 0.600001
v -16.151728 0.366652 0.595107
v -16.174751 0.350863 0.580903
v -16.193024 0.338333 0.558780
v -16.204754 0.330289 0.530903
v -16.208797 0.327517 0.500001
v -16.208797 0.327517 -0.499999
v -16.204754 0.330289 -0.530900
v -16.193024 0.338333 -0.558777
v -16.174751 0.350863 -0.580900
v -16.151728 0.366652 -0.595104
v -16.126205 0.384153 -0.599999
v -16.045860 0.279528 0.600001
v -16.069368 0.259402 0.595107
v -16.090572 0.241246 0.580903
v -16.107403 0.226837 0.558780
v -16.118206 0.217586 0.530903
v -16.121929 0.214399 0.500001
v -16.121929 0.214398 -0.499999
v -16.118206 0.217586 -0.530900
v -16.107403 0.226837 -0.558777
v -16.090572 0.241246 -0.580900
v -16.069368 0.259402 -0.595104
v -16.045860 0.279528 -0.599999
v -15.954095 0.183226 0.600001
v -15.975359 0.160747 0.595107
v -15.994542 0.140468 0.580903
v -16.009766 0.124375 0.558780
v -16.019539 0.114042 0.530903
v -16.022907 0.110482 0.500001
v -16.022907 0.110482 -0.499999
v -16.019539 0.114042 -0.530900
v -16.009766 0.124375 -0.558777
v -15.994542 0.140468 -0.580900
v -15.975359 0.160747 -0.595104
v -15.954095 0.183226 -0.599999
v -15.851190 0.095535 0.600001
v -15.870057 0.071013 0.595107
v -15.887077 0.048891 0.580903
v -15.900584 0.031336 0.558780
v -15.909257 0.020064 0.530903
v -15.912245 0.016180 0.500001
v -15.912245 0.016180 -0.499999
v -15.909257 0.020064 -0.530900
v -15.900584 0.031336 -0.558777
v -15.887077 0.048891 -0.580900
v -15.870057 0.071013 -0.595104
v -15.851190 0.095535 -0.599999
v -15.737431 0.016728 0.600001
v -15.753819 -0.009512 0.595107
v -15.768602 -0.033183 0.580903
v -15.780335 -0.051968 0.558780
v -15.787868 -0.064029 0.530903
v -15.790463 -0.068185 0.500001
v -15.790463 -0.068185 -0.499999
v -15.787868 -0.064029 -0.530900
v -15.780335 -0.051968 -0.558777
v -15.768602 -0.033183 -0.580900
v -15.753819 -0.009512 -0.595104
v -15.737431 0.016728 -0.599999
v -15.613095 -0.052938 0.600001
v -15.626988 -0.080575 0.595107
v -15.639523 -0.105507 0.580903
v -15.649469 -0.125293 0.558780
v -15.655855 -0.137996 0.530903
v -15.658055 -0.142373 0.500001
v -15.658055 -0.142373 -0.499999
v -15.655855 -0.137996 -0.530900
v -15.649469 -0.125293 -0.558777
v -15.639523 -0.105507 -0.580900
v -15.626988 -0.080575 -0.595104
v -15.613095 -0.052938 -0.599999
v -15.511101 -0.098598 0.600001
v -15.572975 -0.104755 0.595107
v -15.628794 -0.110310 0.580903
v -15.673091 -0.114718 0.558780
v -15.701531 -0.117548 0.530903
v -15.711332 -0.118523 0.500001
v -15.711332 -0.118523 -0.499999
v -15.701531 -0.117548 -0.530900
v -15.673091 -0.114718 -0.558777
v -15.628794 -0.110310 -0.580900
v -15.572975 -0.104755 -0.595104
v -15.511101 -0.098598 -0.599999
v -15.596924 -0.159775 0.600001
v -15.615721 -0.135225 0.595107
v -15.632677 -0.113078 0.580903
v -15.646134 -0.095502 0.558780
v -15.654775 -0.084218 0.530903
v -15.657752 -0.080330 0.500001
v -15.657752 -0.080330 -0.499999
v -15.654775 -0.084218 -0.530900
v -15.646134 -0.095502 -0.558777
v -15.632677 -0.113078 -0.580900
v -15.615721 -0.135225 -0.595104
v -15.596924 -0.159775 -0.599999
v -15.705078 -0.248605 0.600001
v -15.725456 -0.225354 0.595107
v -15.743839 -0.204378 0.580903
v -15.758429 -0.187732 0.558780
v -15.767795 -0.177045 0.530903
v -15.771023 -0.173362 0.500001
v -15.771023 -0.173362 -0.499999
v -15.767795 -0.177045 -0.530900
v -15.758429 -0.187732 -0.558777
v -15.743839 -0.204379 -0.580900
v -15.725456 -0.225354 -0.595104
v -15.705078 -0.248605 -0.599999
v -15.807531 -0.344369 0.600001
v -15.829290 -0.322408 0.595107
v -15.848920 -0.302597 0.580903
v -15.864498 -0.286876 0.558780
v -15.874499 -0.276781 0.530903
v -15.877946 -0.273303 0.500001
v -15.877946 -0.273303 -0.499999
v -15.874499 -0.276781 -0.530900
v -15.864498 -0.286876 -0.558777
v -15.848920 -0.302598 -0.580900
v -15.829290 -0.322408 -0.595104
v -15.807531 -0.344369 -0.599999
v -15.905274 -0.447030 0.600001
v -15.928204 -0.426297 0.595107
v -15.948887 -0.407594 0.580903
v -15.965302 -0.392751 0.558780
v -15.975841 -0.383222 0.530903
v -15.979472 -0.379938 0.500001
v -15.979472 -0.379938 -0.499999
v -15.975841 -0.383222 -0.530900
v -15.965302 -0.392751 -0.558777
v -15.948887 -0.407594 -0.580900
v -15.928204 -0.426297 -0.595104
v -15.905274 -0.447030 -0.599999
v -15.999309 -0.556559 0.600001
v -16.023199 -0.536945 0.595107
v -16.044748 -0.519252 0.580903
v -16.061852 -0.505210 0.558780
v -16.072832 -0.496195 0.530903
v -16.076616 -0.493089 0.500001
v -16.076616 -0.493089 -0.499999
v -16.072832 -0.496195 -0.530900
v -16.061852 -0.505210 -0.558777
v -16.044748 -0.519252 -0.580900
v -16.023199 -0.536945 -0.595104
v -15.999309 -0.556559 -0.599999
v -16.090643 -0.672934 0.600001
v -16.115299 -0.654299 0.595107
v -16.137543 -0.637487 0.580903
v -16.155193 -0.624146 0.558780
v -16.166527 -0.615580 0.530903
v -16.170433 -0.612628 0.500001
v -16.170433 -0.612628 -0.499999
v -16.166527 -0.615580 -0.530900
v -16.155193 -0.624146 -0.558777
v -16.137543 -0.637487 -0.580900
v -16.115299 -0.654299 -0.595104
v -16.090643 -0.672934 -0.599999
v -16.180286 -0.796144 0.600001
v -16.205538 -0.778325 0.595107
v -16.228317 -0.762251 0.580903
v -16.246395 -0.749494 0.558780
v -16.258001 -0.741304 0.530903
v -16.262001 -0.738482 0.500001
v -16.262001 -0.738482 -0.499999
v -16.258001 -0.741304 -0.530900
v -16.246395 -0.749494 -0.558777
v -16.228317 -0.762251 -0.580900
v -16.205538 -0.778325 -0.595104
v -16.180286 -0.796144 -0.599999
v -16.269257 -0.926183 0.600001
v -16.294952 -0.909013 0.595107
v -16.318130 -0.893524 0.580903
v -16.336527 -0.881232 0.558780
v -16.348337 -0.873340 0.530903
v -16.352407 -0.870621 0.500001
v -16.352407 -0.870621 -0.499999
v -16.348337 -0.873340 -0.530900
v -16.336527 -0.881232 -0.558777
v -16.318130 -0.893524 -0.580900
v -16.294952 -0.909013 -0.595104
v -16.269257 -0.926183 -0.599999
v -16.358562 -1.063053 0.600001
v -16.384571 -1.046365 0.595107
v -16.408035 -1.031311 0.580903
v -16.426655 -1.019364 0.558780
v -16.438610 -1.011693 0.530903
v -16.442730 -1.009050 0.500001
v -16.442730 -1.009050 -0.499999
v -16.438610 -1.011693 -0.530900
v -16.426655 -1.019364 -0.558777
v -16.408035 -1.031311 -0.580900
v -16.384571 -1.046365 -0.595104
v -16.358562 -1.063053 -0.599999
v -16.449215 -1.206757 0.600001
v -16.475428 -1.190393 0.595107
v -16.499075 -1.175630 0.580903
v -16.517841 -1.163914 0.558780
v -16.529890 -1.156392 0.530903
v -16.534042 -1.153800 0.500001
v -16.534042 -1.153800 -0.499999
v -16.529890 -1.156392 -0.530900
v -16.517841 -1.163914 -0.558777
v -16.499075 -1.175630 -0.580900
v -16.475428 -1.190393 -0.595104
v -16.449215 -1.206757 -0.599999
v -16.542225 -1.357305 0.600001
v -16.568546 -1.341116 0.595107
v -16.592291 -1.326512 0.580903
v -16.611135 -1.314922 0.558780
v -16.623234 -1.307481 0.530903
v -16.627403 -1.304917 0.500001
v -16.627403 -1.304917 -0.499999
v -16.623234 -1.307481 -0.530900
v -16.611135 -1.314922 -0.558777
v -16.592291 -1.326512 -0.580900
v -16.568546 -1.341116 -0.595104
v -16.542225 -1.357305 -0.599999
v -16.638563 -1.514650 0.600001
v -16.664860 -1.498419 0.595107
v -16.688581 -1.483777 0.580903
v -16.707407 -1.472156 0.558780
v -16.719494 -1.464696 0.530903
v -16.723658 -1.462125 0.500001
v -16.723658 -1.462125 -0.499999
v -16.719494 -1.464696 -0.530900
v -16.707407 -1.472156 -0.558777
v -16.688581 -1.483777 -0.580900
v -16.664860 -1.498419 -0.595104
v -16.638563 -1.514650 -0.599999
v -16.691645 -1.599957 0.600001
v -16.717812 -1.583518 0.595107
v -16.741417 -1.568689 0.580903
v -16.760151 -1.556921 0.558780
v -16.772179 -1.549365 0.530903
v -16.776323 -1.546761 0.500001
v -16.776323 -1.546761 -0.499999
v -16.772179 -1.549365 -0.530900
v -16.760151 -1.556921 -0.558777
v -16.741417 -1.568689 -0.580900
v -16.717812 -1.583518 -0.595104
v -16.691645 -1.599957 -0.599999
v -16.742033 -1.679409 0.600001
v -16.768049 -1.662734 0.595107
v -16.791519 -1.647690 0.580903
v -16.810146 -1.635752 0.558780
v -16.822104 -1.628087 0.530903
v -16.826225 -1.625446 0.500001
v -16.826225 -1.625446 -0.499999
v -16.822104 -1.628087 -0.530900
v -16.810146 -1.635752 -0.558777
v -16.791519 -1.647690 -0.580900
v -16.768049 -1.662734 -0.595104
v -16.742033 -1.679409 -0.599999
v -16.790836 -1.754749 0.600001
v -16.816687 -1.737818 0.595107
v -16.840008 -1.722543 0.580903
v -16.858515 -1.710422 0.558780
v -16.870396 -1.702639 0.530903
v -16.874491 -1.699957 0.500001
v -16.874491 -1.699957 -0.499999
v -16.870396 -1.702639 -0.530900
v -16.858515 -1.710422 -0.558777
v -16.840008 -1.722543 -0.580900
v -16.816687 -1.737818 -0.595104
v -16.790836 -1.754749 -0.599999
v -16.839163 -1.827723 0.600001
v -16.864841 -1.810532 0.595107
v -16.888006 -1.795024 0.580903
v -16.906391 -1.782717 0.558780
v -16.918194 -1.774815 0.530903
v -16.922262 -1.772092 0.500001
v -16.922262 -1.772092 -0.499999
v -16.918194 -1.774815 -0.530900
v -16.906391 -1.782717 -0.558777
v -16.888006 -1.795024 -0.580900
v -16.864841 -1.810532 -0.595104
v -16.839163 -1.827723 -0.599999
v -16.888121 -1.900074 0.600001
v -16.913635 -1.882639 0.595107
v -16.936651 -1.866910 0.580903
v -16.954916 -1.854428 0.558780
v -16.966644 -1.846414 0.530903
v -16.970684 -1.843652 0.500001
v -16.970684 -1.843652 -0.499999
v -16.966644 -1.846414 -0.530900
v -16.954916 -1.854428 -0.558777
v -16.936651 -1.866910 -0.580900
v -16.913635 -1.882639 -0.595104
v -16.888121 -1.900074 -0.599999
v -16.938828 -1.973549 0.600001
v -16.964193 -1.955899 0.595107
v -16.987076 -1.939976 0.580903
v -17.005234 -1.927340 0.558780
v -17.016893 -1.919227 0.530903
v -17.020910 -1.916431 0.500001
v -17.020910 -1.916431 -0.499999
v -17.016893 -1.919227 -0.530900
v -17.005234 -1.927340 -0.558777
v -16.987076 -1.939976 -0.580900
v -16.964193 -1.955899 -0.595104
v -16.938828 -1.973549 -0.599999
v -16.992390 -2.049888 0.600001
v -17.017632 -2.032063 0.595107
v -17.040403 -2.015984 0.580903
v -17.058475 -2.003222 0.558780
v -17.070078 -1.995029 0.530903
v -17.074076 -1.992206 0.500001
v -17.074076 -1.992206 -0.499999
v -17.070078 -1.995029 -0.530900
v -17.058475 -2.003222 -0.558777
v -17.040403 -2.015984 -0.580900
v -17.017632 -2.032063 -0.595104
v -16.992390 -2.049888 -0.599999
v -17.049911 -2.130830 0.600001
v -17.075062 -2.112875 0.595107
v -17.097752 -2.096678 0.580903
v -17.115757 -2.083823 0.558780
v -17.127317 -2.075571 0.530903
v -17.131300 -2.072727 0.500001
v -17.131300 -2.072727 -0.499999
v -17.127317 -2.075571 -0.530900
v -17.115757 -2.083823 -0.558777
v -17.097752 -2.096678 -0.580900
v -17.075062 -2.112875 -0.595104
v -17.049911 -2.130830 -0.599998
v -17.112499 -2.218106 0.600001
v -17.137587 -2.200064 0.595107
v -17.160219 -2.183789 0.580903
v -17.178181 -2.170872 0.558780
v -17.189713 -2.162580 0.530903
v -17.193686 -2.159722 0.500001
v -17.193686 -2.159722 -0.499998
v -17.189713 -2.162580 -0.530900
v -17.178181 -2.170872 -0.558777
v -17.160219 -2.183789 -0.580900
v -17.137587 -2.200064 -0.595104
v -17.112499 -2.218106 -0.599998
v -17.181255 -2.313449 0.600001
v -17.206308 -2.295358 0.595107
v -17.228909 -2.279038 0.580903
v -17.246843 -2.266087 0.558780
v -17.258360 -2.257771 0.530903
v -17.262327 -2.254906 0.500001
v -17.262327 -2.254906 -0.499998
v -17.258360 -2.257771 -0.530900
v -17.246843 -2.266087 -0.558777
v -17.228909 -2.279038 -0.580900
v -17.206308 -2.295358 -0.595104
v -17.181255 -2.313449 -0.599998
v -17.257280 -2.418589 0.600001
v -17.282318 -2.400480 0.595107
v -17.304907 -2.384143 0.580903
v -17.322834 -2.371179 0.558780
v -17.334343 -2.362855 0.530903
v -17.338308 -2.359987 0.500001
v -17.338308 -2.359987 -0.499998
v -17.334343 -2.362855 -0.530900
v -17.322834 -2.371179 -0.558777
v -17.304907 -2.384143 -0.580900
v -17.282318 -2.400480 -0.595104
v -17.257280 -2.418589 -0.599998
v -17.364613 -2.566972 0.600001
v -17.425106 -2.597873 0.595107
v -17.479675 -2.625750 0.580903
v -17.522984 -2.647873 0.558780
v -17.550789 -2.662077 0.530903
v -17.560369 -2.666971 0.500002
v -17.560369 -2.666971 -0.499998
v -17.550789 -2.662077 -0.530900
v -17.522984 -2.647873 -0.558777
v -17.479675 -2.625750 -0.580900
v -17.425106 -2.597873 -0.595104
v -17.364613 -2.566972 -0.599998
v -16.428968 -2.566972 0.600001
v -16.412098 -2.597873 0.595107
v -16.396879 -2.625750 0.580903
v -16.384800 -2.647873 0.558780
v -16.377047 -2.662077 0.530903
v -16.374374 -2.666971 0.500001
v -16.374374 -2.666971 -0.499999
v -16.377047 -2.662077 -0.530900
v -16.384800 -2.647873 -0.558777
v -16.396879 -2.625750 -0.580900
v -16.412098 -2.597873 -0.595104
v -16.428968 -2.566972 -0.599999
v -15.741928 -1.498240 0.600001
v -15.716048 -1.515128 0.595107
v -15.692702 -1.530363 0.580903
v -15.674174 -1.542454 0.558780
v -15.662279 -1.550217 0.530903
v -15.658180 -1.552891 0.500001
v -15.658180 -1.552891 -0.499999
v -15.662279 -1.550217 -0.530900
v -15.674174 -1.542454 -0.558777
v -15.692702 -1.530363 -0.580900
v -15.716048 -1.515128 -0.595104
v -15.741928 -1.498240 -0.599999
v -15.579354 -1.252792 0.600001
v -15.553870 -1.270278 0.595107
v -15.530881 -1.286053 0.580903
v -15.512637 -1.298571 0.558780
v -15.500923 -1.306609 0.530903
v -15.496887 -1.309378 0.500001
v -15.496887 -1.309378 -0.499999
v -15.500923 -1.306609 -0.530900
v -15.512637 -1.298571 -0.558777
v -15.530881 -1.286053 -0.580900
v -15.553870 -1.270278 -0.595104
v -15.579354 -1.252792 -0.599999
v -15.430883 -1.043831 0.600001
v -15.406064 -1.062252 0.595107
v -15.383675 -1.078871 0.580903
v -15.365907 -1.092059 0.558780
v -15.354498 -1.100526 0.530903
v -15.350568 -1.103444 0.500001
v -15.350568 -1.103444 -0.499999
v -15.354498 -1.100526 -0.530900
v -15.365907 -1.092059 -0.558777
v -15.383675 -1.078871 -0.580900
v -15.406064 -1.062252 -0.595104
v -15.430883 -1.043831 -0.599999
v -15.294964 -0.868439 0.600001
v -15.271038 -0.888012 0.595107
v -15.249454 -0.905669 0.580903
v -15.232324 -0.919682 0.558780
v -15.221326 -0.928679 0.530903
v -15.217537 -0.931779 0.500001
v -15.217537 -0.931779 -0.499999
v -15.221326 -0.928679 -0.530900
v -15.232324 -0.919682 -0.558777
v -15.249454 -0.905669 -0.580900
v -15.271038 -0.888012 -0.595104
v -15.294964 -0.868439 -0.599999
v -15.170130 -0.723799 0.600001
v -15.147410 -0.744771 0.595107
v -15.126916 -0.763690 0.580903
v -15.110651 -0.778705 0.558780
v -15.100208 -0.788345 0.530903
v -15.096610 -0.791666 0.500001
v -15.096610 -0.791666 -0.499999
v -15.100208 -0.788345 -0.530900
v -15.110651 -0.778705 -0.558777
v -15.126916 -0.763690 -0.580900
v -15.147410 -0.744771 -0.595104
v -15.170130 -0.723799 -0.599999
v -15.054928 -0.607078 0.600001
v -15.033842 -0.629705 0.595107
v -15.014821 -0.650118 0.580903
v -14.999726 -0.666317 0.558780
v -14.990034 -0.676718 0.530903
v -14.986694 -0.680302 0.500001
v -14.986694 -0.680302 -0.499999
v -14.990034 -0.676718 -0.530900
v -14.999726 -0.666317 -0.558777
v -15.014821 -0.650118 -0.580900
v -15.033842 -0.629705 -0.595104
v -15.054928 -0.607078 -0.599999
v -14.947911 -0.515409 0.600001
v -14.929007 -0.539904 0.595107
v -14.911953 -0.562002 0.580903
v -14.898419 -0.579539 0.558780
v -14.889729 -0.590799 0.530903
v -14.886736 -0.594678 0.500001
v -14.886736 -0.594678 -0.499999
v -14.889729 -0.590799 -0.530900
v -14.898419 -0.579539 -0.558777
v -14.911953 -0.562002 -0.580900
v -14.929007 -0.539904 -0.595104
v -14.947911 -0.515409 -0.599999
v -14.847610 -0.445868 0.600001
v -14.831516 -0.472313 0.595107
v -14.816998 -0.496169 0.580903
v -14.805477 -0.515101 0.558780
v -14.798079 -0.527256 0.530903
v -14.795531 -0.531445 0.500001
v -14.795531 -0.531445 -0.499999
v -14.798079 -0.527256 -0.530900
v -14.805477 -0.515101 -0.558777
v -14.816998 -0.496169 -0.580900
v -14.831516 -0.472313 -0.595104
v -14.847610 -0.445868 -0.599999
v -14.752472 -0.395469 0.600001
v -14.739777 -0.423714 0.595107
v -14.728324 -0.449193 0.580903
v -14.719234 -0.469414 0.558780
v -14.713399 -0.482397 0.530903
v -14.711389 -0.486870 0.500001
v -14.711389 -0.486870 -0.499999
v -14.713399 -0.482397 -0.530900
v -14.719234 -0.469414 -0.558777
v -14.728324 -0.449193 -0.580900
v -14.739777 -0.423714 -0.595104
v -14.752472 -0.395469 -0.599999
v -14.660808 -0.361207 0.600001
v -14.651842 -0.390846 0.595107
v -14.643754 -0.417583 0.580903
v -14.637335 -0.438802 0.558780
v -14.633214 -0.452425 0.530903
v -14.631794 -0.457119 0.500001
v -14.631794 -0.457119 -0.499999
v -14.633214 -0.452425 -0.530900
v -14.637335 -0.438802 -0.558777
v -14.643754 -0.417583 -0.580900
v -14.651842 -0.390846 -0.595104
v -14.660808 -0.361207 -0.599999
v -14.570806 -0.340152 0.600001
v -14.565457 -0.370636 0.595107
v -14.560633 -0.398137 0.580903
v -14.556803 -0.419962 0.558780
v -14.554345 -0.433974 0.530903
v -14.553497 -0.438802 0.500001
v -14.553497 -0.438803 -0.499999
v -14.554345 -0.433974 -0.530900
v -14.556803 -0.419962 -0.558777
v -14.560633 -0.398137 -0.580900
v -14.565457 -0.370636 -0.595104
v -14.570806 -0.340152 -0.599999
v -14.480638 -0.329503 0.600001
v -14.478327 -0.360347 0.595107
v -14.476241 -0.388171 0.580903
v -14.474586 -0.410253 0.558780
v -14.473524 -0.424430 0.530903
v -14.473158 -0.429315 0.500001
v -14.473158 -0.429315 -0.499999
v -14.473524 -0.424430 -0.530900
v -14.474586 -0.410253 -0.558777
v -14.476241 -0.388171 -0.580900
v -14.478327 -0.360347 -0.595105
v -14.480638 -0.329503 -0.599999
v -14.388366 -0.326545 0.600001
v -14.387871 -0.357447 0.595107
v -14.387424 -0.385323 0.580903
v -14.387069 -0.407447 0.558780
v -14.386842 -0.421651 0.530903
v -14.386763 -0.426545 0.500001
v -14.386763 -0.426545 -0.499999
v -14.386842 -0.421651 -0.530901
v -14.387069 -0.407447 -0.558777
v -14.387424 -0.385323 -0.580901
v -14.387871 -0.357447 -0.595105
v -14.388366 -0.326545 -0.599999
v -14.098356 -0.326545 0.600001
v -14.129258 -0.357447 0.595107
v -14.157135 -0.385323 0.580903
v -14.179258 -0.407447 0.558780
v -14.193462 -0.421651 0.530903
v -14.198357 -0.426545 0.500001
v -14.198357 -0.426545 -0.499999
v -14.193462 -0.421651 -0.530901
v -14.179258 -0.407447 -0.558777
v -14.157135 -0.385323 -0.580901
v -14.129258 -0.357447 -0.595105
v -14.098356 -0.326545 -0.599999
v -14.098356 -2.566972 0.600001
v -14.129258 -2.597873 0.595107
v -14.157135 -2.625750 0.580903
v -14.179258 -2.647873 0.558780
v -14.193462 -2.662077 0.530903
v -14.198357 -2.666971 0.500001
v -14.198357 -2.666971 -0.499999
v -14.193462 -2.662077 -0.530900
v -14.179258 -2.647873 -0.558777
v -14.157135 -2.625750 -0.580900
v -14.129258 -2.597873 -0.595104
v -14.098356 -2.566972 -0.599999
v -13.316595 -2.566972 0.600001
v -13.285693 -2.597873 0.595107
v -13.257816 -2.625750 0.580903
v -13.235693 -2.647873 0.558780
v -13.221489 -2.662077 0.530903
v -13.216595 -2.666971 0.500001
v -13.216595 -2.666971 -0.499999
v -13.221489 -2.662077 -0.530901
v -13.235693 -2.647873 -0.558777
v -13.257816 -2.625750 -0.580901
v -13.285693 -2.597873 -0.595105
v -13.316595 -2.566972 -0.599999
v -13.316595 2.635092 0.600001
v -13.285693 2.665994 0.595107
v -13.257816 2.693871 0.580903
v -13.235693 2.715994 0.558779
v -13.221489 2.730198 0.530903
v -13.216595 2.735092 0.500001
v -13.216595 2.735092 -0.499999
v -13.221489 2.730198 -0.530901
v -13.235693 2.715994 -0.558778
v -13.257816 2.693871 -0.580901
v -13.285693 2.665994 -0.595105
v -13.316595 2.635092 -0.599999
v -14.638914 2.635092 0.600001
v -14.639610 2.665994 0.595107
v -14.640238 2.693871 0.580903
v -14.640736 2.715994 0.558780
v -14.641056 2.730198 0.530903
v -14.641166 2.735092 0.500001
v -14.641166 2.735092 -0.499999
v -14.641056 2.730198 -0.530901
v -14.640736 2.715994 -0.558778
v -14.640238 2.693871 -0.580901
v -14.639610 2.665994 -0.595105
v -14.638914 2.635092 -0.599999
v -14.554761 0.379528 0.600001
v -14.554077 0.410429 0.595107
v -14.553459 0.438306 0.580903
v -14.552969 0.460429 0.558780
v -14.552654 0.474633 0.530903
v -14.552546 0.479528 0.500001
v -14.552546 0.479528 -0.499999
v -14.552654 0.474633 -0.530901
v -14.552969 0.460429 -0.558777
v -14.553459 0.438306 -0.580901
v -14.554077 0.410429 -0.595105
v -14.554761 0.379528 -0.599999
v -14.740367 0.387755 0.600001
v -14.737448 0.418558 0.595107
v -14.734814 0.446345 0.580903
v -14.732723 0.468398 0.558780
v -14.731381 0.482556 0.530903
v -14.730919 0.487435 0.500001
v -14.730919 0.487435 -0.499999
v -14.731381 0.482556 -0.530901
v -14.732723 0.468398 -0.558777
v -14.734814 0.446345 -0.580901
v -14.737448 0.418558 -0.595105
v -14.740367 0.387755 -0.599999
v -14.902771 0.411423 0.600001
v -14.896527 0.441742 0.595107
v -14.890894 0.469092 0.580903
v -14.886424 0.490797 0.558780
v -14.883554 0.504733 0.530903
v -14.882565 0.509535 0.500001
v -14.882565 0.509535 -0.499999
v -14.883554 0.504733 -0.530901
v -14.886424 0.490797 -0.558777
v -14.890894 0.469092 -0.580901
v -14.896527 0.441742 -0.595104
v -14.902771 0.411423 -0.599999
v -15.043562 0.449106 0.600001
v -15.033573 0.478422 0.595107
v -15.024561 0.504868 0.580903
v -15.017409 0.525855 0.558780
v -15.012817 0.539330 0.530903
v -15.011235 0.543973 0.500001
v -15.011235 0.543973 -0.499999
v -15.012817 0.539330 -0.530900
v -15.017409 0.525855 -0.558777
v -15.024561 0.504868 -0.580900
v -15.033573 0.478422 -0.595104
v -15.043562 0.449106 -0.599999
v -15.163976 0.499354 0.600001
v -15.149941 0.526982 0.595107
v -15.137281 0.551905 0.580903
v -15.127234 0.571685 0.558780
v -15.120783 0.584384 0.530903
v -15.118560 0.588759 0.500001
v -15.118560 0.588759 -0.499999
v -15.120783 0.584384 -0.530900
v -15.127234 0.571685 -0.558777
v -15.137281 0.551905 -0.580900
v -15.149941 0.526982 -0.595104
v -15.163976 0.499354 -0.599999
v -15.265324 0.560754 0.600001
v -15.247184 0.585895 0.595107
v -15.230820 0.608575 0.580903
v -15.217834 0.626573 0.558780
v -15.209496 0.638129 0.530903
v -15.206623 0.642111 0.500001
v -15.206623 0.642111 -0.499999
v -15.209496 0.638129 -0.530900
v -15.217834 0.626573 -0.558777
v -15.230820 0.608575 -0.580900
v -15.247184 0.585895 -0.595104
v -15.265324 0.560754 -0.599999
v -15.348971 0.631977 0.600001
v -15.326993 0.653849 0.595107
v -15.307167 0.673581 0.580903
v -15.291432 0.689240 0.558780
v -15.281330 0.699293 0.530903
v -15.277849 0.702758 0.500001
v -15.277849 0.702758 -0.499999
v -15.281330 0.699293 -0.530900
v -15.291432 0.689240 -0.558777
v -15.307167 0.673581 -0.580900
v -15.326993 0.653849 -0.595104
v -15.348971 0.631977 -0.599999
v -15.416283 0.711804 0.600001
v -15.391049 0.729817 0.595107
v -15.368287 0.746066 0.580903
v -15.350223 0.758962 0.558780
v -15.338624 0.767241 0.530903
v -15.334627 0.770094 0.500001
v -15.334627 0.770094 -0.499999
v -15.338624 0.767241 -0.530900
v -15.350223 0.758962 -0.558777
v -15.368287 0.746066 -0.580900
v -15.391049 0.729817 -0.595104
v -15.416283 0.711804 -0.599999
v -15.468537 0.799099 0.600001
v -15.440827 0.812972 0.595107
v -15.415829 0.825488 0.580903
v -15.395990 0.835420 0.558780
v -15.383253 0.841797 0.530903
v -15.378864 0.843994 0.500001
v -15.378864 0.843994 -0.499999
v -15.383253 0.841797 -0.530900
v -15.395990 0.835420 -0.558777
v -15.415829 0.825488 -0.580900
v -15.440827 0.812972 -0.595104
v -15.468537 0.799099 -0.599999
v -15.506908 0.892729 0.600001
v -15.477519 0.902505 0.595107
v -15.451006 0.911324 0.580903
v -15.429965 0.918323 0.558780
v -15.416456 0.922817 0.530903
v -15.411801 0.924365 0.500001
v -15.411801 0.924365 -0.499999
v -15.416456 0.922817 -0.530900
v -15.429965 0.918323 -0.558777
v -15.451006 0.911324 -0.580900
v -15.477519 0.902505 -0.595104
v -15.506908 0.892729 -0.599999
v -15.532478 0.991505 0.600001
v -15.502100 0.997460 0.595107
v -15.474695 1.002833 0.580903
v -15.452947 1.007096 0.558780
v -15.438983 1.009834 0.530903
v -15.434172 1.010777 0.500001
v -15.434172 1.010777 -0.499999
v -15.438983 1.009834 -0.530900
v -15.452947 1.007096 -0.558777
v -15.474695 1.002833 -0.580900
v -15.502100 0.997460 -0.595104
v -15.532478 0.991505 -0.599999
v -15.546302 1.094162 0.600001
v -15.515462 1.096691 0.595107
v -15.487640 1.098972 0.580903
v -15.465562 1.100782 0.558780
v -15.451385 1.101944 0.530903
v -15.446502 1.102344 0.500001
v -15.446502 1.102344 -0.499999
v -15.451385 1.101944 -0.530900
v -15.465562 1.100782 -0.558777
v -15.487640 1.098972 -0.580900
v -15.515462 1.096691 -0.595104
v -15.546302 1.094162 -0.599999
v -15.549432 1.199319 0.600001
v -15.518499 1.198748 0.595107
v -15.490595 1.198234 0.580903
v -15.468450 1.197825 0.558780
v -15.454231 1.197563 0.530903
v -15.449332 1.197473 0.500001
v -15.449332 1.197473 -0.499999
v -15.454231 1.197563 -0.530900
v -15.468450 1.197825 -0.558777
v -15.490595 1.198234 -0.580900
v -15.518499 1.198748 -0.595104
v -15.549432 1.199319 -0.599999
v -15.541759 1.314306 0.600001
v -15.511044 1.310472 0.595107
v -15.483335 1.307012 0.580903
v -15.461347 1.304266 0.558780
v -15.447228 1.302504 0.530903
v -15.442364 1.301896 0.500001
v -15.442364 1.301896 -0.499999
v -15.447228 1.302504 -0.530900
v -15.461347 1.304266 -0.558777
v -15.483335 1.307012 -0.580900
v -15.511044 1.310472 -0.595104
v -15.541759 1.314306 -0.599999
v -15.522200 1.420703 0.600001
v -15.492182 1.413079 0.595107
v -15.465102 1.406201 0.580903
v -15.443611 1.400743 0.558780
v -15.429813 1.397239 0.530903
v -15.425059 1.396032 0.500001
v -15.425059 1.396032 -0.499999
v -15.429813 1.397239 -0.530900
v -15.443611 1.400743 -0.558777
v -15.465102 1.406201 -0.580900
v -15.492182 1.413079 -0.595104
v -15.522200 1.420703 -0.599999
v -15.490356 1.518217 0.600001
v -15.461708 1.506401 0.595107
v -15.435863 1.495741 0.580903
v -15.415353 1.487282 0.558780
v -15.402184 1.481851 0.530903
v -15.397647 1.479979 0.500001
v -15.397647 1.479979 -0.499999
v -15.402184 1.481851 -0.530900
v -15.415353 1.487282 -0.558777
v -15.435863 1.495741 -0.580900
v -15.461708 1.506401 -0.595104
v -15.490356 1.518217 -0.599999
v -15.445801 1.606641 0.600001
v -15.419345 1.590473 0.595107
v -15.395478 1.575888 0.580903
v -15.376537 1.564313 0.558780
v -15.364377 1.556882 0.530903
v -15.360187 1.554321 0.500001
v -15.360187 1.554321 -0.499999
v -15.364377 1.556882 -0.530901
v -15.376537 1.564313 -0.558777
v -15.395478 1.575888 -0.580901
v -15.419345 1.590473 -0.595105
v -15.445801 1.606641 -0.599999
v -15.388014 1.685840 0.600001
v -15.364584 1.665525 0.595107
v -15.343447 1.647198 0.580903
v -15.326673 1.632654 0.558780
v -15.315904 1.623316 0.530903
v -15.312192 1.620099 0.500001
v -15.312192 1.620099 -0.499999
v -15.315904 1.623316 -0.530901
v -15.326673 1.632654 -0.558777
v -15.343447 1.647198 -0.580901
v -15.364584 1.665525 -0.595105
v -15.388014 1.685840 -0.599999
v -15.316345 1.755686 0.600001
v -15.296583 1.731796 0.595107
v -15.278756 1.710244 0.580903
v -15.264608 1.693140 0.558780
v -15.255525 1.682159 0.530903
v -15.252395 1.678375 0.500001
v -15.252395 1.678375 -0.499999
v -15.255525 1.682159 -0.530901
v -15.264608 1.693140 -0.558777
v -15.278756 1.710244 -0.580901
v -15.296583 1.731796 -0.595105
v -15.316345 1.755686 -0.599999
v -15.230047 1.815959 0.600001
v -15.214255 1.789297 0.595107
v -15.200008 1.765244 0.580903
v -15.188703 1.746156 0.558780
v -15.181443 1.733900 0.530903
v -15.178943 1.729677 0.500001
v -15.178943 1.729677 -0.499999
v -15.181443 1.733900 -0.530901
v -15.188703 1.746156 -0.558777
v -15.200008 1.765244 -0.580901
v -15.214255 1.789297 -0.595105
v -15.230047 1.815959 -0.599999
v -15.128368 1.866312 0.600001
v -15.116491 1.837710 0.595107
v -15.105777 1.811909 0.580903
v -15.097274 1.791432 0.558780
v -15.091815 1.778285 0.530903
v -15.089933 1.773755 0.500001
v -15.089933 1.773755 -0.499999
v -15.091815 1.778285 -0.530901
v -15.097274 1.791432 -0.558777
v -15.105777 1.811909 -0.580901
v -15.116491 1.837710 -0.595105
v -15.128368 1.866312 -0.599999
v -15.010616 1.906299 0.600001
v -15.002348 1.876472 0.595107
v -14.994889 1.849564 0.580903
v -14.988970 1.828210 0.558780
v -14.985169 1.814500 0.530903
v -14.983860 1.809776 0.500001
v -14.983860 1.809776 -0.499999
v -14.985169 1.814500 -0.530901
v -14.988970 1.828210 -0.558777
v -14.994889 1.849564 -0.580901
v -15.002348 1.876472 -0.595105
v -15.010616 1.906299 -0.599999
v -14.876187 1.935436 0.600001
v -14.871100 1.904920 0.595107
v -14.866511 1.877391 0.580903
v -14.862869 1.855543 0.558780
v -14.860531 1.841516 0.530903
v -14.859725 1.836683 0.500001
v -14.859725 1.836683 -0.499999
v -14.860531 1.841516 -0.530901
v -14.862869 1.855543 -0.558777
v -14.866511 1.877391 -0.580901
v -14.871100 1.904920 -0.595105
v -14.876187 1.935436 -0.599999
v -14.724543 1.953249 0.600001
v -14.722186 1.922412 0.595107
v -14.720059 1.894593 0.580903
v -14.718372 1.872516 0.558780
v -14.717289 1.858342 0.530903
v -14.716916 1.853457 0.500001
v -14.716916 1.853457 -0.499999
v -14.717289 1.858342 -0.530901
v -14.718372 1.872516 -0.558777
v -14.720059 1.894593 -0.580901
v -14.722186 1.922412 -0.595105
v -14.724543 1.953249 -0.599999
v -14.554848 1.959296 0.600001
v -14.554297 1.928394 0.595107
v -14.553802 1.900517 0.580903
v -14.553408 1.878394 0.558780
v -14.553154 1.864190 0.530903
v -14.553067 1.859296 0.500001
v -14.553067 1.859296 -0.499999
v -14.553154 1.864190 -0.530901
v -14.553408 1.878394 -0.558777
v -14.553802 1.900517 -0.580901
v -14.554297 1.928394 -0.595105
v -14.554848 1.959296 -0.599999
v -14.098356 1.959296 0.600001
v -14.129258 1.928394 0.595107
v -14.157135 1.900517 0.580903
v -14.179258 1.878394 0.558780
v -14.193462 1.864190 0.530903
v -14.198357 1.859296 0.500001
v -14.198357 1.859296 -0.499999
v -14.193462 1.864190 -0.530901
v -14.179258 1.878394 -0.558778
v -14.157135 1.900517 -0.580901
v -14.129258 1.928394 -0.595105
v -14.098356 1.959296 -0.599999
v -14.098356 0.379528 0.600001
v -14.129258 0.410429 0.595107
v -14.157135 0.438306 0.580903
v -14.179258 0.460429 0.558780
v -14.193462 0.474633 0.530903
v -14.198357 0.479528 0.500001
v -14.198357 0.479528 -0.499999
v -14.193462 0.474633 -0.530901
v -14.179258 0.460429 -0.558777
v -14.157135 0.438306 -0.580901
v -14.129258 0.410429 -0.595105
v -14.098356 0.379528 -0.599999
v -22.024265 -2.566972 0.600002
v -22.010174 -2.597873 0.595108
v -21.997463 -2.625750 0.580904
v -21.987375 -2.647873 0.558780
v -21.980900 -2.662077 0.530904
v -21.978668 -2.666971 0.500002
v -21.978668 -2.666971 -0.499998
v -21.980900 -2.662077 -0.530900
v -21.987375 -2.647873 -0.558777
v -21.997463 -2.625750 -0.580900
v -22.010174 -2.597873 -0.595104
v -22.024265 -2.566972 -0.599998
v -18.601919 1.373232 0.600001
v -18.632820 1.290531 0.595107
v -18.660698 1.215925 0.580903
v -18.682821 1.156717 0.558780
v -18.697025 1.118703 0.530903
v -18.701920 1.105604 0.500001
v -18.701920 1.105604 -0.499999
v -18.697025 1.118703 -0.530900
v -18.682821 1.156717 -0.558777
v -18.660698 1.215925 -0.580900
v -18.632820 1.290531 -0.595104
v -18.601919 1.373232 -0.599999
v -18.601919 -2.566972 0.600002
v -18.632820 -2.597873 0.595107
v -18.660698 -2.625750 0.580903
v -18.682821 -2.647873 0.558780
v -18.697023 -2.662077 0.530903
v -18.701920 -2.666971 0.500002
v -18.701920 -2.666971 -0.499998
v -18.697023 -2.662077 -0.530900
v -18.682821 -2.647873 -0.558777
v -18.660698 -2.625750 -0.580900
v -18.632820 -2.597873 -0.595104
v -18.601919 -2.566972 -0.599998
v -17.865570 -2.566972 0.600002
v -17.834669 -2.597873 0.595107
v -17.806791 -2.625750 0.580903
v -17.784668 -2.647873 0.558780
v -17.770466 -2.662077 0.530903
v -17.765570 -2.666971 0.500002
v -17.765570 -2.666971 -0.499998
v -17.770466 -2.662077 -0.530900
v -17.784668 -2.647873 -0.558777
v -17.806791 -2.625750 -0.580900
v -17.834669 -2.597873 -0.595104
v -17.865570 -2.566972 -0.599998
v -17.865570 2.635092 0.600001
v -17.834669 2.665994 0.595107
v -17.806791 2.693871 0.580903
v -17.784668 2.715994 0.558780
v -17.770466 2.730198 0.530903
v -17.765570 2.735092 0.500001
v -17.765570 2.735092 -0.499999
v -17.770466 2.730198 -0.530900
v -17.784668 2.715994 -0.558777
v -17.806791 2.693871 -0.580900
v -17.834669 2.665994 -0.595104
v -17.865570 2.635092 -0.599999
v -18.485025 2.635092 0.600001
v -18.499048 2.665994 0.595107
v -18.511698 2.693871 0.580903
v -18.521736 2.715994 0.558780
v -18.528181 2.730198 0.530903
v -18.530403 2.735092 0.500001
v -18.530403 2.735092 -0.499999
v -18.528181 2.730198 -0.530900
v -18.521736 2.715994 -0.558777
v -18.511698 2.693871 -0.580900
v -18.499048 2.665994 -0.595104
v -18.485025 2.635092 -0.599999
v -21.952833 -1.328115 0.600002
v -21.921932 -1.245872 0.595107
v -21.894054 -1.171679 0.580904
v -21.871931 -1.112800 0.558780
v -21.857727 -1.074996 0.530904
v -21.852833 -1.061970 0.500002
v -21.852833 -1.061970 -0.499998
v -21.857727 -1.074996 -0.530900
v -21.871931 -1.112800 -0.558777
v -21.894054 -1.171679 -0.580900
v -21.921932 -1.245872 -0.595104
v -21.952833 -1.328115 -0.599998
v -21.952833 2.635092 0.600002
v -21.921932 2.665994 0.595107
v -21.894054 2.693871 0.580903
v -21.871931 2.715994 0.558780
v -21.857729 2.730198 0.530903
v -21.852833 2.735092 0.500002
v -21.852833 2.735092 -0.499998
v -21.857729 2.730198 -0.530900
v -21.871931 2.715994 -0.558777
v -21.894054 2.693871 -0.580900
v -21.921932 2.665994 -0.595104
v -21.952833 2.635092 -0.599998
v -22.689182 2.635092 0.600002
v -22.720083 2.665994 0.595107
v -22.747961 2.693871 0.580903
v -22.770084 2.715994 0.558780
v -22.784286 2.730198 0.530903
v -22.789183 2.735092 0.500002
v -22.789183 2.735092 -0.499998
v -22.784286 2.730198 -0.530900
v -22.770084 2.715994 -0.558777
v -22.747961 2.693871 -0.580900
v -22.720083 2.665994 -0.595104
v -22.689182 2.635092 -0.599998
v -22.689182 -2.566972 0.600002
v -22.720083 -2.597873 0.595108
v -22.747961 -2.625750 0.580904
v -22.770084 -2.647873 0.558780
v -22.784286 -2.662077 0.530904
v -22.789183 -2.666971 0.500002
v -22.789183 -2.666971 -0.499998
v -22.784286 -2.662077 -0.530900
v -22.770084 -2.647873 -0.558777
v -22.747961 -2.625750 -0.580900
v -22.720083 -2.597873 -0.595104
v -22.689182 -2.566972 -0.599998
v -23.496576 -0.337505 0.600002
v -23.477629 -0.313087 0.595108
v -23.460535 -0.291060 0.580904
v -23.446970 -0.273579 0.558780
v -23.438259 -0.262355 0.530904
v -23.435259 -0.258488 0.500002
v -23.435259 -0.258488 -0.499998
v -23.438259 -0.262355 -0.530900
v -23.446970 -0.273579 -0.558777
v -23.460535 -0.291060 -0.580900
v -23.477629 -0.313087 -0.595104
v -23.496576 -0.337505 -0.599998
v -23.582617 -0.273311 0.600002
v -23.564644 -0.248166 0.595108
v -23.548429 -0.225483 0.580904
v -23.535561 -0.207481 0.558780
v -23.527300 -0.195923 0.530904
v -23.524452 -0.191941 0.500002
v -23.524452 -0.191941 -0.499998
v -23.527300 -0.195923 -0.530900
v -23.535561 -0.207481 -0.558777
v -23.548429 -0.225483 -0.580900
v -23.564644 -0.248166 -0.595104
v -23.582617 -0.273311 -0.599998
v -23.671198 -0.212682 0.600002
v -23.654306 -0.186797 0.595108
v -23.639067 -0.163446 0.580904
v -23.626974 -0.144914 0.558780
v -23.619209 -0.133016 0.530904
v -23.616535 -0.128917 0.500002
v -23.616535 -0.128917 -0.499998
v -23.619209 -0.133016 -0.530900
v -23.626974 -0.144914 -0.558777
v -23.639067 -0.163446 -0.580900
v -23.654306 -0.186797 -0.595104
v -23.671198 -0.212683 -0.599998
v -23.762144 -0.156149 0.600002
v -23.746456 -0.129515 0.595108
v -23.732304 -0.105488 0.580904
v -23.721073 -0.086421 0.558780
v -23.713861 -0.074179 0.530904
v -23.711376 -0.069960 0.500002
v -23.711376 -0.069960 -0.499998
v -23.713861 -0.074179 -0.530900
v -23.721073 -0.086421 -0.558777
v -23.732304 -0.105488 -0.580900
v -23.746456 -0.129515 -0.595104
v -23.762144 -0.156149 -0.599998
v -23.855284 -0.104240 0.600002
v -23.840939 -0.076858 0.595108
v -23.827999 -0.052156 0.580904
v -23.817728 -0.032552 0.558780
v -23.811136 -0.019966 0.530904
v -23.808863 -0.015629 0.500002
v -23.808863 -0.015629 -0.499998
v -23.811136 -0.019966 -0.530900
v -23.817728 -0.032552 -0.558777
v -23.827999 -0.052156 -0.580900
v -23.840939 -0.076858 -0.595104
v -23.855284 -0.104240 -0.599998
v -23.950439 -0.057491 0.600002
v -23.937595 -0.029372 0.595108
v -23.926006 -0.004006 0.580904
v -23.916811 0.016125 0.558780
v -23.910908 0.029050 0.530904
v -23.908873 0.033504 0.500002
v -23.908873 0.033504 -0.499998
v -23.910908 0.029050 -0.530900
v -23.916811 0.016125 -0.558777
v -23.926006 -0.004006 -0.580900
v -23.937595 -0.029372 -0.595104
v -23.950439 -0.057491 -0.599998
v -24.047445 -0.016437 0.600002
v -24.036270 0.012389 0.595108
v -24.026192 0.038394 0.580904
v -24.018192 0.059031 0.558780
v -24.013056 0.072281 0.530904
v -24.011286 0.076847 0.500002
v -24.011286 0.076847 -0.499998
v -24.013056 0.072281 -0.530900
v -24.018192 0.059031 -0.558777
v -24.026192 0.038394 -0.580900
v -24.036270 0.012389 -0.595104
v -24.047445 -0.016437 -0.599998
v -24.146120 0.018380 0.600002
v -24.136803 0.047862 0.595108
v -24.128399 0.074458 0.580904
v -24.121729 0.095564 0.558780
v -24.117447 0.109116 0.530904
v -24.115973 0.113785 0.500002
v -24.115973 0.113785 -0.499998
v -24.117447 0.109116 -0.530900
v -24.121729 0.095564 -0.558777
v -24.128399 0.074458 -0.580900
v -24.136803 0.047862 -0.595104
v -24.146120 0.018380 -0.599998
v -24.246286 0.046418 0.600002
v -24.239023 0.076474 0.595108
v -24.232471 0.103588 0.580904
v -24.227270 0.125106 0.558780
v -24.223932 0.138921 0.530904
v -24.222782 0.143682 0.500002
v -24.222782 0.143682 -0.499998
v -24.223932 0.138921 -0.530900
v -24.227270 0.125106 -0.558777
v -24.232471 0.103588 -0.580900
v -24.239023 0.076474 -0.595104
v -24.246286 0.046417 -0.599998
v -24.347765 0.067126 0.600002
v -24.342751 0.097642 0.595108
v -24.338226 0.125170 0.580904
v -24.334637 0.147017 0.558781
v -24.332333 0.161043 0.530904
v -24.331539 0.165876 0.500002
v -24.331539 0.165876 -0.499998
v -24.332333 0.161043 -0.530900
v -24.334637 0.147017 -0.558776
v -24.338226 0.125170 -0.580900
v -24.342751 0.097642 -0.595104
v -24.347765 0.067126 -0.599998
v -24.450361 0.079956 0.600002
v -24.447784 0.110776 0.595108
v -24.445459 0.138579 0.580904
v -24.443613 0.160644 0.558781
v -24.442429 0.174811 0.530904
v -24.442020 0.179692 0.500002
v -24.442020 0.179692 -0.499998
v -24.442429 0.174810 -0.530900
v -24.443613 0.160644 -0.558776
v -24.445459 0.138579 -0.580900
v -24.447784 0.110776 -0.595104
v -24.450361 0.079956 -0.599998
v -24.553814 0.084353 0.600002
v -24.553736 0.115279 0.595108
v -24.553665 0.143178 0.580904
v -24.553608 0.165318 0.558781
v -24.553572 0.179534 0.530904
v -24.553560 0.184432 0.500002
v -24.553560 0.184432 -0.499998
v -24.553572 0.179534 -0.530900
v -24.553608 0.165318 -0.558776
v -24.553665 0.143178 -0.580900
v -24.553736 0.115279 -0.595104
v -24.553814 0.084352 -0.599998
v -24.633196 0.081384 0.600002
v -24.635422 0.112224 0.595108
v -24.637430 0.140045 0.580904
v -24.639025 0.162124 0.558781
v -24.640047 0.176300 0.530904
v -24.640400 0.181184 0.500002
v -24.640400 0.181184 -0.499998
v -24.640047 0.176300 -0.530900
v -24.639025 0.162124 -0.558776
v -24.637430 0.140045 -0.580900
v -24.635422 0.112224 -0.595104
v -24.633196 0.081384 -0.599998
v -24.712933 0.072839 0.600002
v -24.717169 0.103463 0.595108
v -24.720991 0.131090 0.580904
v -24.724024 0.153015 0.558781
v -24.725971 0.167092 0.530904
v -24.726643 0.171942 0.500002
v -24.726643 0.171942 -0.499998
v -24.725971 0.167091 -0.530900
v -24.724024 0.153015 -0.558776
v -24.720991 0.131090 -0.580900
v -24.717169 0.103463 -0.595104
v -24.712933 0.072839 -0.599998
v -24.792976 0.059247 0.600002
v -24.798967 0.089573 0.595108
v -24.804373 0.116932 0.580904
v -24.808662 0.138643 0.558781
v -24.811417 0.152583 0.530904
v -24.812366 0.157386 0.500002
v -24.812366 0.157386 -0.499998
v -24.811417 0.152583 -0.530900
v -24.808662 0.138643 -0.558776
v -24.804373 0.116931 -0.580900
v -24.798967 0.089573 -0.595104
v -24.792976 0.059247 -0.599998
v -24.873257 0.041133 0.600002
v -24.880756 0.071120 0.595108
v -24.887524 0.098171 0.580904
v -24.892893 0.119638 0.558781
v -24.896341 0.133421 0.530904
v -24.897528 0.138171 0.500002
v -24.897528 0.138171 -0.499998
v -24.896341 0.133421 -0.530900
v -24.892893 0.119638 -0.558776
v -24.887524 0.098170 -0.580900
v -24.880756 0.071120 -0.595104
v -24.873257 0.041133 -0.599998
v -24.953703 0.019018 0.600002
v -24.962482 0.048652 0.595108
v -24.970404 0.075386 0.580904
v -24.976688 0.096602 0.558781
v -24.980724 0.110223 0.530904
v -24.982115 0.114917 0.500002
v -24.982115 0.114917 -0.499998
v -24.980724 0.110223 -0.530900
v -24.976688 0.096602 -0.558776
v -24.970404 0.075386 -0.580900
v -24.962482 0.048652 -0.595104
v -24.953703 0.019018 -0.599998
v -25.034250 -0.006585 0.600002
v -25.044098 0.022709 0.595108
v -25.052982 0.049137 0.580904
v -25.060032 0.070110 0.558781
v -25.064560 0.083575 0.530904
v -25.066118 0.088215 0.500002
v -25.066118 0.088215 -0.499998
v -25.064560 0.083575 -0.530900
v -25.060032 0.070110 -0.558776
v -25.052982 0.049137 -0.580900
v -25.044098 0.022709 -0.595104
v -25.034250 -0.006585 -0.599998
v -25.114830 -0.035166 0.600002
v -25.125555 -0.006182 0.595108
v -25.135229 0.019965 0.580904
v -25.142908 0.040715 0.558781
v -25.147837 0.054038 0.530904
v -25.149536 0.058628 0.500002
v -25.149536 0.058628 -0.499998
v -25.147837 0.054038 -0.530900
v -25.142908 0.040715 -0.558776
v -25.135229 0.019965 -0.580900
v -25.125555 -0.006182 -0.595104
v -25.114830 -0.035166 -0.599998
v -25.195375 -0.066217 0.600002
v -25.206802 -0.037503 0.595108
v -25.217110 -0.011601 0.580904
v -25.225288 0.008956 0.558781
v -25.230541 0.022154 0.530904
v -25.232351 0.026702 0.500002
v -25.232351 0.026702 -0.499998
v -25.230541 0.022154 -0.530900
v -25.225288 0.008956 -0.558776
v -25.217110 -0.011601 -0.580900
v -25.206802 -0.037504 -0.595104
v -25.195375 -0.066217 -0.599998
v -25.275816 -0.099234 0.600002
v -25.287783 -0.070742 0.595108
v -25.298578 -0.045039 0.580904
v -25.307144 -0.024641 0.558781
v -25.312645 -0.011545 0.530904
v -25.314539 -0.007032 0.500002
v -25.314539 -0.007032 -0.499998
v -25.312645 -0.011545 -0.530900
v -25.307144 -0.024641 -0.558776
v -25.298578 -0.045039 -0.580900
v -25.287783 -0.070742 -0.595104
v -25.275816 -0.099234 -0.599998
v -25.356083 -0.133714 0.600002
v -25.368439 -0.105390 0.595108
v -25.379585 -0.079838 0.580904
v -25.388432 -0.059560 0.558781
v -25.394110 -0.046541 0.530904
v -25.396069 -0.042054 0.500002
v -25.396069 -0.042054 -0.499998
v -25.394110 -0.046541 -0.530900
v -25.388432 -0.059560 -0.558776
v -25.379585 -0.079838 -0.580900
v -25.368439 -0.105390 -0.595104
v -25.356083 -0.133714 -0.599998
v -25.436098 -0.169155 0.600002
v -25.448702 -0.140941 0.595108
v -25.460072 -0.115488 0.580904
v -25.469095 -0.095289 0.558781
v -25.474890 -0.082320 0.530904
v -25.476885 -0.077851 0.500002
v -25.476885 -0.077851 -0.499998
v -25.474890 -0.082320 -0.530900
v -25.469095 -0.095289 -0.558776
v -25.460072 -0.115488 -0.580900
v -25.448702 -0.140941 -0.595104
v -25.436098 -0.169155 -0.599998
v -25.515787 -0.205057 0.600002
v -25.528502 -0.176892 0.595108
v -25.539970 -0.151484 0.580904
v -25.549072 -0.131320 0.558781
v -25.554916 -0.118374 0.530904
v -25.556931 -0.113913 0.500002
v -25.556931 -0.113913 -0.499998
v -25.554916 -0.118374 -0.530900
v -25.549072 -0.131320 -0.558776
v -25.539970 -0.151484 -0.580900
v -25.528502 -0.176892 -0.595104
v -25.515787 -0.205057 -0.599998
v -25.595076 -0.240919 0.600002
v -25.607763 -0.212741 0.595108
v -25.619209 -0.187323 0.580904
v -25.628292 -0.167150 0.558781
v -25.634123 -0.154198 0.530904
v -25.636133 -0.149735 0.500002
v -25.636133 -0.149736 -0.499998
v -25.634123 -0.154198 -0.530900
v -25.628292 -0.167150 -0.558776
v -25.619209 -0.187323 -0.580900
v -25.607763 -0.212742 -0.595104
v -25.595076 -0.240919 -0.599998
v -25.673878 -0.276241 0.600002
v -25.686399 -0.247989 0.595108
v -25.697695 -0.222503 0.580904
v -25.706659 -0.202278 0.558781
v -25.712416 -0.189292 0.530904
v -25.714397 -0.184817 0.500002
v -25.714397 -0.184817 -0.499998
v -25.712416 -0.189292 -0.530900
v -25.706659 -0.202278 -0.558776
v -25.697695 -0.222503 -0.580900
v -25.686399 -0.247989 -0.595104
v -25.673878 -0.276241 -0.599998
v -25.752111 -0.310524 0.600002
v -25.764322 -0.282136 0.595108
v -25.775337 -0.256527 0.580904
v -25.784079 -0.236204 0.558781
v -25.789692 -0.223155 0.530904
v -25.791626 -0.218659 0.500002
v -25.791626 -0.218659 -0.499998
v -25.789692 -0.223155 -0.530900
v -25.784079 -0.236204 -0.558776
v -25.775337 -0.256527 -0.580900
v -25.764322 -0.282136 -0.595104
v -25.752111 -0.310524 -0.599998
v -25.829695 -0.343270 0.600002
v -25.841438 -0.314685 0.595108
v -25.852032 -0.288898 0.580904
v -25.860439 -0.268434 0.558781
v -25.865837 -0.255295 0.530904
v -25.867697 -0.250768 0.500002
v -25.867697 -0.250768 -0.499998
v -25.865837 -0.255295 -0.530900
v -25.860439 -0.268434 -0.558776
v -25.852032 -0.288899 -0.580900
v -25.841438 -0.314685 -0.595104
v -25.829695 -0.343270 -0.599998
v -25.906536 -0.373982 0.600002
v -25.917643 -0.345142 0.595108
v -25.927664 -0.319126 0.580904
v -25.935616 -0.298480 0.558781
v -25.940722 -0.285224 0.530904
v -25.942480 -0.280656 0.500002
v -25.942480 -0.280656 -0.499998
v -25.940722 -0.285224 -0.530900
v -25.935616 -0.298480 -0.558776
v -25.927664 -0.319126 -0.580900
v -25.917643 -0.345143 -0.595104
v -25.906536 -0.373982 -0.599998
v -25.982546 -0.402163 0.600002
v -25.992828 -0.373018 0.595108
v -26.002106 -0.346726 0.580904
v -26.009466 -0.325861 0.558781
v -26.014193 -0.312465 0.530904
v -26.015821 -0.307848 0.500002
v -26.015821 -0.307849 -0.499998
v -26.014193 -0.312465 -0.530900
v -26.009466 -0.325861 -0.558776
v -26.002106 -0.346726 -0.580900
v -25.992828 -0.373018 -0.595104
v -25.982546 -0.402163 -0.599998
v -26.057632 -0.427322 0.600002
v -26.066879 -0.397830 0.595108
v -26.075220 -0.371225 0.580904
v -26.081841 -0.350111 0.558781
v -26.086090 -0.336555 0.530904
v -26.087555 -0.331884 0.500002
v -26.087555 -0.331884 -0.499998
v -26.086090 -0.336555 -0.530899
v -26.081841 -0.350111 -0.558776
v -26.075220 -0.371225 -0.580899
v -26.066879 -0.397830 -0.595103
v -26.057632 -0.427322 -0.599998
v -26.131695 -0.448969 0.600002
v -26.139669 -0.419105 0.595108
v -26.146862 -0.392164 0.580904
v -26.152569 -0.370783 0.558781
v -26.156235 -0.357056 0.530904
v -26.157497 -0.352326 0.500002
v -26.157497 -0.352326 -0.499998
v -26.156235 -0.357056 -0.530899
v -26.152569 -0.370783 -0.558776
v -26.146862 -0.392164 -0.580899
v -26.139669 -0.419105 -0.595103
v -26.131695 -0.448969 -0.599998
v -26.204639 -0.466621 0.600002
v -26.211071 -0.436383 0.595108
v -26.216873 -0.409106 0.580904
v -26.221478 -0.387458 0.558781
v -26.224434 -0.373560 0.530904
v -26.225452 -0.368771 0.500002
v -26.225452 -0.368771 -0.499998
v -26.224434 -0.373560 -0.530899
v -26.221478 -0.387458 -0.558776
v -26.216873 -0.409106 -0.580899
v -26.211071 -0.436383 -0.595103
v -26.204639 -0.466621 -0.599998
v -26.276369 -0.479801 0.600002
v -26.280962 -0.449226 0.595108
v -26.285107 -0.421644 0.580904
v -26.288395 -0.399755 0.558781
v -26.290506 -0.385701 0.530904
v -26.291233 -0.380858 0.500002
v -26.291233 -0.380858 -0.499998
v -26.290506 -0.385701 -0.530899
v -26.288395 -0.399755 -0.558776
v -26.285107 -0.421644 -0.580899
v -26.280962 -0.449226 -0.595103
v -26.276369 -0.479801 -0.599998
v -26.346786 -0.488043 0.600002
v -26.349222 -0.457216 0.595108
v -26.351419 -0.429406 0.580904
v -26.353165 -0.407336 0.558781
v -26.354284 -0.393166 0.530904
v -26.354670 -0.388283 0.500002
v -26.354670 -0.388283 -0.499998
v -26.354284 -0.393166 -0.530899
v -26.353165 -0.407336 -0.558776
v -26.351419 -0.429406 -0.580899
v -26.349222 -0.457216 -0.595103
v -26.346786 -0.488043 -0.599998
v -26.415670 -0.490884 0.600002
v -26.415411 -0.459945 0.595108
v -26.415174 -0.432035 0.580904
v -26.414988 -0.409885 0.558781
v -26.414867 -0.395664 0.530904
v -26.414827 -0.390764 0.500002
v -26.414827 -0.390764 -0.499998
v -26.414867 -0.395664 -0.530899
v -26.414988 -0.409885 -0.558776
v -26.415174 -0.432035 -0.580899
v -26.415411 -0.459945 -0.595103
v -26.415670 -0.490884 -0.599998
v -26.498230 -0.486083 0.600002
v -26.494823 -0.455328 0.595108
v -26.491753 -0.427582 0.580904
v -26.489313 -0.405564 0.558781
v -26.487749 -0.391427 0.530904
v -26.487209 -0.386555 0.500002
v -26.487209 -0.386555 -0.499998
v -26.487749 -0.391427 -0.530899
v -26.489313 -0.405564 -0.558776
v -26.491753 -0.427582 -0.580899
v -26.494823 -0.455328 -0.595103
v -26.498230 -0.486084 -0.599998
v -26.583254 -0.472148 0.600002
v -26.576895 -0.441876 0.595108
v -26.571159 -0.414567 0.580904
v -26.566608 -0.392895 0.558781
v -26.563686 -0.378980 0.530904
v -26.562679 -0.374186 0.500002
v -26.562679 -0.374186 -0.499998
v -26.563686 -0.378980 -0.530899
v -26.566608 -0.392895 -0.558776
v -26.571159 -0.414567 -0.580899
v -26.576895 -0.441876 -0.595103
v -26.583254 -0.472148 -0.599998
v -26.670427 -0.449743 0.600002
v -26.661596 -0.420106 0.595108
v -26.653631 -0.393371 0.580904
v -26.647308 -0.372153 0.558781
v -26.643251 -0.358531 0.530904
v -26.641851 -0.353837 0.500002
v -26.641851 -0.353837 -0.499998
v -26.643251 -0.358531 -0.530899
v -26.647308 -0.372153 -0.558776
v -26.653631 -0.393371 -0.580899
v -26.661596 -0.420106 -0.595103
v -26.670427 -0.449743 -0.599998
v -26.759205 -0.419574 0.600002
v -26.748312 -0.390639 0.595108
v -26.738483 -0.364537 0.580904
v -26.730684 -0.343821 0.558781
v -26.725676 -0.330521 0.530904
v -26.723951 -0.325938 0.500002
v -26.723951 -0.325938 -0.499998
v -26.725676 -0.330521 -0.530899
v -26.730684 -0.343821 -0.558776
v -26.738483 -0.364537 -0.580899
v -26.748312 -0.390639 -0.595103
v -26.759205 -0.419574 -0.599998
v -26.849043 -0.382372 0.600002
v -26.836420 -0.354153 0.595108
v -26.825033 -0.328696 0.580904
v -26.815996 -0.308493 0.558781
v -26.810194 -0.295522 0.530904
v -26.808193 -0.291053 0.500002
v -26.808193 -0.291053 -0.499998
v -26.810194 -0.295522 -0.530899
v -26.815996 -0.308493 -0.558776
v -26.825033 -0.328696 -0.580899
v -26.836420 -0.354153 -0.595103
v -26.849043 -0.382372 -0.599998
v -26.939396 -0.338880 0.600002
v -26.925316 -0.311362 0.595108
v -26.912615 -0.286538 0.580904
v -26.902534 -0.266837 0.558781
v -26.896063 -0.254188 0.530904
v -26.893831 -0.249830 0.500002
v -26.893831 -0.249830 -0.499998
v -26.896063 -0.254189 -0.530899
v -26.902534 -0.266837 -0.558776
v -26.912615 -0.286538 -0.580899
v -26.925316 -0.311362 -0.595103
v -26.939396 -0.338880 -0.599998
v -27.029734 -0.289849 0.600002
v -27.014414 -0.263004 0.595108
v -27.000593 -0.238787 0.580904
v -26.989626 -0.219568 0.558781
v -26.982584 -0.207228 0.530904
v -26.980158 -0.202977 0.500002
v -26.980158 -0.202977 -0.499998
v -26.982584 -0.207228 -0.530899
v -26.989626 -0.219568 -0.558776
v -27.000593 -0.238787 -0.580899
v -27.014414 -0.263004 -0.595103
v -27.029734 -0.289849 -0.599998
v -27.119526 -0.236040 0.600002
v -27.103142 -0.209833 0.595108
v -27.088362 -0.186191 0.580904
v -27.076632 -0.167429 0.558781
v -27.069099 -0.155383 0.530904
v -27.066505 -0.151232 0.500002
v -27.066505 -0.151232 -0.499998
v -27.069099 -0.155383 -0.530899
v -27.076632 -0.167429 -0.558776
v -27.088362 -0.186191 -0.580899
v -27.103142 -0.209833 -0.595103
v -27.119526 -0.236040 -0.599998
v -27.208252 -0.178212 0.600002
v -27.190943 -0.152609 0.595108
v -27.175327 -0.129511 0.580904
v -27.162935 -0.111181 0.558781
v -27.154980 -0.099412 0.530904
v -27.152237 -0.095357 0.500002
v -27.152237 -0.095357 -0.499998
v -27.154980 -0.099412 -0.530899
v -27.162935 -0.111181 -0.558776
v -27.175327 -0.129511 -0.580899
v -27.190943 -0.152609 -0.595103
v -27.208252 -0.178213 -0.599998
v -27.295395 -0.117131 0.600002
v -27.277273 -0.092098 0.595108
v -27.260923 -0.069514 0.580904
v -27.247950 -0.051592 0.558781
v -27.239618 -0.040085 0.530904
v -27.236748 -0.036120 0.500002
v -27.236748 -0.036120 -0.499998
v -27.239618 -0.040085 -0.530899
v -27.247950 -0.051592 -0.558776
v -27.260923 -0.069514 -0.580899
v -27.277273 -0.092098 -0.595103
v -27.295395 -0.117131 -0.599998
v -27.380444 -0.053561 0.600002
v -27.361595 -0.029069 0.595108
v -27.344593 -0.006974 0.580904
v -27.331100 0.010561 0.558781
v -27.322437 0.021819 0.530904
v -27.319452 0.025698 0.500002
v -27.319452 0.025698 -0.499998
v -27.322437 0.021819 -0.530899
v -27.331100 0.010561 -0.558776
v -27.344593 -0.006974 -0.580899
v -27.361595 -0.029069 -0.595103
v -27.380444 -0.053561 -0.599998
v -27.495502 0.037570 0.600002
v -27.526403 0.101465 0.595108
v -27.554281 0.159106 0.580904
v -27.576405 0.204850 0.558781
v -27.590609 0.234219 0.530904
v -27.595503 0.244339 0.500002
v -27.595503 0.244339 -0.499998
v -27.590609 0.234219 -0.530899
v -27.576405 0.204850 -0.558776
v -27.554281 0.159106 -0.580899
v -27.526403 0.101465 -0.595103
v -27.495502 0.037569 -0.599998
v -27.495502 -0.641471 0.600002
v -27.526403 -0.656085 0.595108
v -27.554281 -0.669269 0.580904
v -27.576405 -0.679732 0.558781
v -27.590607 -0.686450 0.530904
v -27.595503 -0.688764 0.500002
v -27.595503 -0.688764 -0.499998
v -27.590607 -0.686450 -0.530899
v -27.576405 -0.679732 -0.558776
v -27.554281 -0.669269 -0.580899
v -27.526403 -0.656085 -0.595103
v -27.495502 -0.641471 -0.599998
v -27.408468 -0.712905 0.600002
v -27.427599 -0.737180 0.595108
v -27.444859 -0.759078 0.580904
v -27.458555 -0.776457 0.558781
v -27.467350 -0.787615 0.530904
v -27.470381 -0.791460 0.500002
v -27.470381 -0.791460 -0.499998
v -27.467350 -0.787615 -0.530899
v -27.458555 -0.776457 -0.558776
v -27.444859 -0.759078 -0.580899
v -27.427599 -0.737180 -0.595103
v -27.408468 -0.712905 -0.599998
v -27.324961 -0.776080 0.600002
v -27.343092 -0.801112 0.595108
v -27.359447 -0.823693 0.580904
v -27.372429 -0.841613 0.558781
v -27.380762 -0.853119 0.530904
v -27.383635 -0.857084 0.500002
v -27.383635 -0.857084 -0.499998
v -27.380762 -0.853119 -0.530899
v -27.372429 -0.841613 -0.558776
v -27.359447 -0.823693 -0.580899
v -27.343092 -0.801112 -0.595103
v -27.324961 -0.776080 -0.599998
v -27.238295 -0.836152 0.600002
v -27.255339 -0.861937 0.595108
v -27.270714 -0.885198 0.580904
v -27.282917 -0.903658 0.558781
v -27.290751 -0.915510 0.530904
v -27.293451 -0.919594 0.500002
v -27.293451 -0.919594 -0.499998
v -27.290751 -0.915510 -0.530899
v -27.282917 -0.903658 -0.558776
v -27.270714 -0.885198 -0.580899
v -27.255339 -0.861937 -0.595103
v -27.238295 -0.836152 -0.599998
v -27.148802 -0.892516 0.600002
v -27.164654 -0.919052 0.595108
v -27.178953 -0.942991 0.580904
v -27.190302 -0.961989 0.558781
v -27.197590 -0.974186 0.530904
v -27.200100 -0.978389 0.500002
v -27.200100 -0.978389 -0.499998
v -27.197590 -0.974186 -0.530899
v -27.190302 -0.961989 -0.558776
v -27.178953 -0.942991 -0.580899
v -27.164654 -0.919052 -0.595103
v -27.148802 -0.892516 -0.599998
v -27.056810 -0.944567 0.600002
v -27.071342 -0.971849 0.595108
v -27.084454 -0.996461 0.580904
v -27.094858 -1.015993 0.558781
v -27.101540 -1.028533 0.530904
v -27.103842 -1.032854 0.500002
v -27.103842 -1.032854 -0.499998
v -27.101540 -1.028533 -0.530899
v -27.094858 -1.015993 -0.558776
v -27.084454 -0.996461 -0.580899
v -27.071342 -0.971849 -0.595103
v -27.056810 -0.944567 -0.599998
v -26.962645 -0.991696 0.600002
v -26.975712 -1.019712 0.595108
v -26.987499 -1.044985 0.580904
v -26.996855 -1.065042 0.558781
v -27.002861 -1.077920 0.530904
v -27.004930 -1.082357 0.500002
v -27.004930 -1.082357 -0.499998
v -27.002861 -1.077920 -0.530899
v -26.996855 -1.065042 -0.558776
v -26.987499 -1.044985 -0.580899
v -26.975712 -1.019712 -0.595103
v -26.962645 -0.991696 -0.599998
v -26.866634 -1.033290 0.600002
v -26.878065 -1.062015 0.595108
v -26.888376 -1.087929 0.580904
v -26.896559 -1.108494 0.558781
v -26.901812 -1.121697 0.530904
v -26.903622 -1.126247 0.500002
v -26.903622 -1.126247 -0.499998
v -26.901812 -1.121697 -0.530899
v -26.896559 -1.108494 -0.558776
v -26.888376 -1.087929 -0.580899
v -26.878065 -1.062015 -0.595103
v -26.866634 -1.033290 -0.599998
v -26.769106 -1.068732 0.600002
v -26.778704 -1.098124 0.595108
v -26.787361 -1.124638 0.580904
v -26.794231 -1.145680 0.558781
v -26.798641 -1.159190 0.530904
v -26.800161 -1.163845 0.500002
v -26.800161 -1.163845 -0.499998
v -26.798641 -1.159190 -0.530899
v -26.794231 -1.145680 -0.558776
v -26.787361 -1.124638 -0.580899
v -26.778704 -1.098124 -0.595103
v -26.769106 -1.068732 -0.599998
v -26.670383 -1.097400 0.600002
v -26.677929 -1.127388 0.595108
v -26.684736 -1.154439 0.580904
v -26.690138 -1.175908 0.558781
v -26.693607 -1.189691 0.530904
v -26.694801 -1.194441 0.500002
v -26.694801 -1.194441 -0.499998
v -26.693607 -1.189691 -0.530899
v -26.690138 -1.175908 -0.558776
v -26.684736 -1.154439 -0.580899
v -26.677929 -1.127388 -0.595103
v -26.670383 -1.097400 -0.599998
v -26.570801 -1.118667 0.600002
v -26.576059 -1.149142 0.595108
v -26.580805 -1.176635 0.580904
v -26.584570 -1.198452 0.558781
v -26.586987 -1.212460 0.530904
v -26.587820 -1.217287 0.500002
v -26.587820 -1.217287 -0.499998
v -26.586987 -1.212460 -0.530899
v -26.584570 -1.198452 -0.558776
v -26.580805 -1.176635 -0.580899
v -26.576059 -1.149142 -0.595103
v -26.570801 -1.118667 -0.599998
v -26.470690 -1.131897 0.600002
v -26.473421 -1.162706 0.595108
v -26.475883 -1.190500 0.580904
v -26.477839 -1.212557 0.558781
v -26.479094 -1.226719 0.530904
v -26.479527 -1.231599 0.500002
v -26.479527 -1.231599 -0.499998
v -26.479094 -1.226719 -0.530899
v -26.477839 -1.212557 -0.558776
v -26.475883 -1.190500 -0.580899
v -26.473421 -1.162706 -0.595103
v -26.470690 -1.131897 -0.599998
v -26.370489 -1.136447 0.600002
v -26.370586 -1.167376 0.595108
v -26.370676 -1.195277 0.580904
v -26.370745 -1.217420 0.558781
v -26.370790 -1.231637 0.530904
v -26.370806 -1.236535 0.500002
v -26.370806 -1.236535 -0.499998
v -26.370790 -1.231637 -0.530899
v -26.370745 -1.217420 -0.558776
v -26.370676 -1.195277 -0.580899
v -26.370586 -1.167376 -0.595103
v -26.370489 -1.136447 -0.599998
v -26.294380 -1.133473 0.600002
v -26.292074 -1.164308 0.595108
v -26.289993 -1.192125 0.580904
v -26.288343 -1.214201 0.558781
v -26.287283 -1.228374 0.530904
v -26.286919 -1.233258 0.500002
v -26.286919 -1.233258 -0.499998
v -26.287283 -1.228374 -0.530899
v -26.288343 -1.214201 -0.558776
v -26.289993 -1.192125 -0.580899
v -26.292074 -1.164308 -0.595103
v -26.294380 -1.133473 -0.599998
v -26.217110 -1.124921 0.600002
v -26.212763 -1.155530 0.595108
v -26.208839 -1.183143 0.580904
v -26.205729 -1.205057 0.558781
v -26.203730 -1.219127 0.530904
v -26.203041 -1.223975 0.500002
v -26.203041 -1.223975 -0.499998
v -26.203730 -1.219127 -0.530899
v -26.205729 -1.205057 -0.558776
v -26.208839 -1.183143 -0.580899
v -26.212763 -1.155530 -0.595103
v -26.217110 -1.124921 -0.599998
v -26.138821 -1.111326 0.600002
v -26.132725 -1.141631 0.595108
v -26.127228 -1.168971 0.580904
v -26.122864 -1.190667 0.558781
v -26.120062 -1.204597 0.530904
v -26.119097 -1.209397 0.500002
v -26.119097 -1.209397 -0.499998
v -26.120062 -1.204597 -0.530899
v -26.122864 -1.190667 -0.558776
v -26.127228 -1.168971 -0.580899
v -26.132725 -1.141631 -0.595103
v -26.138821 -1.111326 -0.599998
v -26.059681 -1.093213 0.600002
v -26.052105 -1.123180 0.595108
v -26.045271 -1.150214 0.580904
v -26.039848 -1.171668 0.558781
v -26.036366 -1.185442 0.530904
v -26.035166 -1.190188 0.500002
v -26.035166 -1.190188 -0.499998
v -26.036366 -1.185442 -0.530899
v -26.039848 -1.171668 -0.558776
v -26.045271 -1.150214 -0.580899
v -26.052105 -1.123180 -0.595103
v -26.059681 -1.093213 -0.599998
v -25.979853 -1.071103 0.600002
v -25.971035 -1.100726 0.595108
v -25.963081 -1.127449 0.580904
v -25.956768 -1.148656 0.558781
v -25.952715 -1.162273 0.530904
v -25.951319 -1.166964 0.500002
v -25.951319 -1.166964 -0.499998
v -25.952715 -1.162273 -0.530899
v -25.956768 -1.148656 -0.558776
v -25.963081 -1.127449 -0.580899
v -25.971035 -1.100726 -0.595103
v -25.979853 -1.071103 -0.599998
v -25.899506 -1.045506 0.600002
v -25.889656 -1.074801 0.595108
v -25.880772 -1.101227 0.580904
v -25.873720 -1.122200 0.558781
v -25.869192 -1.135665 0.530904
v -25.867632 -1.140305 0.500002
v -25.867632 -1.140305 -0.499998
v -25.869192 -1.135665 -0.530899
v -25.873720 -1.122200 -0.558776
v -25.880772 -1.101227 -0.580899
v -25.889656 -1.074801 -0.595103
v -25.899506 -1.045506 -0.599998
v -25.818804 -1.016933 0.600002
v -25.808107 -1.045928 0.595108
v -25.798460 -1.072084 0.580904
v -25.790802 -1.092842 0.558781
v -25.785887 -1.106170 0.530904
v -25.784193 -1.110762 0.500002
v -25.784193 -1.110762 -0.499998
v -25.785887 -1.106170 -0.530899
v -25.790802 -1.092842 -0.558776
v -25.798460 -1.072084 -0.580899
v -25.808107 -1.045928 -0.595103
v -25.818804 -1.016933 -0.599998
v -25.737921 -0.985888 0.600002
v -25.726543 -1.014621 0.595108
v -25.716282 -1.040542 0.580904
v -25.708138 -1.061113 0.558781
v -25.702908 -1.074320 0.530904
v -25.701105 -1.078871 0.500002
v -25.701105 -1.078871 -0.499998
v -25.702908 -1.074320 -0.530900
v -25.708138 -1.061113 -0.558776
v -25.716282 -1.040542 -0.580900
v -25.726543 -1.014621 -0.595104
v -25.737921 -0.985888 -0.599998
v -25.657028 -0.952874 0.600002
v -25.645121 -0.981390 0.595108
v -25.634378 -1.007115 0.580904
v -25.625853 -1.027530 0.558781
v -25.620378 -1.040637 0.530904
v -25.618492 -1.045154 0.500002
v -25.618492 -1.045154 -0.499998
v -25.620378 -1.040637 -0.530900
v -25.625853 -1.027530 -0.558776
v -25.634378 -1.007115 -0.580900
v -25.645121 -0.981390 -0.595104
v -25.657028 -0.952874 -0.599998
v -25.576303 -0.918393 0.600002
v -25.563999 -0.946740 0.595108
v -25.552900 -0.972312 0.580904
v -25.544090 -0.992607 0.558781
v -25.538435 -1.005636 0.530904
v -25.536488 -1.010126 0.500002
v -25.536488 -1.010126 -0.499998
v -25.538435 -1.005636 -0.530900
v -25.544090 -0.992607 -0.558776
v -25.552900 -0.972312 -0.580900
v -25.563999 -0.946740 -0.595104
v -25.576303 -0.918393 -0.599998
v -25.495924 -0.882946 0.600002
v -25.483353 -0.911175 0.595108
v -25.472012 -0.936641 0.580904
v -25.463011 -0.956851 0.558781
v -25.457232 -0.969826 0.530904
v -25.455240 -0.974297 0.500002
v -25.455240 -0.974297 -0.499998
v -25.457232 -0.969826 -0.530900
v -25.463011 -0.956851 -0.558776
v -25.472012 -0.936641 -0.580900
v -25.483353 -0.911175 -0.595104
v -25.495924 -0.882946 -0.599998
v -25.416159 -0.847074 0.600002
v -25.403578 -0.875299 0.595108
v -25.392227 -0.900761 0.580904
v -25.383221 -0.920968 0.558781
v -25.377438 -0.933941 0.530904
v -25.375446 -0.938412 0.500002
v -25.375446 -0.938412 -0.499998
v -25.377438 -0.933941 -0.530900
v -25.383221 -0.920968 -0.558776
v -25.392227 -0.900761 -0.580900
v -25.403578 -0.875299 -0.595104
v -25.416159 -0.847074 -0.599998
v -25.335054 -0.811244 0.600002
v -25.322613 -0.839531 0.595108
v -25.311390 -0.865048 0.580904
v -25.302483 -0.885299 0.558781
v -25.296764 -0.898301 0.530904
v -25.294792 -0.902781 0.500002
v -25.294792 -0.902781 -0.499998
v -25.296764 -0.898301 -0.530900
v -25.302483 -0.885299 -0.558776
v -25.311390 -0.865048 -0.580900
v -25.322613 -0.839531 -0.595104
v -25.335054 -0.811244 -0.599998
v -25.254389 -0.775919 0.600002
v -25.242107 -0.804276 0.595108
v -25.231028 -0.829857 0.580904
v -25.222235 -0.850158 0.558781
v -25.216589 -0.863192 0.530904
v -25.214643 -0.867683 0.500002
v -25.214643 -0.867683 -0.499998
v -25.216589 -0.863192 -0.530900
v -25.222235 -0.850158 -0.558776
v -25.231028 -0.829857 -0.580900
v -25.242107 -0.804276 -0.595104
v -25.254389 -0.775919 -0.599998
v -25.174337 -0.741631 0.600002
v -25.162355 -0.770117 0.595108
v -25.151548 -0.795814 0.580904
v -25.142971 -0.816207 0.558781
v -25.137463 -0.829300 0.530904
v -25.135567 -0.833812 0.500002
v -25.135567 -0.833812 -0.499998
v -25.137463 -0.829300 -0.530900
v -25.142971 -0.816207 -0.558776
v -25.151548 -0.795814 -0.580900
v -25.162355 -0.770117 -0.595104
v -25.174337 -0.741631 -0.599998
v -25.095015 -0.708878 0.600002
v -25.083485 -0.737550 0.595108
v -25.073082 -0.763415 0.580904
v -25.064829 -0.783941 0.558781
v -25.059528 -0.797120 0.530904
v -25.057703 -0.801661 0.500002
v -25.057703 -0.801661 -0.499998
v -25.059528 -0.797120 -0.530900
v -25.064829 -0.783941 -0.558776
v -25.073082 -0.763415 -0.580900
v -25.083485 -0.737550 -0.595104
v -25.095015 -0.708878 -0.599998
v -25.016535 -0.678158 0.600002
v -25.005619 -0.707071 0.595108
v -24.995773 -0.733153 0.580904
v -24.987961 -0.753852 0.558781
v -24.982944 -0.767142 0.530904
v -24.981215 -0.771721 0.500002
v -24.981215 -0.771721 -0.499998
v -24.982944 -0.767142 -0.530900
v -24.987961 -0.753852 -0.558776
v -24.995773 -0.733153 -0.580900
v -25.005619 -0.707071 -0.595104
v -25.016535 -0.678158 -0.599998
v -24.939014 -0.649967 0.600002
v -24.928898 -0.679170 0.595108
v -24.919773 -0.705514 0.580904
v -24.912533 -0.726422 0.558781
v -24.907883 -0.739845 0.530904
v -24.906281 -0.744470 0.500002
v -24.906281 -0.744470 -0.499998
v -24.907883 -0.739845 -0.530900
v -24.912533 -0.726422 -0.558776
v -24.919773 -0.705514 -0.580900
v -24.928898 -0.679170 -0.595104
v -24.939014 -0.649967 -0.599998
v -24.862574 -0.624798 0.600002
v -24.853464 -0.654332 0.595108
v -24.845247 -0.680975 0.580904
v -24.838724 -0.702120 0.558781
v -24.834538 -0.715695 0.530904
v -24.833096 -0.720373 0.500002
v -24.833096 -0.720373 -0.499998
v -24.834538 -0.715695 -0.530900
v -24.838724 -0.702120 -0.558776
v -24.845247 -0.680975 -0.580900
v -24.853464 -0.654332 -0.595104
v -24.862574 -0.624798 -0.599998
v -24.787336 -0.603141 0.600002
v -24.779467 -0.633032 0.595108
v -24.772369 -0.659998 0.580904
v -24.766735 -0.681398 0.558781
v -24.763119 -0.695137 0.530904
v -24.761871 -0.699871 0.500002
v -24.761871 -0.699871 -0.499998
v -24.763119 -0.695137 -0.530900
v -24.766735 -0.681398 -0.558776
v -24.772369 -0.659998 -0.580900
v -24.779467 -0.633032 -0.595104
v -24.787336 -0.603141 -0.599998
v -24.713427 -0.585481 0.600002
v -24.707066 -0.615732 0.595108
v -24.701326 -0.643022 0.580904
v -24.696772 -0.664680 0.558781
v -24.693846 -0.678585 0.530904
v -24.692839 -0.683376 0.500002
v -24.692839 -0.683376 -0.499998
v -24.693846 -0.678585 -0.530900
v -24.696772 -0.664680 -0.558776
v -24.701326 -0.643022 -0.580900
v -24.707066 -0.615732 -0.595104
v -24.713427 -0.585481 -0.599998
v -24.640972 -0.572294 0.600002
v -24.636415 -0.602874 0.595108
v -24.632305 -0.630461 0.580904
v -24.629042 -0.652354 0.558781
v -24.626947 -0.666410 0.530904
v -24.626226 -0.671253 0.500002
v -24.626226 -0.671253 -0.499998
v -24.626947 -0.666410 -0.530900
v -24.629042 -0.652354 -0.558776
v -24.632305 -0.630461 -0.580900
v -24.636415 -0.602874 -0.595104
v -24.640972 -0.572294 -0.599998
v -24.570095 -0.564049 0.600002
v -24.567673 -0.594877 0.595108
v -24.565485 -0.622688 0.580904
v -24.563749 -0.644758 0.558781
v -24.562635 -0.658928 0.530904
v -24.562252 -0.663811 0.500002
v -24.562252 -0.663811 -0.499998
v -24.562635 -0.658928 -0.530900
v -24.563749 -0.644758 -0.558776
v -24.565485 -0.622688 -0.580900
v -24.567673 -0.594877 -0.595104
v -24.570095 -0.564049 -0.599998
v -24.500973 -0.561205 0.600002
v -24.501112 -0.592138 0.595108
v -24.501240 -0.620044 0.580904
v -24.501341 -0.642190 0.558781
v -24.501406 -0.656409 0.530904
v -24.501427 -0.661308 0.500002
v -24.501427 -0.661308 -0.499998
v -24.501406 -0.656409 -0.530900
v -24.501341 -0.642190 -0.558776
v -24.501240 -0.620044 -0.580900
v -24.501112 -0.592138 -0.595104
v -24.500973 -0.561205 -0.599998
v -24.410736 -0.565740 0.600002
v -24.413782 -0.596528 0.595108
v -24.416531 -0.624302 0.580904
v -24.418713 -0.646343 0.558781
v -24.420113 -0.660494 0.530904
v -24.420595 -0.665371 0.500002
v -24.420595 -0.665371 -0.499998
v -24.420113 -0.660494 -0.530900
v -24.418713 -0.646343 -0.558776
v -24.416531 -0.624302 -0.580900
v -24.413782 -0.596528 -0.595104
v -24.410736 -0.565740 -0.599998
v -24.321537 -0.578953 0.600002
v -24.327436 -0.609319 0.595108
v -24.332756 -0.636711 0.580904
v -24.336979 -0.658451 0.558781
v -24.339689 -0.672408 0.530904
v -24.340624 -0.677217 0.500002
v -24.340624 -0.677217 -0.499998
v -24.339689 -0.672408 -0.530900
v -24.336979 -0.658451 -0.558776
v -24.332756 -0.636711 -0.580900
v -24.327436 -0.609319 -0.595104
v -24.321537 -0.578953 -0.599998
v -24.233046 -0.600293 0.600002
v -24.241505 -0.630040 0.595108
v -24.249136 -0.656876 0.580904
v -24.255192 -0.678173 0.558781
v -24.259079 -0.691847 0.530904
v -24.260420 -0.696558 0.500002
v -24.260420 -0.696558 -0.499998
v -24.259079 -0.691847 -0.530900
v -24.255192 -0.678173 -0.558776
v -24.249136 -0.656876 -0.580900
v -24.241505 -0.630040 -0.595104
v -24.233046 -0.600293 -0.599998
v -24.145054 -0.629204 0.600002
v -24.155748 -0.658217 0.595108
v -24.165396 -0.684390 0.580904
v -24.173052 -0.705162 0.558781
v -24.177969 -0.718497 0.530904
v -24.179663 -0.723093 0.500002
v -24.179663 -0.723093 -0.499998
v -24.177969 -0.718497 -0.530900
v -24.173052 -0.705162 -0.558776
v -24.165396 -0.684390 -0.580900
v -24.155748 -0.658217 -0.595104
v -24.145054 -0.629204 -0.599998
v -24.057373 -0.665129 0.600002
v -24.069975 -0.693361 0.595108
v -24.081343 -0.718829 0.580904
v -24.090364 -0.739041 0.558781
v -24.096155 -0.752018 0.530904
v -24.098152 -0.756489 0.500002
v -24.098152 -0.756489 -0.499998
v -24.096155 -0.752018 -0.530900
v -24.090364 -0.739041 -0.558776
v -24.081343 -0.718829 -0.580900
v -24.069975 -0.693361 -0.595104
v -24.057373 -0.665129 -0.599998
v -23.969833 -0.707498 0.600002
v -23.984030 -0.734958 0.595108
v -23.996836 -0.759730 0.580904
v -24.007000 -0.779390 0.558781
v -24.013525 -0.792011 0.530904
v -24.015774 -0.796361 0.500002
v -24.015774 -0.796361 -0.499998
v -24.013525 -0.792011 -0.530900
v -24.007000 -0.779390 -0.558776
v -23.996836 -0.759730 -0.580900
v -23.984030 -0.734958 -0.595104
v -23.969833 -0.707498 -0.599998
v -23.882267 -0.755735 0.600002
v -23.897774 -0.782473 0.595108
v -23.911762 -0.806593 0.580904
v -23.922865 -0.825735 0.558781
v -23.929993 -0.838026 0.530904
v -23.932447 -0.842260 0.500002
v -23.932447 -0.842260 -0.499998
v -23.929993 -0.838026 -0.530900
v -23.922865 -0.825735 -0.558776
v -23.911762 -0.806593 -0.580900
v -23.897774 -0.782473 -0.595104
v -23.882267 -0.755735 -0.599998
v -23.794510 -0.809250 0.600002
v -23.811075 -0.835342 0.595108
v -23.826021 -0.858881 0.580904
v -23.837879 -0.877560 0.558781
v -23.845495 -0.889554 0.530904
v -23.848118 -0.893686 0.500002
v -23.848118 -0.893686 -0.499998
v -23.845495 -0.889554 -0.530900
v -23.837879 -0.877560 -0.558776
v -23.826021 -0.858881 -0.580900
v -23.811075 -0.835342 -0.595104
v -23.794510 -0.809250 -0.599998
v -23.706402 -0.867451 0.600002
v -23.723804 -0.892990 0.595108
v -23.739506 -0.916029 0.580904
v -23.751965 -0.934312 0.558781
v -23.759964 -0.946051 0.530904
v -23.762720 -0.950096 0.500002
v -23.762720 -0.950096 -0.499998
v -23.759964 -0.946051 -0.530900
v -23.751965 -0.934312 -0.558776
v -23.739506 -0.916029 -0.580900
v -23.723804 -0.892990 -0.595104
v -23.706402 -0.867451 -0.599998
v -23.617773 -0.929738 0.600002
v -23.635822 -0.954824 0.595108
v -23.652103 -0.977454 0.580904
v -23.665024 -0.995414 0.558780
v -23.673319 -1.006945 0.530904
v -23.676178 -1.010918 0.500002
v -23.676178 -1.010918 -0.499998
v -23.673319 -1.006945 -0.530900
v -23.665024 -0.995414 -0.558777
v -23.652103 -0.977454 -0.580900
v -23.635822 -0.954824 -0.595104
v -23.617773 -0.929738 -0.599998
v -23.528456 -0.995509 0.600002
v -23.546978 -1.020246 0.595108
v -23.563686 -1.042562 0.580904
v -23.576946 -1.060271 0.558780
v -23.585461 -1.071642 0.530904
v -23.588394 -1.075559 0.500002
v -23.588394 -1.075559 -0.499998
v -23.585461 -1.071642 -0.530900
v -23.576946 -1.060271 -0.558777
v -23.563686 -1.042562 -0.580900
v -23.546978 -1.020246 -0.595104
v -23.528456 -0.995509 -0.599998
v -23.406082 -1.088669 0.600002
v -23.375181 -1.151031 0.595108
v -23.347303 -1.207289 0.580904
v -23.325180 -1.251935 0.558780
v -23.310978 -1.280600 0.530904
v -23.306082 -1.290478 0.500002
v -23.306082 -1.290478 -0.499998
v -23.310978 -1.280600 -0.530900
v -23.325180 -1.251935 -0.558777
v -23.347303 -1.207289 -0.580900
v -23.375181 -1.151031 -0.595104
v -23.406082 -1.088669 -0.599998
v -23.406082 -0.410519 0.600002
v -23.375181 -0.395745 0.595108
v -23.347303 -0.382418 0.580904
v -23.325180 -0.371842 0.558780
v -23.310976 -0.365051 0.530904
v -23.306082 -0.362711 0.500002
v -23.306082 -0.362711 -0.499998
v -23.310976 -0.365051 -0.530900
v -23.325180 -0.371842 -0.558777
v -23.347303 -0.382418 -0.580900
v -23.375181 -0.395745 -0.595104
v -23.406082 -0.410519 -0.599998
vn -0.0000 -0.0000 -1.0000
vn -0.0000 -0.0000 1.0000
vn 0.1905 0.2454 0.9505
vn 0.0910 0.1272 0.9877
vn 0.0959 0.1236 0.9877
vn 0.3611 0.4653 0.8082
vn 0.1807 0.2528 0.9505
vn 0.4964 0.6396 0.5870
vn 0.3425 0.4792 0.8081
vn 0.5832 0.7515 0.3085
vn 0.4708 0.6587 0.5869
vn 0.6112 0.7876 0.0784
vn 0.5532 0.7739 0.3085
vn 0.5797 0.8110 -0.0784
vn 0.6112 0.7876 -0.0784
vn 0.5532 0.7739 -0.3085
vn 0.5832 0.7515 -0.3085
vn 0.4708 0.6587 -0.5869
vn 0.4964 0.6396 -0.5870
vn 0.3425 0.4792 -0.8081
vn 0.3611 0.4653 -0.8082
vn 0.1807 0.2528 -0.9505
vn 0.1905 0.2454 -0.9505
vn 0.0910 0.1272 -0.9877
vn 0.0959 0.1236 -0.9877
vn 0.0855 0.1310 0.9877
vn 0.1699 0.2604 0.9504
vn 0.3220 0.4934 0.8080
vn 0.4425 0.6781 0.5868
vn 0.5797 0.8110 0.0784
vn 0.5199 0.7966 0.3084
vn 0.5448 0.8349 -0.0784
vn 0.5199 0.7966 -0.3084
vn 0.4425 0.6781 -0.5868
vn 0.3220 0.4934 -0.8080
vn 0.1699 0.2604 -0.9504
vn 0.0855 0.1310 -0.9877
vn 0.0794 0.1348 0.9877
vn 0.1579 0.2680 0.9504
vn 0.2990 0.5077 0.8080
vn 0.4110 0.6977 0.5868
vn 0.5448 0.8349 0.0784
vn 0.4828 0.8196 0.3084
vn 0.5060 0.8590 -0.0784
vn 0.4828 0.8196 -0.3084
vn 0.4110 0.6977 -0.5868
vn 0.2990 0.5077 -0.8080
vn 0.1579 0.2680 -0.9504
vn 0.0794 0.1348 -0.9877
vn 0.0726 0.1385 0.9877
vn 0.1444 0.2757 0.9503
vn 0.2735 0.5221 0.8079
vn 0.3758 0.7173 0.5867
vn 0.5060 0.8590 0.0784
vn 0.4414 0.8427 0.3084
vn 0.4626 0.8831 -0.0784
vn 0.4414 0.8427 -0.3084
vn 0.3758 0.7173 -0.5867
vn 0.2735 0.5221 -0.8079
vn 0.1444 0.2757 -0.9503
vn 0.0726 0.1385 -0.9877
vn 0.0650 0.1422 0.9877
vn 0.1294 0.2833 0.9503
vn 0.2449 0.5362 0.8078
vn 0.3365 0.7367 0.5866
vn 0.4626 0.8831 0.0784
vn 0.3953 0.8653 0.3083
vn 0.4142 0.9068 -0.0784
vn 0.3953 0.8653 -0.3083
vn 0.3365 0.7367 -0.5866
vn 0.2449 0.5362 -0.8078
vn 0.1294 0.2833 -0.9503
vn 0.0650 0.1422 -0.9877
vn 0.0565 0.1458 0.9877
vn 0.1126 0.2906 0.9502
vn 0.2131 0.5497 0.8077
vn 0.2927 0.7552 0.5865
vn 0.4142 0.9068 0.0784
vn 0.3438 0.8870 0.3083
vn 0.3603 0.9295 -0.0784
vn 0.3438 0.8870 -0.3083
vn 0.2927 0.7552 -0.5865
vn 0.2131 0.5497 -0.8077
vn 0.1126 0.2906 -0.9502
vn 0.0565 0.1458 -0.9877
vn 0.0471 0.1491 0.9877
vn 0.0940 0.2974 0.9501
vn 0.1777 0.5623 0.8076
vn 0.2441 0.7724 0.5864
vn 0.3603 0.9295 0.0784
vn 0.2866 0.9071 0.3082
vn 0.3004 0.9506 -0.0784
vn 0.2866 0.9071 -0.3082
vn 0.2441 0.7724 -0.5864
vn 0.1777 0.5623 -0.8076
vn 0.0940 0.2974 -0.9501
vn 0.0471 0.1491 -0.9877
vn 0.0367 0.1520 0.9877
vn 0.0733 0.3033 0.9501
vn 0.1386 0.5734 0.8075
vn 0.1903 0.7874 0.5863
vn 0.3004 0.9506 0.0784
vn 0.2235 0.9247 0.3081
vn 0.2342 0.9690 -0.0784
vn 0.2235 0.9247 -0.3081
vn 0.1903 0.7874 -0.5863
vn 0.1386 0.5734 -0.8075
vn 0.0733 0.3033 -0.9501
vn 0.0367 0.1520 -0.9877
vn 0.0253 0.1543 0.9877
vn 0.0506 0.3081 0.9500
vn 0.0957 0.5822 0.8074
vn 0.1314 0.7994 0.5862
vn 0.2342 0.9690 0.0784
vn 0.1543 0.9388 0.3081
vn 0.1616 0.9837 -0.0784
vn 0.1543 0.9388 -0.3081
vn 0.1314 0.7994 -0.5862
vn 0.0957 0.5822 -0.8074
vn 0.0506 0.3081 -0.9500
vn 0.0253 0.1543 -0.9877
vn 0.0130 0.1558 0.9877
vn 0.0260 0.3114 0.9499
vn 0.0492 0.5881 0.8073
vn 0.0675 0.8074 0.5862
vn 0.1616 0.9837 0.0784
vn 0.0793 0.9481 0.3080
vn 0.0831 0.9935 -0.0784
vn 0.0793 0.9481 -0.3080
vn 0.0675 0.8074 -0.5862
vn 0.0492 0.5881 -0.8073
vn 0.0260 0.3114 -0.9499
vn 0.0130 0.1558 -0.9877
vn 0.0008 0.3124 0.9500
vn 0.0015 0.5901 0.8073
vn 0.0021 0.8102 0.5862
vn 0.0024 0.9514 0.3081
vn 0.0025 0.9969 0.0784
vn 0.0831 0.9935 0.0784
vn 0.0025 0.9969 -0.0784
vn 0.0024 0.9514 -0.3081
vn 0.0021 0.8102 -0.5862
vn 0.0015 0.5901 -0.8073
vn 0.0008 0.3124 -0.9500
vn -0.0225 0.3112 0.9501
vn 0.0004 0.1563 0.9877
vn -0.0425 0.5883 0.8075
vn -0.0583 0.8079 0.5864
vn -0.0685 0.9489 0.3082
vn -0.0718 0.9943 0.0784
vn -0.0718 0.9943 -0.0784
vn -0.0685 0.9489 -0.3082
vn -0.0583 0.8079 -0.5864
vn -0.0425 0.5883 -0.8075
vn 0.0004 0.1563 -0.9877
vn -0.0225 0.3112 -0.9501
vn -0.0427 0.3087 0.9502
vn -0.0113 0.1559 0.9877
vn -0.0808 0.5840 0.8077
vn -0.1110 0.8023 0.5865
vn -0.1304 0.9423 0.3082
vn -0.1366 0.9875 0.0784
vn -0.1366 0.9875 -0.0784
vn -0.1304 0.9423 -0.3082
vn -0.1110 0.8023 -0.5865
vn -0.0808 0.5840 -0.8077
vn -0.0113 0.1559 -0.9877
vn -0.0427 0.3087 -0.9502
vn -0.0603 0.3054 0.9503
vn -0.0214 0.1549 0.9877
vn -0.1142 0.5782 0.8078
vn -0.1570 0.7945 0.5866
vn -0.1844 0.9332 0.3083
vn -0.1932 0.9780 0.0784
vn -0.1932 0.9780 -0.0784
vn -0.1844 0.9332 -0.3083
vn -0.1570 0.7945 -0.5866
vn -0.1142 0.5782 -0.8078
vn -0.0214 0.1549 -0.9877
vn -0.0603 0.3054 -0.9503
vn -0.0755 0.3017 0.9504
vn -0.0303 0.1534 0.9877
vn -0.1430 0.5716 0.8080
vn -0.1965 0.7855 0.5868
vn -0.2308 0.9228 0.3084
vn -0.2419 0.9671 0.0784
vn -0.2419 0.9671 -0.0784
vn -0.2308 0.9228 -0.3084
vn -0.1965 0.7855 -0.5868
vn -0.1430 0.5716 -0.8080
vn -0.0303 0.1534 -0.9877
vn -0.0755 0.3017 -0.9504
vn -0.0883 0.2979 0.9505
vn -0.0379 0.1517 0.9877
vn -0.1673 0.5647 0.8081
vn -0.2300 0.7763 0.5869
vn -0.2702 0.9120 0.3085
vn -0.2832 0.9559 0.0784
vn -0.2832 0.9559 -0.0784
vn -0.2702 0.9120 -0.3085
vn -0.2300 0.7763 -0.5869
vn -0.1673 0.5647 -0.8081
vn -0.0379 0.1517 -0.9877
vn -0.0883 0.2979 -0.9505
vn -0.0989 0.2943 0.9506
vn -0.0444 0.1500 0.9877
vn -0.1876 0.5581 0.8083
vn -0.2580 0.7673 0.5871
vn -0.3031 0.9016 0.3086
vn -0.3177 0.9450 0.0784
vn -0.3177 0.9450 -0.0784
vn -0.3031 0.9016 -0.3086
vn -0.2580 0.7673 -0.5871
vn -0.1876 0.5581 -0.8083
vn -0.0444 0.1500 -0.9877
vn -0.0989 0.2943 -0.9506
vn -0.1077 0.2909 0.9507
vn -0.0498 0.1483 0.9877
vn -0.2043 0.5520 0.8084
vn -0.2809 0.7591 0.5872
vn -0.3301 0.8921 0.3086
vn -0.3460 0.9350 0.0784
vn -0.3460 0.9350 -0.0784
vn -0.3301 0.8921 -0.3086
vn -0.2809 0.7591 -0.5872
vn -0.2043 0.5520 -0.8084
vn -0.0498 0.1483 -0.9877
vn -0.1077 0.2909 -0.9507
vn -0.1146 0.2880 0.9507
vn -0.0543 0.1467 0.9877
vn -0.2176 0.5468 0.8085
vn -0.2992 0.7520 0.5873
vn -0.3517 0.8838 0.3087
vn -0.3686 0.9263 0.0784
vn -0.3686 0.9263 -0.0784
vn -0.3517 0.8838 -0.3087
vn -0.2992 0.7520 -0.5873
vn -0.2176 0.5468 -0.8085
vn -0.0543 0.1467 -0.9877
vn -0.1146 0.2880 -0.9507
vn -0.1199 0.2856 0.9508
vn -0.0578 0.1453 0.9877
vn -0.2278 0.5424 0.8086
vn -0.3134 0.7462 0.5874
vn -0.3683 0.8769 0.3088
vn -0.3860 0.9192 0.0784
vn -0.3860 0.9192 -0.0784
vn -0.3683 0.8769 -0.3088
vn -0.3134 0.7462 -0.5874
vn -0.2278 0.5424 -0.8086
vn -0.0578 0.1453 -0.9877
vn -0.1199 0.2856 -0.9508
vn -0.1238 0.2837 0.9509
vn -0.0606 0.1442 0.9877
vn -0.2352 0.5391 0.8088
vn -0.3236 0.7417 0.5875
vn -0.3803 0.8718 0.3089
vn -0.3986 0.9138 0.0784
vn -0.3986 0.9138 -0.0784
vn -0.3803 0.8718 -0.3089
vn -0.3236 0.7417 -0.5875
vn -0.2352 0.5391 -0.8088
vn -0.0606 0.1442 -0.9877
vn -0.1238 0.2837 -0.9509
vn -0.1262 0.2824 0.9510
vn -0.0625 0.1434 0.9877
vn -0.2398 0.5369 0.8089
vn -0.3300 0.7388 0.5876
vn -0.3879 0.8684 0.3089
vn -0.4066 0.9102 0.0784
vn -0.4066 0.9102 -0.0784
vn -0.3879 0.8684 -0.3089
vn -0.3300 0.7388 -0.5876
vn -0.2398 0.5369 -0.8089
vn -0.0625 0.1434 -0.9877
vn -0.1262 0.2824 -0.9510
vn -0.1272 0.2817 0.9510
vn -0.0638 0.1428 0.9877
vn -0.2419 0.5358 0.8090
vn -0.3329 0.7374 0.5878
vn -0.3913 0.8668 0.3090
vn -0.4102 0.9086 0.0785
vn -0.4102 0.9086 -0.0785
vn -0.3913 0.8668 -0.3090
vn -0.3329 0.7374 -0.5878
vn -0.2419 0.5358 -0.8090
vn -0.0638 0.1428 -0.9877
vn -0.1272 0.2817 -0.9510
vn -0.1268 0.2816 0.9511
vn -0.0644 0.1426 0.9877
vn -0.2413 0.5359 0.8091
vn -0.3321 0.7376 0.5879
vn -0.3905 0.8672 0.3091
vn -0.4093 0.9090 0.0785
vn -0.4093 0.9090 -0.0785
vn -0.3905 0.8672 -0.3091
vn -0.3321 0.7376 -0.5879
vn -0.2413 0.5359 -0.8091
vn -0.0644 0.1426 -0.9877
vn -0.1268 0.2816 -0.9511
vn -0.1251 0.2822 0.9512
vn -0.0642 0.1426 0.9877
vn -0.2381 0.5371 0.8092
vn -0.3278 0.7395 0.5880
vn -0.3853 0.8694 0.3091
vn -0.4039 0.9114 0.0785
vn -0.4039 0.9114 -0.0785
vn -0.3853 0.8694 -0.3091
vn -0.3278 0.7395 -0.5880
vn -0.2381 0.5371 -0.8092
vn -0.0642 0.1426 -0.9877
vn -0.1251 0.2822 -0.9512
vn -0.1219 0.2833 0.9513
vn -0.0634 0.1430 0.9877
vn -0.2321 0.5395 0.8093
vn -0.3196 0.7430 0.5881
vn -0.3758 0.8736 0.3092
vn -0.3939 0.9158 0.0785
vn -0.3939 0.9158 -0.0785
vn -0.3758 0.8736 -0.3092
vn -0.3196 0.7430 -0.5881
vn -0.2321 0.5395 -0.8093
vn -0.0634 0.1430 -0.9877
vn -0.1219 0.2833 -0.9513
vn -0.1171 0.2850 0.9513
vn -0.0618 0.1437 0.9877
vn -0.2231 0.5431 0.8095
vn -0.3073 0.7480 0.5883
vn -0.3614 0.8796 0.3093
vn -0.3788 0.9221 0.0785
vn -0.3788 0.9221 -0.0785
vn -0.3614 0.8796 -0.3093
vn -0.3073 0.7480 -0.5883
vn -0.2231 0.5431 -0.8095
vn -0.0618 0.1437 -0.9877
vn -0.1171 0.2850 -0.9513
vn -0.1106 0.2873 0.9514
vn -0.0594 0.1447 0.9877
vn -0.2110 0.5477 0.8096
vn -0.2906 0.7545 0.5884
vn -0.3418 0.8874 0.3094
vn -0.3583 0.9303 0.0785
vn -0.3583 0.9303 -0.0785
vn -0.3418 0.8874 -0.3094
vn -0.2906 0.7545 -0.5884
vn -0.2110 0.5477 -0.8096
vn -0.0594 0.1447 -0.9877
vn -0.1106 0.2873 -0.9514
vn -0.1023 0.2900 0.9515
vn -0.0562 0.1460 0.9877
vn -0.1952 0.5533 0.8098
vn -0.2690 0.7624 0.5886
vn -0.3164 0.8967 0.3095
vn -0.3317 0.9401 0.0785
vn -0.3317 0.9401 -0.0785
vn -0.3164 0.8967 -0.3095
vn -0.2690 0.7624 -0.5886
vn -0.1952 0.5533 -0.8098
vn -0.0562 0.1460 -0.9877
vn -0.1023 0.2900 -0.9515
vn -0.0919 0.2931 0.9516
vn -0.0520 0.1475 0.9877
vn -0.1755 0.5596 0.8100
vn -0.2418 0.7713 0.5888
vn -0.2845 0.9073 0.3096
vn -0.2983 0.9512 0.0786
vn -0.2983 0.9512 -0.0786
vn -0.2845 0.9073 -0.3096
vn -0.2418 0.7713 -0.5888
vn -0.1755 0.5596 -0.8100
vn -0.0520 0.1475 -0.9877
vn -0.0919 0.2931 -0.9516
vn -0.0791 0.2964 0.9518
vn -0.0468 0.1492 0.9877
vn -0.1512 0.5663 0.8102
vn -0.2085 0.7808 0.5890
vn -0.2452 0.9186 0.3098
vn -0.2571 0.9632 0.0786
vn -0.2571 0.9632 -0.0786
vn -0.2452 0.9186 -0.3098
vn -0.2085 0.7808 -0.5890
vn -0.1512 0.5663 -0.8102
vn -0.0468 0.1492 -0.9877
vn -0.0791 0.2964 -0.9518
vn -0.0637 0.2997 0.9519
vn -0.0403 0.1511 0.9877
vn -0.1219 0.5730 0.8104
vn -0.1681 0.7903 0.5892
vn -0.1978 0.9300 0.3099
vn -0.2074 0.9751 0.0786
vn -0.2074 0.9751 -0.0786
vn -0.1978 0.9300 -0.3099
vn -0.1681 0.7903 -0.5892
vn -0.1219 0.5730 -0.8104
vn -0.0403 0.1511 -0.9877
vn -0.0637 0.2997 -0.9519
vn -0.0455 0.3025 0.9521
vn -0.0325 0.1530 0.9877
vn -0.0870 0.5790 0.8107
vn -0.1200 0.7988 0.5895
vn -0.1412 0.9401 0.3101
vn -0.1481 0.9858 0.0786
vn -0.1481 0.9858 -0.0786
vn -0.1412 0.9401 -0.3101
vn -0.1200 0.7988 -0.5895
vn -0.0870 0.5790 -0.8107
vn -0.0325 0.1530 -0.9877
vn -0.0455 0.3025 -0.9521
vn -0.0241 0.3045 0.9522
vn -0.0232 0.1546 0.9877
vn -0.0461 0.5832 0.8110
vn -0.0636 0.8050 0.5898
vn -0.0749 0.9477 0.3103
vn -0.0785 0.9938 0.0787
vn -0.0785 0.9938 -0.0787
vn -0.0749 0.9477 -0.3103
vn -0.0636 0.8050 -0.5898
vn -0.0461 0.5832 -0.8110
vn -0.0232 0.1546 -0.9877
vn -0.0241 0.3045 -0.9522
vn 0.0026 0.3042 0.9526
vn -0.0123 0.1558 0.9877
vn 0.0049 0.5841 0.8117
vn 0.0068 0.8069 0.5906
vn 0.0080 0.9504 0.3108
vn 0.0084 0.9969 0.0787
vn 0.0084 0.9969 -0.0787
vn 0.0080 0.9504 -0.3108
vn 0.0068 0.8069 -0.5906
vn 0.0049 0.5841 -0.8117
vn -0.0123 0.1558 -0.9877
vn 0.0026 0.3042 -0.9526
vn 0.0334 0.3021 0.9527
vn 0.0013 0.1562 0.9877
vn 0.0643 0.5803 0.8118
vn 0.0888 0.8019 0.5908
vn 0.1046 0.9447 0.3109
vn 0.1097 0.9908 0.0788
vn 0.1097 0.9908 -0.0788
vn 0.1046 0.9447 -0.3109
vn 0.0888 0.8019 -0.5908
vn 0.0643 0.5803 -0.8118
vn 0.0013 0.1562 -0.9877
vn 0.0334 0.3021 -0.9527
vn 0.0321 0.1529 0.9877
vn 0.0172 0.1553 0.9877
vn 0.0626 0.2982 0.9524
vn 0.1201 0.5720 0.8114
vn 0.1659 0.7900 0.5903
vn 0.1954 0.9302 0.3106
vn 0.2049 0.9756 -0.0787
vn 0.1954 0.9302 -0.3106
vn 0.1659 0.7900 -0.5903
vn 0.1201 0.5720 -0.8114
vn 0.0626 0.2982 -0.9524
vn 0.0321 0.1529 -0.9877
vn 0.0172 0.1553 -0.9877
vn 0.0446 0.1498 0.9877
vn 0.0872 0.2927 0.9522
vn 0.1671 0.5607 0.8110
vn 0.2306 0.7739 0.5899
vn 0.2049 0.9756 0.0787
vn 0.2714 0.9111 0.3103
vn 0.2847 0.9554 -0.0787
vn 0.2714 0.9111 -0.3103
vn 0.2306 0.7739 -0.5899
vn 0.1671 0.5607 -0.8110
vn 0.0872 0.2927 -0.9522
vn 0.0446 0.1498 -0.9877
vn 0.0551 0.1463 0.9877
vn 0.1078 0.2863 0.9521
vn 0.2063 0.5479 0.8107
vn 0.2846 0.7559 0.5895
vn 0.2847 0.9554 0.0787
vn 0.3350 0.8897 0.3101
vn 0.3513 0.9330 -0.0786
vn 0.3350 0.8897 -0.3101
vn 0.2846 0.7559 -0.5895
vn 0.2063 0.5479 -0.8107
vn 0.1078 0.2863 -0.9521
vn 0.0551 0.1463 -0.9877
vn 0.0639 0.1427 0.9877
vn 0.1251 0.2797 0.9519
vn 0.2392 0.5348 0.8104
vn 0.3299 0.7375 0.5893
vn 0.3513 0.9330 0.0786
vn 0.3882 0.8679 0.3100
vn 0.4071 0.9100 -0.0786
vn 0.3882 0.8679 -0.3100
vn 0.3299 0.7375 -0.5893
vn 0.2392 0.5348 -0.8104
vn 0.1251 0.2797 -0.9519
vn 0.0639 0.1427 -0.9877
vn 0.0712 0.1392 0.9877
vn 0.1397 0.2731 0.9518
vn 0.2670 0.5218 0.8102
vn 0.3681 0.7194 0.5890
vn 0.4071 0.9100 0.0786
vn 0.4331 0.8464 0.3098
vn 0.4541 0.8875 -0.0786
vn 0.4331 0.8464 -0.3098
vn 0.3681 0.7194 -0.5890
vn 0.2670 0.5218 -0.8102
vn 0.1397 0.2731 -0.9518
vn 0.0712 0.1392 -0.9877
vn 0.0775 0.1358 0.9877
vn 0.1522 0.2667 0.9517
vn 0.2906 0.5092 0.8101
vn 0.4006 0.7020 0.5889
vn 0.4541 0.8875 0.0786
vn 0.4713 0.8258 0.3097
vn 0.4941 0.8658 -0.0786
vn 0.4713 0.8258 -0.3097
vn 0.4006 0.7020 -0.5889
vn 0.2906 0.5092 -0.8101
vn 0.1522 0.2667 -0.9517
vn 0.0775 0.1358 -0.9877
vn 0.0829 0.1326 0.9877
vn 0.1629 0.2605 0.9516
vn 0.3109 0.4973 0.8100
vn 0.4285 0.6854 0.5887
vn 0.4941 0.8658 0.0786
vn 0.5041 0.8063 0.3096
vn 0.5285 0.8453 -0.0786
vn 0.5041 0.8063 -0.3096
vn 0.4285 0.6854 -0.5887
vn 0.3109 0.4973 -0.8100
vn 0.1629 0.2605 -0.9516
vn 0.0829 0.1326 -0.9877
vn 0.0876 0.1296 0.9877
vn 0.1722 0.2547 0.9516
vn 0.3286 0.4860 0.8099
vn 0.4528 0.6697 0.5886
vn 0.5285 0.8453 0.0786
vn 0.5326 0.7877 0.3096
vn 0.5583 0.8259 -0.0785
vn 0.5326 0.7877 -0.3096
vn 0.4528 0.6697 -0.5886
vn 0.3286 0.4860 -0.8099
vn 0.1722 0.2547 -0.9516
vn 0.0876 0.1296 -0.9877
vn 0.0917 0.1267 0.9877
vn 0.1804 0.2492 0.9515
vn 0.3441 0.4753 0.8098
vn 0.4741 0.6549 0.5886
vn 0.5583 0.8259 0.0785
vn 0.5576 0.7702 0.3095
vn 0.5846 0.8075 -0.0785
vn 0.5576 0.7702 -0.3095
vn 0.4741 0.6549 -0.5886
vn 0.3441 0.4753 -0.8098
vn 0.1804 0.2492 -0.9515
vn 0.0917 0.1267 -0.9877
vn 0.0954 0.1240 0.9877
vn 0.1877 0.2439 0.9515
vn 0.3579 0.4651 0.8097
vn 0.4931 0.6408 0.5885
vn 0.5846 0.8075 0.0785
vn 0.5799 0.7536 0.3095
vn 0.6080 0.7901 -0.0785
vn 0.5799 0.7536 -0.3095
vn 0.4931 0.6408 -0.5885
vn 0.3579 0.4651 -0.8097
vn 0.1877 0.2439 -0.9515
vn 0.0954 0.1240 -0.9877
vn -0.0300 0.0619 0.9976
vn -0.0843 0.1743 0.9811
vn -0.1593 0.3294 0.9307
vn -0.2577 0.5328 0.8060
vn 0.6080 0.7901 0.0785
vn -0.3749 0.7751 0.5085
vn -0.4299 0.8888 -0.1586
vn -0.3749 0.7751 -0.5085
vn -0.2577 0.5328 -0.8060
vn -0.1593 0.3294 -0.9307
vn -0.0843 0.1743 -0.9811
vn -0.0300 0.0619 -0.9976
vn -0.2887 -0.1365 0.9476
vn -0.5232 -0.2474 0.8155
vn -0.7206 -0.3408 0.6038
vn -0.8556 -0.4046 0.3229
vn -0.9008 -0.4260 0.0847
vn -0.4299 0.8888 0.1586
vn -0.9008 -0.4260 -0.0847
vn -0.8556 -0.4046 -0.3229
vn -0.7206 -0.3408 -0.6038
vn -0.5232 -0.2474 -0.8155
vn -0.2887 -0.1365 -0.9476
vn -0.1924 -0.2441 0.9505
vn -0.1281 -0.0606 0.9899
vn -0.3646 -0.4626 0.8081
vn -0.5012 -0.6359 0.5869
vn -0.5888 -0.7471 0.3085
vn -0.6171 -0.7830 0.0784
vn -0.6171 -0.7830 -0.0784
vn -0.5888 -0.7471 -0.3085
vn -0.5012 -0.6359 -0.5869
vn -0.3646 -0.4626 -0.8081
vn -0.1281 -0.0606 -0.9899
vn -0.1924 -0.2441 -0.9505
vn -0.0917 -0.1267 0.9877
vn -0.0968 -0.1228 0.9877
vn -0.1823 -0.2517 0.9505
vn -0.3456 -0.4771 0.8081
vn -0.4750 -0.6557 0.5869
vn -0.5580 -0.7704 0.3085
vn -0.5848 -0.8074 -0.0784
vn -0.5580 -0.7704 -0.3085
vn -0.4750 -0.6557 -0.5869
vn -0.3456 -0.4771 -0.8081
vn -0.1823 -0.2517 -0.9505
vn -0.0917 -0.1267 -0.9877
vn -0.0968 -0.1228 -0.9877
vn -0.0862 -0.1305 0.9877
vn -0.1715 -0.2594 0.9504
vn -0.3249 -0.4915 0.8080
vn -0.4465 -0.6755 0.5868
vn -0.5848 -0.8074 0.0784
vn -0.5246 -0.7935 0.3084
vn -0.5497 -0.8316 -0.0784
vn -0.5246 -0.7935 -0.3084
vn -0.4465 -0.6755 -0.5868
vn -0.3249 -0.4915 -0.8080
vn -0.1715 -0.2594 -0.9504
vn -0.0862 -0.1305 -0.9877
vn -0.0802 -0.1343 0.9877
vn -0.1595 -0.2670 0.9504
vn -0.3022 -0.5058 0.8080
vn -0.4153 -0.6952 0.5868
vn -0.5497 -0.8316 0.0784
vn -0.4878 -0.8166 0.3084
vn -0.5113 -0.8558 -0.0784
vn -0.4878 -0.8166 -0.3084
vn -0.4153 -0.6952 -0.5868
vn -0.3022 -0.5058 -0.8080
vn -0.1595 -0.2670 -0.9504
vn -0.0802 -0.1343 -0.9877
vn -0.0735 -0.1380 0.9877
vn -0.1463 -0.2747 0.9503
vn -0.2771 -0.5201 0.8079
vn -0.3807 -0.7147 0.5867
vn -0.5113 -0.8558 0.0784
vn -0.4472 -0.8396 0.3084
vn -0.4687 -0.8799 -0.0784
vn -0.4472 -0.8396 -0.3084
vn -0.3807 -0.7147 -0.5867
vn -0.2771 -0.5201 -0.8079
vn -0.1463 -0.2747 -0.9503
vn -0.0735 -0.1380 -0.9877
vn -0.0661 -0.1417 0.9877
vn -0.1316 -0.2822 0.9503
vn -0.2492 -0.5342 0.8078
vn -0.3423 -0.7340 0.5866
vn -0.4687 -0.8799 0.0784
vn -0.4021 -0.8621 0.3083
vn -0.4214 -0.9035 -0.0784
vn -0.4021 -0.8621 -0.3083
vn -0.3423 -0.7340 -0.5866
vn -0.2492 -0.5342 -0.8078
vn -0.1316 -0.2822 -0.9503
vn -0.0661 -0.1417 -0.9877
vn -0.0578 -0.1453 0.9877
vn -0.1152 -0.2895 0.9502
vn -0.2180 -0.5478 0.8077
vn -0.2994 -0.7525 0.5865
vn -0.4214 -0.9035 0.0784
vn -0.3517 -0.8839 0.3083
vn -0.3686 -0.9263 -0.0784
vn -0.3517 -0.8839 -0.3083
vn -0.2994 -0.7525 -0.5865
vn -0.2180 -0.5478 -0.8077
vn -0.1152 -0.2895 -0.9502
vn -0.0578 -0.1453 -0.9877
vn -0.0485 -0.1486 0.9877
vn -0.0968 -0.2964 0.9501
vn -0.1830 -0.5606 0.8076
vn -0.2514 -0.7700 0.5864
vn -0.3686 -0.9263 0.0784
vn -0.2953 -0.9043 0.3082
vn -0.3094 -0.9477 -0.0784
vn -0.2953 -0.9043 -0.3082
vn -0.2514 -0.7700 -0.5864
vn -0.1830 -0.5606 -0.8076
vn -0.0968 -0.2964 -0.9501
vn -0.0485 -0.1486 -0.9877
vn -0.0381 -0.1516 0.9877
vn -0.0762 -0.3027 0.9501
vn -0.1439 -0.5721 0.8075
vn -0.1977 -0.7856 0.5863
vn -0.3094 -0.9477 0.0784
vn -0.2321 -0.9226 0.3081
vn -0.2433 -0.9668 -0.0784
vn -0.2321 -0.9226 -0.3081
vn -0.1977 -0.7856 -0.5863
vn -0.1439 -0.5721 -0.8075
vn -0.0762 -0.3027 -0.9501
vn -0.0381 -0.1516 -0.9877
vn -0.0266 -0.1540 0.9877
vn -0.0531 -0.3078 0.9500
vn -0.1003 -0.5815 0.8074
vn -0.1378 -0.7984 0.5862
vn -0.2433 -0.9668 0.0784
vn -0.1618 -0.9375 0.3081
vn -0.1695 -0.9824 -0.0784
vn -0.1618 -0.9375 -0.3081
vn -0.1378 -0.7984 -0.5862
vn -0.1003 -0.5815 -0.8074
vn -0.0531 -0.3078 -0.9500
vn -0.0266 -0.1540 -0.9877
vn -0.0138 -0.1557 0.9877
vn -0.0276 -0.3114 0.9499
vn -0.0521 -0.5879 0.8072
vn -0.0715 -0.8071 0.5861
vn -0.1695 -0.9824 0.0784
vn -0.0840 -0.9477 0.3080
vn -0.0880 -0.9930 -0.0784
vn -0.0840 -0.9477 -0.3080
vn -0.0715 -0.8071 -0.5861
vn -0.0521 -0.5879 -0.8072
vn -0.0276 -0.3114 -0.9499
vn -0.0138 -0.1557 -0.9877
vn -0.0010 -0.3126 0.9499
vn -0.0019 -0.5902 0.8073
vn -0.0026 -0.8102 0.5861
vn -0.0030 -0.9514 0.3080
vn -0.0032 -0.9969 0.0784
vn -0.0880 -0.9930 0.0784
vn -0.0032 -0.9969 -0.0784
vn -0.0030 -0.9514 -0.3080
vn -0.0026 -0.8102 -0.5861
vn -0.0019 -0.5902 -0.8073
vn -0.0010 -0.3126 -0.9499
vn 0.0233 -0.3112 0.9501
vn -0.0005 -0.1563 0.9877
vn 0.0440 -0.5882 0.8075
vn 0.0604 -0.8078 0.5863
vn 0.0709 -0.9487 0.3081
vn 0.0743 -0.9941 0.0784
vn 0.0743 -0.9941 -0.0784
vn 0.0709 -0.9487 -0.3081
vn 0.0604 -0.8078 -0.5863
vn 0.0440 -0.5882 -0.8075
vn -0.0005 -0.1563 -0.9877
vn 0.0233 -0.3112 -0.9501
vn 0.0438 -0.3086 0.9502
vn 0.0117 -0.1559 0.9877
vn 0.0829 -0.5838 0.8077
vn 0.1139 -0.8019 0.5865
vn 0.1338 -0.9419 0.3082
vn 0.1402 -0.9870 0.0784
vn 0.1402 -0.9870 -0.0784
vn 0.1338 -0.9419 -0.3082
vn 0.1139 -0.8019 -0.5865
vn 0.0829 -0.5838 -0.8077
vn 0.0117 -0.1559 -0.9877
vn 0.0438 -0.3086 -0.9502
vn 0.0614 -0.3052 0.9503
vn 0.0220 -0.1548 0.9877
vn 0.1162 -0.5778 0.8079
vn 0.1597 -0.7939 0.5867
vn 0.1876 -0.9326 0.3083
vn 0.1966 -0.9774 0.0784
vn 0.1966 -0.9774 -0.0784
vn 0.1876 -0.9326 -0.3083
vn 0.1597 -0.7939 -0.5867
vn 0.1162 -0.5778 -0.8079
vn 0.0220 -0.1548 -0.9877
vn 0.0614 -0.3052 -0.9503
vn 0.0762 -0.3015 0.9504
vn 0.0308 -0.1533 0.9877
vn 0.1444 -0.5712 0.8080
vn 0.1984 -0.7850 0.5868
vn 0.2331 -0.9222 0.3084
vn 0.2443 -0.9665 0.0784
vn 0.2443 -0.9665 -0.0784
vn 0.2331 -0.9222 -0.3084
vn 0.1984 -0.7850 -0.5868
vn 0.1444 -0.5712 -0.8080
vn 0.0308 -0.1533 -0.9877
vn 0.0762 -0.3015 -0.9504
vn 0.0886 -0.2978 0.9505
vn 0.0383 -0.1516 0.9877
vn 0.1680 -0.5645 0.8082
vn 0.2310 -0.7760 0.5870
vn 0.2714 -0.9117 0.3085
vn 0.2844 -0.9555 0.0784
vn 0.2844 -0.9555 -0.0784
vn 0.2714 -0.9117 -0.3085
vn 0.2310 -0.7760 -0.5870
vn 0.1680 -0.5645 -0.8082
vn 0.0383 -0.1516 -0.9877
vn 0.0886 -0.2978 -0.9505
vn 0.0989 -0.2942 0.9506
vn 0.0446 -0.1499 0.9877
vn 0.1876 -0.5581 0.8083
vn 0.2580 -0.7673 0.5871
vn 0.3031 -0.9016 0.3086
vn 0.3177 -0.9449 0.0784
vn 0.3177 -0.9449 -0.0784
vn 0.3031 -0.9016 -0.3086
vn 0.2580 -0.7673 -0.5871
vn 0.1876 -0.5581 -0.8083
vn 0.0446 -0.1499 -0.9877
vn 0.0989 -0.2942 -0.9506
vn 0.1073 -0.2910 0.9507
vn 0.0498 -0.1483 0.9877
vn 0.2037 -0.5522 0.8084
vn 0.2801 -0.7594 0.5872
vn 0.3292 -0.8924 0.3087
vn 0.3450 -0.9353 0.0784
vn 0.3450 -0.9353 -0.0784
vn 0.3292 -0.8924 -0.3087
vn 0.2801 -0.7594 -0.5872
vn 0.2037 -0.5522 -0.8084
vn 0.0498 -0.1483 -0.9877
vn 0.1073 -0.2910 -0.9507
vn 0.1141 -0.2882 0.9508
vn 0.0541 -0.1468 0.9877
vn 0.2166 -0.5471 0.8085
vn 0.2979 -0.7525 0.5873
vn 0.3501 -0.8844 0.3087
vn 0.3670 -0.9269 0.0784
vn 0.3670 -0.9269 -0.0784
vn 0.3501 -0.8844 -0.3087
vn 0.2979 -0.7525 -0.5873
vn 0.2166 -0.5471 -0.8085
vn 0.0541 -0.1468 -0.9877
vn 0.1141 -0.2882 -0.9508
vn 0.1194 -0.2858 0.9508
vn 0.0576 -0.1454 0.9877
vn 0.2267 -0.5429 0.8086
vn 0.3119 -0.7468 0.5874
vn 0.3665 -0.8777 0.3088
vn 0.3842 -0.9199 0.0784
vn 0.3842 -0.9199 -0.0784
vn 0.3665 -0.8777 -0.3088
vn 0.3119 -0.7468 -0.5874
vn 0.2267 -0.5429 -0.8086
vn 0.0576 -0.1454 -0.9877
vn 0.1194 -0.2858 -0.9508
vn 0.1232 -0.2839 0.9509
vn 0.0603 -0.1443 0.9877
vn 0.2342 -0.5395 0.8087
vn 0.3222 -0.7423 0.5875
vn 0.3787 -0.8725 0.3088
vn 0.3969 -0.9145 0.0784
vn 0.3969 -0.9145 -0.0784
vn 0.3787 -0.8725 -0.3088
vn 0.3222 -0.7423 -0.5875
vn 0.2342 -0.5395 -0.8087
vn 0.0603 -0.1443 -0.9877
vn 0.1232 -0.2839 -0.9509
vn 0.1258 -0.2826 0.9510
vn 0.0623 -0.1435 0.9877
vn 0.2392 -0.5372 0.8088
vn 0.3292 -0.7392 0.5876
vn 0.3869 -0.8688 0.3089
vn 0.4056 -0.9107 0.0784
vn 0.4056 -0.9107 -0.0784
vn 0.3869 -0.8688 -0.3089
vn 0.3292 -0.7392 -0.5876
vn 0.2392 -0.5372 -0.8088
vn 0.0623 -0.1435 -0.9877
vn 0.1258 -0.2826 -0.9510
vn 0.1257 -0.2820 0.9512
vn 0.0636 -0.1429 0.9877
vn 0.2392 -0.5367 0.8092
vn 0.3293 -0.7388 0.5879
vn 0.3872 -0.8686 0.3091
vn 0.4059 -0.9106 0.0785
vn 0.4059 -0.9106 -0.0785
vn 0.3872 -0.8686 -0.3091
vn 0.3293 -0.7388 -0.5879
vn 0.2392 -0.5367 -0.8092
vn 0.0636 -0.1429 -0.9877
vn 0.1257 -0.2820 -0.9512
vn 0.0630 -0.1432 0.9877
vn 0.0637 -0.1429 0.9877
vn 0.1244 -0.2827 0.9511
vn 0.2366 -0.5379 0.8091
vn 0.3257 -0.7405 0.5879
vn 0.3829 -0.8706 0.3091
vn 0.4014 -0.9125 -0.0785
vn 0.3829 -0.8706 -0.3091
vn 0.3257 -0.7405 -0.5879
vn 0.2366 -0.5379 -0.8091
vn 0.1244 -0.2827 -0.9511
vn 0.0630 -0.1432 -0.9877
vn 0.0637 -0.1429 -0.9877
vn 0.1227 -0.2832 0.9512
vn 0.2335 -0.5391 0.8092
vn 0.3215 -0.7423 0.5880
vn 0.3780 -0.8727 0.3091
vn 0.3962 -0.9148 0.0785
vn 0.4014 -0.9125 0.0785
vn 0.3962 -0.9148 -0.0785
vn 0.3780 -0.8727 -0.3091
vn 0.3215 -0.7423 -0.5880
vn 0.2335 -0.5391 -0.8092
vn 0.1227 -0.2832 -0.9512
vn 0.1196 -0.2843 0.9512
vn 0.0622 -0.1435 0.9877
vn 0.2277 -0.5414 0.8093
vn 0.3136 -0.7455 0.5881
vn 0.3687 -0.8766 0.3092
vn 0.3865 -0.9189 0.0785
vn 0.3865 -0.9189 -0.0785
vn 0.3687 -0.8766 -0.3092
vn 0.3136 -0.7455 -0.5881
vn 0.2277 -0.5414 -0.8093
vn 0.0622 -0.1435 -0.9877
vn 0.1196 -0.2843 -0.9512
vn 0.1150 -0.2859 0.9513
vn 0.0606 -0.1442 0.9877
vn 0.2191 -0.5448 0.8095
vn 0.3017 -0.7503 0.5882
vn 0.3548 -0.8823 0.3093
vn 0.3719 -0.9249 0.0785
vn 0.3719 -0.9249 -0.0785
vn 0.3548 -0.8823 -0.3093
vn 0.3017 -0.7503 -0.5882
vn 0.2191 -0.5448 -0.8095
vn 0.0606 -0.1442 -0.9877
vn 0.1150 -0.2859 -0.9513
vn 0.1087 -0.2881 0.9514
vn 0.0584 -0.1451 0.9877
vn 0.2073 -0.5492 0.8096
vn 0.2856 -0.7565 0.5884
vn 0.3358 -0.8897 0.3094
vn 0.3521 -0.9327 0.0785
vn 0.3521 -0.9327 -0.0785
vn 0.3358 -0.8897 -0.3094
vn 0.2856 -0.7565 -0.5884
vn 0.2073 -0.5492 -0.8096
vn 0.0584 -0.1451 -0.9877
vn 0.1087 -0.2881 -0.9514
vn 0.1007 -0.2907 0.9515
vn 0.0552 -0.1463 0.9877
vn 0.1920 -0.5544 0.8098
vn 0.2646 -0.7639 0.5886
vn 0.3112 -0.8985 0.3095
vn 0.3263 -0.9420 0.0785
vn 0.3263 -0.9420 -0.0785
vn 0.3112 -0.8985 -0.3095
vn 0.2646 -0.7639 -0.5886
vn 0.1920 -0.5544 -0.8098
vn 0.0552 -0.1463 -0.9877
vn 0.1007 -0.2907 -0.9515
vn 0.0906 -0.2936 0.9516
vn 0.0512 -0.1478 0.9877
vn 0.1729 -0.5604 0.8100
vn 0.2382 -0.7724 0.5887
vn 0.2802 -0.9086 0.3096
vn 0.2938 -0.9526 0.0785
vn 0.2938 -0.9526 -0.0785
vn 0.2802 -0.9086 -0.3096
vn 0.2382 -0.7724 -0.5887
vn 0.1729 -0.5604 -0.8100
vn 0.0512 -0.1478 -0.9877
vn 0.0906 -0.2936 -0.9516
vn 0.0781 -0.2968 0.9517
vn 0.0461 -0.1495 0.9877
vn 0.1492 -0.5669 0.8102
vn 0.2057 -0.7815 0.5890
vn 0.2421 -0.9195 0.3098
vn 0.2538 -0.9641 0.0786
vn 0.2538 -0.9641 -0.0786
vn 0.2421 -0.9195 -0.3098
vn 0.2057 -0.7815 -0.5890
vn 0.1492 -0.5669 -0.8102
vn 0.0461 -0.1495 -0.9877
vn 0.0781 -0.2968 -0.9517
vn 0.0631 -0.2999 0.9519
vn 0.0398 -0.1512 0.9877
vn 0.1206 -0.5733 0.8104
vn 0.1663 -0.7907 0.5892
vn 0.1957 -0.9304 0.3099
vn 0.2052 -0.9756 0.0786
vn 0.2052 -0.9756 -0.0786
vn 0.1957 -0.9304 -0.3099
vn 0.1663 -0.7907 -0.5892
vn 0.1206 -0.5733 -0.8104
vn 0.0398 -0.1512 -0.9877
vn 0.0631 -0.2999 -0.9519
vn 0.0451 -0.3026 0.9520
vn 0.0322 -0.1530 0.9877
vn 0.0863 -0.5791 0.8107
vn 0.1190 -0.7989 0.5895
vn 0.1401 -0.9403 0.3101
vn 0.1469 -0.9860 0.0786
vn 0.1469 -0.9860 -0.0786
vn 0.1401 -0.9403 -0.3101
vn 0.1190 -0.7989 -0.5895
vn 0.0863 -0.5791 -0.8107
vn 0.0322 -0.1530 -0.9877
vn 0.0451 -0.3026 -0.9520
vn 0.0239 -0.3045 0.9522
vn 0.0230 -0.1546 0.9877
vn 0.0459 -0.5833 0.8110
vn 0.0633 -0.8051 0.5898
vn 0.0745 -0.9477 0.3103
vn 0.0781 -0.9938 0.0787
vn 0.0781 -0.9938 -0.0787
vn 0.0745 -0.9477 -0.3103
vn 0.0633 -0.8051 -0.5898
vn 0.0459 -0.5833 -0.8110
vn 0.0230 -0.1546 -0.9877
vn 0.0239 -0.3045 -0.9522
vn -0.0014 -0.3046 0.9525
vn 0.0123 -0.1558 0.9877
vn -0.0027 -0.5844 0.8115
vn -0.0037 -0.8071 0.5903
vn -0.0043 -0.9505 0.3106
vn -0.0045 -0.9969 0.0787
vn -0.0045 -0.9969 -0.0787
vn -0.0043 -0.9505 -0.3106
vn -0.0037 -0.8071 -0.5903
vn -0.0027 -0.5844 -0.8115
vn 0.0123 -0.1558 -0.9877
vn -0.0014 -0.3046 -0.9525
vn -0.0300 -0.3029 0.9526
vn -0.0007 -0.1563 0.9877
vn -0.0575 -0.5814 0.8116
vn -0.0795 -0.8031 0.5905
vn -0.0936 -0.9459 0.3108
vn -0.0982 -0.9920 0.0787
vn -0.0982 -0.9920 -0.0787
vn -0.0936 -0.9459 -0.3108
vn -0.0795 -0.8031 -0.5905
vn -0.0575 -0.5814 -0.8116
vn -0.0007 -0.1563 -0.9877
vn -0.0300 -0.3029 -0.9526
vn -0.0298 -0.1534 0.9877
vn -0.0154 -0.1555 0.9877
vn -0.0581 -0.2991 0.9524
vn -0.1114 -0.5738 0.8114
vn -0.1539 -0.7924 0.5903
vn -0.1812 -0.9331 0.3106
vn -0.1901 -0.9786 -0.0787
vn -0.1812 -0.9331 -0.3106
vn -0.1539 -0.7924 -0.5903
vn -0.1114 -0.5738 -0.8114
vn -0.0581 -0.2991 -0.9524
vn -0.0298 -0.1534 -0.9877
vn -0.0154 -0.1555 -0.9877
vn -0.0428 -0.1503 0.9877
vn -0.0835 -0.2935 0.9523
vn -0.1600 -0.5625 0.8111
vn -0.2208 -0.7766 0.5900
vn -0.1901 -0.9786 0.0787
vn -0.2600 -0.9144 0.3104
vn -0.2727 -0.9589 -0.0787
vn -0.2600 -0.9144 -0.3104
vn -0.2208 -0.7766 -0.5900
vn -0.1600 -0.5625 -0.8111
vn -0.0835 -0.2935 -0.9523
vn -0.0428 -0.1503 -0.9877
vn -0.0541 -0.1467 0.9877
vn -0.1057 -0.2868 0.9522
vn -0.2024 -0.5491 0.8109
vn -0.2793 -0.7578 0.5897
vn -0.2727 -0.9589 0.0787
vn -0.3288 -0.8920 0.3102
vn -0.3448 -0.9354 -0.0786
vn -0.3288 -0.8920 -0.3102
vn -0.2793 -0.7578 -0.5897
vn -0.2024 -0.5491 -0.8109
vn -0.1057 -0.2868 -0.9522
vn -0.0541 -0.1467 -0.9877
vn -0.0637 -0.1428 0.9877
vn -0.1248 -0.2795 0.9520
vn -0.2387 -0.5347 0.8106
vn -0.3293 -0.7377 0.5894
vn -0.3448 -0.9354 0.0786
vn -0.3875 -0.8682 0.3101
vn -0.4063 -0.9103 -0.0786
vn -0.3875 -0.8682 -0.3101
vn -0.3293 -0.7377 -0.5894
vn -0.2387 -0.5347 -0.8106
vn -0.1248 -0.2795 -0.9520
vn -0.0637 -0.1428 -0.9877
vn -0.0718 -0.1389 0.9877
vn -0.1408 -0.2723 0.9519
vn -0.2691 -0.5205 0.8104
vn -0.3711 -0.7178 0.5892
vn -0.4063 -0.9103 0.0786
vn -0.4366 -0.8446 0.3099
vn -0.4578 -0.8856 -0.0786
vn -0.4366 -0.8446 -0.3099
vn -0.3711 -0.7178 -0.5892
vn -0.2691 -0.5205 -0.8104
vn -0.1408 -0.2723 -0.9519
vn -0.0718 -0.1389 -0.9877
vn -0.0785 -0.1353 0.9877
vn -0.1540 -0.2655 0.9517
vn -0.2941 -0.5071 0.8101
vn -0.4055 -0.6991 0.5889
vn -0.4578 -0.8856 0.0786
vn -0.4770 -0.8225 0.3097
vn -0.5001 -0.8624 -0.0786
vn -0.4770 -0.8225 -0.3097
vn -0.4055 -0.6991 -0.5889
vn -0.2941 -0.5071 -0.8101
vn -0.1540 -0.2655 -0.9517
vn -0.0785 -0.1353 -0.9877
vn -0.0838 -0.1320 0.9877
vn -0.1647 -0.2595 0.9516
vn -0.3144 -0.4952 0.8099
vn -0.4333 -0.6824 0.5887
vn -0.5001 -0.8624 0.0786
vn -0.5097 -0.8027 0.3096
vn -0.5343 -0.8416 -0.0785
vn -0.5097 -0.8027 -0.3096
vn -0.4333 -0.6824 -0.5887
vn -0.3144 -0.4952 -0.8099
vn -0.1647 -0.2595 -0.9516
vn -0.0838 -0.1320 -0.9877
vn -0.0881 -0.1293 0.9877
vn -0.1733 -0.2543 0.9515
vn -0.3305 -0.4849 0.8097
vn -0.4553 -0.6681 0.5885
vn -0.5343 -0.8416 0.0785
vn -0.5355 -0.7858 0.3095
vn -0.5614 -0.8238 -0.0785
vn -0.5355 -0.7858 -0.3095
vn -0.4553 -0.6681 -0.5885
vn -0.3305 -0.4849 -0.8097
vn -0.1733 -0.2543 -0.9515
vn -0.0881 -0.1293 -0.9877
vn -0.0914 -0.1270 0.9877
vn -0.1799 -0.2500 0.9514
vn -0.3428 -0.4765 0.8096
vn -0.4722 -0.6564 0.5883
vn -0.5614 -0.8238 0.0785
vn -0.5554 -0.7719 0.3094
vn -0.5822 -0.8092 -0.0785
vn -0.5554 -0.7719 -0.3094
vn -0.4722 -0.6564 -0.5883
vn -0.3428 -0.4765 -0.8096
vn -0.1799 -0.2500 -0.9514
vn -0.0914 -0.1270 -0.9877
vn -0.0938 -0.1252 0.9877
vn -0.1848 -0.2468 0.9513
vn -0.3520 -0.4701 0.8094
vn -0.4847 -0.6474 0.5882
vn -0.5822 -0.8092 0.0785
vn -0.5700 -0.7612 0.3093
vn -0.5975 -0.7980 -0.0785
vn -0.5700 -0.7612 -0.3093
vn -0.4847 -0.6474 -0.5882
vn -0.3520 -0.4701 -0.8094
vn -0.1848 -0.2468 -0.9513
vn -0.0938 -0.1252 -0.9877
vn 0.0312 -0.0629 0.9975
vn 0.0874 -0.1763 0.9804
vn 0.1649 -0.3328 0.9285
vn 0.2657 -0.5361 0.8012
vn -0.5975 -0.7980 0.0785
vn 0.3837 -0.7744 0.5031
vn 0.4386 -0.8850 -0.1561
vn 0.3837 -0.7744 -0.5031
vn 0.2657 -0.5361 -0.8012
vn 0.1649 -0.3328 -0.9285
vn 0.0874 -0.1763 -0.9804
vn 0.0312 -0.0629 -0.9975
vn 0.2879 0.1376 0.9477
vn 0.5217 0.2494 0.8158
vn 0.7188 0.3436 0.6043
vn 0.8538 0.4082 0.3233
vn 0.8990 0.4298 0.0848
vn 0.4386 -0.8850 0.1561
vn 0.8990 0.4297 -0.0848
vn 0.8538 0.4082 -0.3233
vn 0.7188 0.3436 -0.6043
vn 0.5217 0.2494 -0.8158
vn 0.2879 0.1376 -0.9477
vn 0.1276 0.0610 0.9899
vn 0.1276 0.0610 -0.9899
vn -0.1203 0.1203 0.9854
vn -0.0787 -0.0787 0.9938
vn -0.1203 -0.1203 0.9854
vn -0.2882 0.2882 0.9132
vn -0.2882 -0.2882 0.9132
vn -0.4666 0.4666 0.7513
vn -0.4666 -0.4666 0.7513
vn -0.6319 0.6319 0.4487
vn -0.6319 -0.6319 0.4487
vn -0.7023 0.7024 0.1158
vn -0.7023 -0.7024 0.1158
vn -0.7023 0.7023 -0.1158
vn -0.7023 -0.7024 -0.1158
vn -0.6319 0.6319 -0.4487
vn -0.6319 -0.6319 -0.4487
vn -0.4666 0.4666 -0.7513
vn -0.4666 -0.4666 -0.7513
vn -0.2882 0.2882 -0.9132
vn -0.2882 -0.2882 -0.9132
vn -0.1203 0.1203 -0.9854
vn -0.1203 -0.1203 -0.9854
vn -0.0787 0.0787 -0.9938
vn -0.0787 -0.0787 -0.9938
vn -0.0787 0.0787 0.9938
vn -0.1980 0.1980 0.9600
vn -0.3610 0.3610 0.8599
vn -0.5226 0.5226 0.6736
vn -0.6543 0.6543 0.3793
vn -0.7032 0.7032 -0.1049
vn -0.6543 0.6543 -0.3793
vn -0.5226 0.5226 -0.6736
vn -0.3610 0.3610 -0.8599
vn -0.1980 0.1980 -0.9600
vn -0.1980 -0.1980 0.9600
vn -0.3610 -0.3610 0.8599
vn -0.5226 -0.5226 0.6736
vn -0.6543 -0.6543 0.3793
vn -0.7032 -0.7032 0.1049
vn -0.7032 0.7032 0.1049
vn -0.7032 -0.7032 -0.1049
vn -0.6543 -0.6543 -0.3793
vn -0.5226 -0.5226 -0.6736
vn -0.3610 -0.3610 -0.8599
vn -0.1980 -0.1980 -0.9600
vn -0.7023 0.7024 -0.1158
vn 0.1980 -0.1980 0.9600
vn 0.3610 -0.3610 0.8599
vn 0.5226 -0.5226 0.6736
vn 0.6543 -0.6543 0.3792
vn 0.7032 -0.7032 0.1049
vn 0.7032 -0.7032 -0.1049
vn 0.6543 -0.6543 -0.3793
vn 0.5226 -0.5226 -0.6736
vn 0.3610 -0.3610 -0.8599
vn 0.1980 -0.1980 -0.9600
vn 0.0787 -0.0787 -0.9938
vn 0.1980 0.1980 0.9600
vn 0.0787 -0.0787 0.9938
vn 0.3610 0.3610 0.8599
vn 0.5226 0.5226 0.6736
vn 0.6543 0.6543 0.3793
vn 0.7032 0.7032 0.1049
vn 0.7032 0.7032 -0.1049
vn 0.6543 0.6543 -0.3793
vn 0.5226 0.5226 -0.6736
vn 0.3610 0.3610 -0.8599
vn 0.1980 0.1980 -0.9600
vn 0.0787 0.0787 -0.9938
vn 0.0787 0.0787 0.9938
vn -0.0243 -0.0649 0.9976
vn 0.0592 -0.1298 0.9898
vn 0.1327 -0.2911 0.9474
vn -0.0685 -0.1833 0.9807
vn 0.2407 -0.5280 0.8144
vn -0.1295 -0.3465 0.9291
vn 0.3312 -0.7265 0.6021
vn -0.2346 -0.6276 0.7423
vn 0.3928 -0.8616 0.3215
vn -0.3395 -0.9087 0.2428
vn 0.4134 -0.9066 0.0842
vn -0.3395 -0.9087 -0.2428
vn 0.4134 -0.9066 -0.0842
vn 0.3928 -0.8616 -0.3215
vn 0.3312 -0.7265 -0.6021
vn -0.2346 -0.6276 -0.7423
vn 0.2407 -0.5280 -0.8144
vn -0.1295 -0.3465 -0.9291
vn 0.1327 -0.2911 -0.9474
vn -0.0685 -0.1833 -0.9807
vn 0.0592 -0.1298 -0.9898
vn -0.0243 -0.0649 -0.9976
vn -0.0194 -0.0519 0.9985
vn -0.0194 -0.0519 -0.9985
vn 0.6543 -0.6543 0.3793
vn -0.1323 0.2915 0.9474
vn -0.2399 0.5286 0.8143
vn -0.3300 0.7272 0.6019
vn -0.3913 0.8623 0.3214
vn -0.4118 0.9074 0.0841
vn -0.4118 0.9074 -0.0841
vn -0.3913 0.8623 -0.3214
vn -0.3300 0.7272 -0.6019
vn -0.2399 0.5286 -0.8143
vn -0.1323 0.2915 -0.9474
vn 0.0245 0.0653 0.9976
vn -0.0590 0.1300 0.9898
vn 0.0692 0.1841 0.9805
vn 0.1307 0.3479 0.9284
vn 0.2364 0.6291 0.7405
vn 0.3413 0.9084 0.2415
vn 0.3413 0.9084 -0.2415
vn 0.2364 0.6291 -0.7405
vn 0.1307 0.3479 -0.9284
vn 0.0692 0.1841 -0.9805
vn -0.0590 0.1300 -0.9898
vn 0.0245 0.0653 -0.9976
vn 0.0196 0.0521 0.9985
vn 0.6543 0.6543 -0.3792
vn 0.0196 0.0521 -0.9985
vn -0.6543 0.6543 0.3792
vn -0.7024 0.7023 0.1158
vn -0.7024 -0.7023 0.1158
vn -0.7024 0.7023 -0.1158
vn -0.7024 -0.7023 -0.1158
vn -0.6543 -0.6543 0.3792
vn 0.6543 -0.6543 -0.3792
vn 0.5326 0.8287 0.1719
vn 0.6565 0.7365 0.1629
vn 0.7160 0.6850 0.1349
vn 0.7567 0.6488 0.0806
vn 0.7409 0.6716 0.0110
vn 0.7409 0.6716 -0.0110
vn 0.7567 0.6488 -0.0806
vn 0.7160 0.6850 -0.1349
vn 0.6565 0.7365 -0.1629
vn 0.5326 0.8287 -0.1719
vn -0.7574 0.6284 0.1776
vn 0.0780 0.2316 -0.9697
vn -0.8642 0.4768 0.1607
vn -0.9078 0.4012 0.1224
vn -0.9314 0.3579 0.0668
vn -0.9210 0.3895 0.0087
vn -0.9210 0.3894 -0.0087
vn -0.9314 0.3579 -0.0668
vn -0.9078 0.4012 -0.1224
vn -0.8642 0.4768 -0.1607
vn 0.0780 0.2316 0.9697
vn -0.7574 0.6284 -0.1776
vn -0.0614 -0.1272 0.9900
vn -0.1511 0.2253 -0.9625
vn -0.1386 -0.2873 0.9478
vn -0.2511 -0.5205 0.8161
vn -0.3460 -0.7173 0.6047
vn -0.4111 -0.8522 0.3236
vn -0.4329 -0.8974 -0.0849
vn -0.4111 -0.8522 -0.3236
vn -0.3460 -0.7173 -0.6047
vn -0.2511 -0.5205 -0.8161
vn -0.1386 -0.2873 -0.9478
vn -0.0614 -0.1272 -0.9900
vn -0.1511 0.2253 0.9625
vn 0.0614 -0.1272 0.9900
vn 0.1386 -0.2873 0.9478
vn 0.3460 -0.7173 0.6047
vn 0.4111 -0.8522 0.3236
vn 0.4329 -0.8974 0.0849
vn -0.4329 -0.8974 0.0849
vn 0.4329 -0.8974 -0.0849
vn 0.4111 -0.8522 -0.3236
vn 0.3460 -0.7173 -0.6047
vn 0.2511 -0.5205 -0.8161
vn 0.1386 -0.2873 -0.9478
vn 0.0614 -0.1272 -0.9900
vn 0.7574 0.6284 0.1775
vn 0.8642 0.4768 0.1607
vn 0.2511 -0.5205 0.8161
vn 0.9078 0.4011 0.1224
vn 0.9314 0.3579 0.0668
vn 0.9210 0.3894 0.0087
vn 0.9210 0.3895 -0.0087
vn 0.9314 0.3579 -0.0668
vn 0.9078 0.4011 -0.1224
vn 0.8642 0.4768 -0.1607
vn 0.7574 0.6284 -0.1775
vn -0.0780 0.2316 -0.9697
vn 0.1511 0.2253 -0.9625
vn -0.5326 0.8287 0.1719
vn -0.6565 0.7365 0.1629
vn -0.7160 0.6850 0.1349
vn -0.7567 0.6488 0.0806
vn -0.7409 0.6716 -0.0110
vn -0.7567 0.6488 -0.0806
vn -0.7160 0.6850 -0.1349
vn -0.6565 0.7365 -0.1629
vn -0.5326 0.8287 -0.1719
vn -0.0780 0.2316 0.9697
vn 0.1511 0.2253 0.9625
vn -0.7409 0.6716 0.0110
vn 0.6543 0.6543 0.3792
vn -0.1376 0.2879 0.9477
vn -0.2494 0.5218 0.8158
vn -0.3436 0.7189 0.6043
vn -0.4081 0.8538 0.3232
vn -0.4297 0.8990 0.0848
vn -0.4297 0.8990 -0.0848
vn -0.4081 0.8538 -0.3233
vn -0.3436 0.7189 -0.6043
vn -0.2494 0.5218 -0.8158
vn -0.1376 0.2879 -0.9477
vn -0.0002 0.1451 0.9894
vn -0.0610 0.1276 0.9899
vn -0.0004 0.3619 0.9322
vn -0.0007 0.6089 0.7933
vn -0.0009 0.8674 0.4976
vn -0.0011 0.9914 0.1312
vn -0.0011 0.9914 -0.1312
vn -0.0009 0.8674 -0.4976
vn -0.0007 0.6089 -0.7933
vn -0.0004 0.3619 -0.9322
vn -0.0610 0.1276 -0.9899
vn -0.0002 0.1451 -0.9894
vn 0.0609 0.1278 0.9899
vn -0.0001 0.0991 0.9951
vn 0.1373 0.2881 0.9477
vn 0.2489 0.5222 0.8157
vn 0.3429 0.7193 0.6042
vn 0.4072 0.8543 0.3231
vn 0.4287 0.8995 -0.0848
vn 0.4072 0.8543 -0.3231
vn 0.3429 0.7193 -0.6042
vn 0.2489 0.5222 -0.8157
vn 0.1373 0.2881 -0.9477
vn 0.0609 0.1278 -0.9899
vn -0.0001 0.0991 -0.9951
vn 0.4287 0.8995 0.0848
vn -0.6543 0.6543 -0.3792
vn -0.6543 -0.6543 -0.3792
vn -0.2503 -0.0866 0.9643
vn -0.0621 0.0302 0.9976
vn -0.1747 0.0849 0.9810
vn -0.5144 -0.1779 0.8389
vn -0.3301 0.1604 0.9302
vn -0.7378 -0.2552 0.6250
vn -0.5335 0.2593 0.8050
vn -0.8904 -0.3080 0.3352
vn -0.7750 0.3767 0.5074
vn -0.9417 -0.3257 0.0844
vn -0.8881 0.4317 0.1581
vn -0.9417 -0.3257 -0.0844
vn -0.8881 0.4317 -0.1581
vn -0.7750 0.3767 -0.5074
vn -0.5335 0.2593 -0.8050
vn -0.8904 -0.3080 -0.3352
vn -0.3301 0.1604 -0.9302
vn -0.7378 -0.2552 -0.6250
vn -0.1747 0.0849 -0.9810
vn -0.5144 -0.1779 -0.8389
vn -0.0621 0.0302 -0.9976
vn -0.2503 -0.0866 -0.9643
vn -0.1399 -0.0484 0.9890
vn -0.1399 -0.0484 -0.9890
vn 0.2501 -0.0867 0.9643
vn 0.5141 -0.1783 0.8390
vn 0.7375 -0.2557 0.6251
vn 0.8901 -0.3086 0.3353
vn 0.9415 -0.3264 0.0844
vn 0.9414 -0.3264 -0.0844
vn 0.8901 -0.3086 -0.3353
vn 0.7375 -0.2557 -0.6251
vn 0.5141 -0.1783 -0.8390
vn 0.2501 -0.0867 -0.9643
vn 0.0620 0.0301 0.9976
vn 0.1398 -0.0485 0.9890
vn 0.1745 0.0847 0.9810
vn 0.3298 0.1600 0.9304
vn 0.5333 0.2587 0.8054
vn 0.7751 0.3760 0.5078
vn 0.8884 0.4310 -0.1583
vn 0.7751 0.3760 -0.5078
vn 0.5333 0.2587 -0.8054
vn 0.3298 0.1600 -0.9304
vn 0.1745 0.0847 -0.9810
vn 0.0620 0.0301 -0.9976
vn 0.1398 -0.0485 -0.9890
vn -0.1399 0.2863 0.9479
vn -0.2535 0.5187 0.8165
vn -0.3495 0.7151 0.6054
vn -0.4154 0.8499 0.3241
vn -0.4375 0.8952 0.0851
vn 0.8884 0.4310 0.1583
vn -0.4375 0.8952 -0.0851
vn -0.4154 0.8499 -0.3241
vn -0.3495 0.7151 -0.6054
vn -0.2535 0.5187 -0.8165
vn -0.1399 0.2863 -0.9479
vn -0.0004 0.1413 0.9900
vn -0.0619 0.1266 0.9900
vn -0.0009 0.3545 0.9350
vn -0.0016 0.6001 0.7999
vn -0.0023 0.8625 0.5061
vn -0.0026 0.9910 0.1340
vn -0.0026 0.9910 -0.1340
vn -0.0023 0.8625 -0.5061
vn -0.0016 0.6001 -0.7999
vn -0.0009 0.3545 -0.9350
vn -0.0619 0.1266 -0.9900
vn -0.0004 0.1413 -0.9900
vn 0.0616 0.1269 0.9900
vn -0.0003 0.0972 0.9953
vn 0.1392 0.2868 0.9478
vn 0.2523 0.5196 0.8163
vn 0.3477 0.7162 0.6051
vn 0.4132 0.8511 0.3238
vn 0.4351 0.8963 -0.0850
vn 0.4132 0.8511 -0.3238
vn 0.3477 0.7162 -0.6051
vn 0.2523 0.5196 -0.8163
vn 0.1392 0.2868 -0.9478
vn 0.0616 0.1269 -0.9900
vn -0.0003 0.0972 -0.9953
vn 0.4351 0.8963 0.0850
vn 0.1203 -0.1203 0.9854
vn 0.2882 -0.2882 0.9132
vn 0.4666 -0.4666 0.7513
vn 0.6319 -0.6319 0.4487
vn 0.7024 -0.7023 0.1158
vn 0.7023 -0.7024 -0.1158
vn 0.6319 -0.6319 -0.4487
vn 0.4666 -0.4666 -0.7513
vn 0.2882 -0.2882 -0.9132
vn 0.1203 -0.1203 -0.9854
vn -0.3118 -0.0336 0.9495
vn -0.1522 -0.0350 0.9877
vn -0.1553 -0.0167 0.9877
vn -0.5874 -0.0633 0.8068
vn -0.3061 -0.0703 0.9494
vn -0.8058 -0.0869 0.5857
vn -0.5761 -0.1324 0.8066
vn -0.9460 -0.1020 0.3078
vn -0.7900 -0.1816 0.5856
vn -0.9912 -0.1069 0.0784
vn -0.9273 -0.2131 0.3077
vn -0.9716 -0.2233 -0.0784
vn -0.9912 -0.1069 -0.0784
vn -0.9273 -0.2131 -0.3077
vn -0.9460 -0.1020 -0.3078
vn -0.7900 -0.1816 -0.5856
vn -0.8058 -0.0869 -0.5857
vn -0.5761 -0.1324 -0.8066
vn -0.5874 -0.0633 -0.8068
vn -0.3061 -0.0703 -0.9494
vn -0.3118 -0.0336 -0.9495
vn -0.1522 -0.0350 -0.9877
vn -0.1553 -0.0167 -0.9877
vn -0.1462 -0.0545 0.9877
vn -0.2947 -0.1099 0.9492
vn -0.5541 -0.2067 0.8064
vn -0.7596 -0.2833 0.5854
vn -0.9716 -0.2233 0.0784
vn -0.8915 -0.3325 0.3077
vn -0.9341 -0.3484 -0.0784
vn -0.8915 -0.3325 -0.3077
vn -0.7596 -0.2833 -0.5854
vn -0.5541 -0.2067 -0.8064
vn -0.2947 -0.1099 -0.9492
vn -0.1462 -0.0545 -0.9877
vn -0.1369 -0.0747 0.9878
vn -0.2764 -0.1509 0.9491
vn -0.5193 -0.2834 0.8063
vn -0.7117 -0.3884 0.5853
vn -0.9341 -0.3484 0.0784
vn -0.8352 -0.4559 0.3076
vn -0.8751 -0.4776 -0.0784
vn -0.8352 -0.4559 -0.3076
vn -0.7117 -0.3884 -0.5853
vn -0.5193 -0.2834 -0.8063
vn -0.2764 -0.1509 -0.9491
vn -0.1369 -0.0747 -0.9878
vn -0.1241 -0.0945 0.9878
vn -0.2507 -0.1909 0.9490
vn -0.4708 -0.3584 0.8062
vn -0.6452 -0.4912 0.5852
vn -0.8751 -0.4776 0.0784
vn -0.7571 -0.5764 0.3076
vn -0.7932 -0.6039 -0.0784
vn -0.7571 -0.5764 -0.3076
vn -0.6452 -0.4912 -0.5852
vn -0.4708 -0.3584 -0.8062
vn -0.2507 -0.1909 -0.9490
vn -0.1241 -0.0945 -0.9878
vn -0.1080 -0.1125 0.9878
vn -0.2183 -0.2273 0.9490
vn -0.4099 -0.4268 0.8062
vn -0.5617 -0.5848 0.5852
vn -0.7932 -0.6039 0.0784
vn -0.6591 -0.6863 0.3076
vn -0.6905 -0.7190 -0.0784
vn -0.6591 -0.6863 -0.3076
vn -0.5617 -0.5848 -0.5852
vn -0.4099 -0.4268 -0.8062
vn -0.2183 -0.2273 -0.9490
vn -0.1080 -0.1125 -0.9878
vn -0.1810 -0.2579 0.9491
vn -0.3399 -0.4843 0.8062
vn -0.4658 -0.6637 0.5853
vn -0.5466 -0.7789 0.3076
vn -0.5727 -0.8160 0.0784
vn -0.6905 -0.7190 0.0784
vn -0.5727 -0.8160 -0.0784
vn -0.5466 -0.7789 -0.3076
vn -0.4658 -0.6637 -0.5853
vn -0.3399 -0.4843 -0.8062
vn -0.1810 -0.2579 -0.9491
vn -0.1413 -0.2812 0.9492
vn -0.0896 -0.1277 0.9878
vn -0.2655 -0.5285 0.8063
vn -0.3639 -0.7245 0.5854
vn -0.4271 -0.8503 0.3076
vn -0.4475 -0.8908 0.0784
vn -0.4475 -0.8908 -0.0784
vn -0.4271 -0.8503 -0.3076
vn -0.3639 -0.7245 -0.5854
vn -0.2655 -0.5285 -0.8063
vn -0.0896 -0.1277 -0.9878
vn -0.1413 -0.2812 -0.9492
vn -0.1018 -0.2973 0.9493
vn -0.0700 -0.1394 0.9877
vn -0.1915 -0.5593 0.8065
vn -0.2626 -0.7670 0.5855
vn -0.3082 -0.9002 0.3077
vn -0.3229 -0.9432 0.0784
vn -0.3229 -0.9432 -0.0784
vn -0.3082 -0.9002 -0.3077
vn -0.2626 -0.7670 -0.5855
vn -0.1915 -0.5593 -0.8065
vn -0.0700 -0.1394 -0.9877
vn -0.1018 -0.2973 -0.9493
vn -0.0645 -0.3071 0.9495
vn -0.0506 -0.1477 0.9877
vn -0.1215 -0.5783 0.8067
vn -0.1667 -0.7932 0.5857
vn -0.1957 -0.9311 0.3078
vn -0.2050 -0.9756 0.0784
vn -0.2050 -0.9756 -0.0784
vn -0.1957 -0.9311 -0.3078
vn -0.1667 -0.7932 -0.5857
vn -0.1215 -0.5783 -0.8067
vn -0.0506 -0.1477 -0.9877
vn -0.0645 -0.3071 -0.9495
vn -0.0306 -0.3118 0.9497
vn -0.0321 -0.1528 0.9877
vn -0.0577 -0.5878 0.8069
vn -0.0791 -0.8065 0.5858
vn -0.0929 -0.9469 0.3079
vn -0.0974 -0.9922 0.0784
vn -0.0974 -0.9922 -0.0784
vn -0.0929 -0.9469 -0.3079
vn -0.0791 -0.8065 -0.5858
vn -0.0577 -0.5878 -0.8069
vn -0.0321 -0.1528 -0.9877
vn -0.0306 -0.3118 -0.9497
vn 0.0001 -0.3129 0.9498
vn -0.0153 -0.1555 0.9877
vn 0.0003 -0.5904 0.8071
vn 0.0004 -0.8103 0.5860
vn 0.0005 -0.9514 0.3079
vn 0.0005 -0.9969 0.0784
vn 0.0005 -0.9969 -0.0784
vn 0.0005 -0.9514 -0.3079
vn 0.0004 -0.8103 -0.5860
vn 0.0003 -0.5904 -0.8071
vn -0.0153 -0.1555 -0.9877
vn 0.0001 -0.3129 -0.9498
vn 0.0151 -0.1555 0.9877
vn 0.0001 -0.1563 0.9877
vn 0.0302 -0.3116 0.9497
vn 0.0569 -0.5878 0.8070
vn 0.0781 -0.8066 0.5859
vn 0.0917 -0.9470 0.3079
vn 0.0960 -0.9923 -0.0784
vn 0.0917 -0.9470 -0.3079
vn 0.0781 -0.8066 -0.5859
vn 0.0569 -0.5878 -0.8070
vn 0.0302 -0.3116 -0.9497
vn 0.0151 -0.1555 -0.9877
vn 0.0001 -0.1563 -0.9877
vn 0.0307 -0.1532 0.9877
vn 0.0616 -0.3072 0.9496
vn 0.1160 -0.5792 0.8069
vn 0.1592 -0.7946 0.5858
vn 0.0960 -0.9923 0.0784
vn 0.1869 -0.9329 0.3079
vn 0.1958 -0.9775 -0.0784
vn 0.1869 -0.9329 -0.3079
vn 0.1592 -0.7946 -0.5858
vn 0.1160 -0.5792 -0.8069
vn 0.0616 -0.3072 -0.9496
vn 0.0307 -0.1532 -0.9877
vn 0.0471 -0.1489 0.9877
vn 0.0945 -0.2991 0.9495
vn 0.1781 -0.5634 0.8068
vn 0.2443 -0.7728 0.5857
vn 0.1958 -0.9775 0.0784
vn 0.2868 -0.9072 0.3078
vn 0.3005 -0.9506 -0.0784
vn 0.2868 -0.9072 -0.3078
vn 0.2443 -0.7728 -0.5857
vn 0.1781 -0.5634 -0.8068
vn 0.0945 -0.2991 -0.9495
vn 0.0471 -0.1489 -0.9877
vn 0.0642 -0.1423 0.9877
vn 0.1291 -0.2862 0.9494
vn 0.2429 -0.5388 0.8066
vn 0.3332 -0.7390 0.5856
vn 0.3005 -0.9506 0.0784
vn 0.3911 -0.8674 0.3077
vn 0.4098 -0.9088 -0.0784
vn 0.3911 -0.8674 -0.3077
vn 0.3332 -0.7390 -0.5856
vn 0.2429 -0.5388 -0.8066
vn 0.1291 -0.2863 -0.9494
vn 0.0642 -0.1423 -0.9877
vn 0.0817 -0.1330 0.9877
vn 0.1646 -0.2678 0.9493
vn 0.3096 -0.5037 0.8065
vn 0.4245 -0.6907 0.5855
vn 0.4098 -0.9088 0.0784
vn 0.4982 -0.8106 0.3077
vn 0.5220 -0.8493 -0.0784
vn 0.4982 -0.8106 -0.3077
vn 0.4245 -0.6907 -0.5855
vn 0.3096 -0.5037 -0.8065
vn 0.1646 -0.2678 -0.9493
vn 0.0817 -0.1330 -0.9877
vn 0.0992 -0.1205 0.9878
vn 0.2001 -0.2430 0.9492
vn 0.3760 -0.4566 0.8063
vn 0.5154 -0.6259 0.5854
vn 0.5220 -0.8493 0.0784
vn 0.6049 -0.7345 0.3076
vn 0.6337 -0.7696 -0.0784
vn 0.6049 -0.7345 -0.3076
vn 0.5154 -0.6259 -0.5854
vn 0.3760 -0.4566 -0.8063
vn 0.2001 -0.2430 -0.9492
vn 0.0992 -0.1205 -0.9878
vn 0.1157 -0.1046 0.9878
vn 0.2337 -0.2112 0.9491
vn 0.4389 -0.3967 0.8062
vn 0.6015 -0.5438 0.5853
vn 0.6337 -0.7696 0.0784
vn 0.7058 -0.6381 0.3076
vn 0.7395 -0.6686 -0.0784
vn 0.7058 -0.6381 -0.3076
vn 0.6015 -0.5438 -0.5853
vn 0.4389 -0.3967 -0.8062
vn 0.2337 -0.2113 -0.9491
vn 0.1157 -0.1046 -0.9878
vn 0.1303 -0.0857 0.9878
vn 0.2633 -0.1733 0.9490
vn 0.4943 -0.3253 0.8062
vn 0.6773 -0.4458 0.5852
vn 0.7395 -0.6686 0.0784
vn 0.7948 -0.5231 0.3076
vn 0.8328 -0.5480 -0.0784
vn 0.7948 -0.5231 -0.3076
vn 0.6773 -0.4458 -0.5852
vn 0.4943 -0.3253 -0.8062
vn 0.2633 -0.1733 -0.9490
vn 0.1303 -0.0857 -0.9878
vn 0.2868 -0.1306 0.9490
vn 0.5385 -0.2452 0.8062
vn 0.7379 -0.3361 0.5852
vn 0.8659 -0.3944 0.3076
vn 0.9073 -0.4132 0.0784
vn 0.8328 -0.5481 0.0784
vn 0.9073 -0.4132 -0.0784
vn 0.8659 -0.3944 -0.3076
vn 0.7379 -0.3361 -0.5852
vn 0.5385 -0.2452 -0.8062
vn 0.2868 -0.1306 -0.9490
vn 0.3030 -0.0859 0.9491
vn 0.1419 -0.0647 0.9878
vn 0.5692 -0.1613 0.8063
vn 0.7801 -0.2211 0.5853
vn 0.9155 -0.2594 0.3076
vn 0.9592 -0.2718 0.0784
vn 0.9592 -0.2718 -0.0784
vn 0.9155 -0.2594 -0.3076
vn 0.7801 -0.2211 -0.5853
vn 0.5692 -0.1613 -0.8063
vn 0.1419 -0.0647 -0.9878
vn 0.3030 -0.0859 -0.9491
vn 0.3118 -0.0417 0.9492
vn 0.1501 -0.0425 0.9878
vn 0.5862 -0.0784 0.8064
vn 0.8036 -0.1075 0.5854
vn 0.9431 -0.1261 0.3076
vn 0.9881 -0.1322 0.0784
vn 0.9881 -0.1322 -0.0784
vn 0.9431 -0.1261 -0.3076
vn 0.8036 -0.1075 -0.5854
vn 0.5862 -0.0784 -0.8064
vn 0.1501 -0.0425 -0.9878
vn 0.3118 -0.0417 -0.9492
vn 0.3116 -0.0100 0.9502
vn 0.1547 -0.0207 0.9877
vn 0.5894 -0.0188 0.8076
vn 0.8096 -0.0259 0.5865
vn 0.9508 -0.0304 0.3082
vn 0.9964 -0.0319 0.0784
vn 0.9964 -0.0319 -0.0784
vn 0.9508 -0.0304 -0.3082
vn 0.8096 -0.0259 -0.5865
vn 0.5894 -0.0188 -0.8076
vn 0.1547 -0.0207 -0.9877
vn 0.3116 -0.0100 -0.9502
vn 0.1563 -0.0050 0.9877
vn 0.1563 -0.0050 -0.9877
vn -0.3085 0.0018 0.9512
vn -0.5874 0.0034 0.8093
vn -0.8088 0.0047 0.5881
vn -0.9510 0.0056 0.3092
vn -0.9969 0.0058 0.0785
vn -0.9969 0.0058 -0.0785
vn -0.9510 0.0056 -0.3092
vn -0.8088 0.0047 -0.5881
vn -0.5874 0.0034 -0.8093
vn -0.3085 0.0018 -0.9512
vn -0.3076 0.0080 0.9515
vn -0.1564 0.0009 0.9877
vn -0.5866 0.0153 0.8097
vn -0.8082 0.0210 0.5885
vn -0.9506 0.0247 0.3095
vn -0.9966 0.0259 0.0785
vn -0.9966 0.0259 -0.0785
vn -0.9506 0.0247 -0.3095
vn -0.8082 0.0210 -0.5885
vn -0.5866 0.0153 -0.8097
vn -0.1564 0.0009 -0.9877
vn -0.3076 0.0080 -0.9515
vn -0.3068 0.0180 0.9516
vn -0.1564 0.0041 0.9877
vn -0.5855 0.0344 0.8099
vn -0.8069 0.0474 0.5887
vn -0.9492 0.0558 0.3096
vn -0.9952 0.0585 0.0785
vn -0.9952 0.0585 -0.0785
vn -0.9492 0.0558 -0.3096
vn -0.8069 0.0474 -0.5887
vn -0.5855 0.0344 -0.8099
vn -0.1564 0.0041 -0.9877
vn -0.3068 0.0180 -0.9516
vn -0.3053 0.0307 0.9518
vn -0.1561 0.0092 0.9877
vn -0.5832 0.0587 0.8102
vn -0.8041 0.0810 0.5890
vn -0.9460 0.0953 0.3098
vn -0.9919 0.0999 0.0786
vn -0.9919 0.0999 -0.0786
vn -0.9460 0.0953 -0.3098
vn -0.8041 0.0810 -0.5890
vn -0.5832 0.0587 -0.8102
vn -0.1561 0.0092 -0.9877
vn -0.3053 0.0307 -0.9518
vn -0.3028 0.0465 0.9519
vn -0.1556 0.0157 0.9877
vn -0.5790 0.0889 0.8105
vn -0.7986 0.1226 0.5893
vn -0.9397 0.1443 0.3100
vn -0.9854 0.1513 0.0786
vn -0.9854 0.1513 -0.0786
vn -0.9397 0.1443 -0.3100
vn -0.7986 0.1226 -0.5893
vn -0.5790 0.0889 -0.8105
vn -0.1556 0.0157 -0.9877
vn -0.3028 0.0465 -0.9519
vn -0.2987 0.0654 0.9521
vn -0.1546 0.0237 0.9877
vn -0.5718 0.1251 0.8108
vn -0.7890 0.1726 0.5896
vn -0.9287 0.2032 0.3102
vn -0.9739 0.2131 0.0786
vn -0.9739 0.2131 -0.0786
vn -0.9287 0.2032 -0.3102
vn -0.7890 0.1726 -0.5896
vn -0.5718 0.1251 -0.8108
vn -0.1546 0.0237 -0.9877
vn -0.2987 0.0654 -0.9521
vn -0.2925 0.0871 0.9523
vn -0.1527 0.0334 0.9877
vn -0.5606 0.1669 0.8111
vn -0.7738 0.2305 0.5900
vn -0.9111 0.2713 0.3104
vn -0.9554 0.2845 0.0787
vn -0.9554 0.2845 -0.0787
vn -0.9111 0.2713 -0.3104
vn -0.7738 0.2305 -0.5900
vn -0.5606 0.1669 -0.8111
vn -0.1527 0.0334 -0.9877
vn -0.2925 0.0871 -0.9523
vn -0.2839 0.1111 0.9524
vn -0.1498 0.0446 0.9877
vn -0.5444 0.2130 0.8113
vn -0.7518 0.2941 0.5902
vn -0.8852 0.3463 0.3106
vn -0.9284 0.3632 0.0787
vn -0.9284 0.3632 -0.0787
vn -0.8852 0.3463 -0.3106
vn -0.7518 0.2941 -0.5902
vn -0.5444 0.2130 -0.8113
vn -0.1498 0.0446 -0.9877
vn -0.2839 0.1111 -0.9524
vn -0.2726 0.1359 0.9525
vn -0.1455 0.0569 0.9877
vn -0.5230 0.2607 0.8115
vn -0.7224 0.3601 0.5903
vn -0.8507 0.4241 0.3107
vn -0.8922 0.4448 0.0787
vn -0.8922 0.4448 -0.0787
vn -0.8507 0.4241 -0.3106
vn -0.7224 0.3601 -0.5903
vn -0.5230 0.2607 -0.8115
vn -0.1455 0.0569 -0.9877
vn -0.2726 0.1359 -0.9525
vn -0.1330 0.0821 0.9877
vn -0.1399 0.0697 0.9877
vn -0.2592 0.1601 0.9525
vn -0.4973 0.3071 0.8114
vn -0.6868 0.4241 0.5903
vn -0.8087 0.4995 0.3106
vn -0.8482 0.5238 -0.0787
vn -0.8087 0.4995 -0.3106
vn -0.6868 0.4241 -0.5903
vn -0.4973 0.3071 -0.8114
vn -0.2592 0.1601 -0.9525
vn -0.1330 0.0821 -0.9877
vn -0.1399 0.0697 -0.9877
vn -0.1254 0.0933 0.9877
vn -0.2447 0.1821 0.9523
vn -0.4691 0.3492 0.8112
vn -0.6476 0.4821 0.5901
vn -0.8482 0.5238 0.0787
vn -0.7625 0.5676 0.3105
vn -0.7997 0.5953 -0.0787
vn -0.7625 0.5676 -0.3105
vn -0.6476 0.4821 -0.5901
vn -0.4691 0.3492 -0.8112
vn -0.2447 0.1821 -0.9523
vn -0.1254 0.0933 -0.9877
vn -0.1178 0.1028 0.9877
vn -0.2302 0.2010 0.9522
vn -0.4408 0.3848 0.8109
vn -0.6084 0.5311 0.5897
vn -0.7997 0.5953 0.0787
vn -0.7162 0.6252 0.3102
vn -0.7510 0.6556 -0.0787
vn -0.7162 0.6252 -0.3102
vn -0.6084 0.5311 -0.5897
vn -0.4408 0.3848 -0.8109
vn -0.2302 0.2010 -0.9522
vn -0.1178 0.1028 -0.9877
vn -0.1105 0.1106 0.9877
vn -0.2163 0.2165 0.9520
vn -0.4139 0.4142 0.8107
vn -0.5710 0.5714 0.5895
vn -0.7510 0.6556 0.0787
vn -0.6720 0.6725 0.3101
vn -0.7047 0.7052 -0.0786
vn -0.6720 0.6725 -0.3101
vn -0.5710 0.5714 -0.5895
vn -0.4139 0.4142 -0.8107
vn -0.2163 0.2165 -0.9520
vn -0.1105 0.1106 -0.9877
vn -0.2016 0.2300 0.9521
vn -0.3859 0.4402 0.8107
vn -0.5325 0.6073 0.5896
vn -0.6268 0.7148 0.3101
vn -0.6572 0.7496 0.0786
vn -0.7047 0.7052 0.0786
vn -0.6572 0.7496 -0.0786
vn -0.6268 0.7148 -0.3101
vn -0.5325 0.6073 -0.5896
vn -0.3859 0.4402 -0.8107
vn -0.2016 0.2300 -0.9521
vn -0.1857 0.2430 0.9521
vn -0.1031 0.1176 0.9877
vn -0.3554 0.4651 0.8108
vn -0.4904 0.6418 0.5896
vn -0.5772 0.7554 0.3102
vn -0.6053 0.7921 0.0786
vn -0.6053 0.7921 -0.0786
vn -0.5772 0.7554 -0.3102
vn -0.4904 0.6418 -0.5896
vn -0.3554 0.4651 -0.8108
vn -0.1031 0.1176 -0.9877
vn -0.1857 0.2430 -0.9521
vn -0.1685 0.2551 0.9521
vn -0.0949 0.1242 0.9877
vn -0.3225 0.4884 0.8108
vn -0.4451 0.6740 0.5897
vn -0.5239 0.7933 0.3102
vn -0.5493 0.8319 0.0786
vn -0.5493 0.8319 -0.0786
vn -0.5239 0.7933 -0.3102
vn -0.4451 0.6740 -0.5897
vn -0.3225 0.4884 -0.8108
vn -0.0949 0.1242 -0.9877
vn -0.1685 0.2551 -0.9521
vn -0.1503 0.2662 0.9521
vn -0.0862 0.1305 0.9877
vn -0.2877 0.5097 0.8108
vn -0.3970 0.7033 0.5897
vn -0.4673 0.8279 0.3102
vn -0.4900 0.8681 0.0786
vn -0.4900 0.8682 -0.0786
vn -0.4673 0.8279 -0.3102
vn -0.3970 0.7033 -0.5897
vn -0.2877 0.5097 -0.8108
vn -0.0862 0.1305 -0.9877
vn -0.1503 0.2662 -0.9521
vn -0.0671 0.1412 0.9877
vn -0.0769 0.1361 0.9877
vn -0.1313 0.2761 0.9521
vn -0.2514 0.5285 0.8108
vn -0.3469 0.7294 0.5897
vn -0.4282 0.9003 0.0786
vn -0.4282 0.9003 -0.0786
vn -0.3469 0.7294 -0.5897
vn -0.2514 0.5285 -0.8108
vn -0.1313 0.2761 -0.9521
vn -0.0671 0.1412 -0.9877
vn -0.0769 0.1361 -0.9877
vn -0.0572 0.1455 0.9877
vn -0.1118 0.2846 0.9521
vn -0.2141 0.5447 0.8108
vn -0.4083 0.8585 0.3102
vn -0.2954 0.7517 0.5896
vn -0.3478 0.8848 0.3102
vn -0.3647 0.9278 -0.0786
vn -0.3478 0.8848 -0.3102
vn -0.4083 0.8585 -0.3102
vn -0.2954 0.7517 -0.5896
vn -0.2141 0.5447 -0.8108
vn -0.1118 0.2846 -0.9521
vn -0.0572 0.1455 -0.9877
vn -0.0471 0.1491 0.9877
vn -0.0922 0.2916 0.9521
vn -0.1765 0.5581 0.8108
vn -0.2435 0.7701 0.5896
vn -0.3647 0.9278 0.0786
vn -0.2866 0.9065 0.3102
vn -0.3005 0.9505 -0.0786
vn -0.2866 0.9065 -0.3102
vn -0.2435 0.7701 -0.5896
vn -0.1765 0.5581 -0.8108
vn -0.0922 0.2916 -0.9521
vn -0.0471 0.1491 -0.9877
vn -0.0371 0.1519 0.9877
vn -0.0727 0.2972 0.9521
vn -0.1390 0.5687 0.8107
vn -0.1918 0.7846 0.5895
vn -0.3005 0.9505 0.0786
vn -0.2258 0.9235 0.3101
vn -0.2368 0.9684 -0.0786
vn -0.2258 0.9235 -0.3101
vn -0.1918 0.7846 -0.5895
vn -0.1390 0.5687 -0.8107
vn -0.0727 0.2972 -0.9521
vn -0.0371 0.1519 -0.9877
vn -0.0273 0.1540 0.9877
vn -0.0535 0.3013 0.9520
vn -0.1023 0.5765 0.8106
vn -0.1411 0.7954 0.5895
vn -0.2367 0.9684 0.0786
vn -0.1661 0.9361 0.3101
vn -0.1742 0.9816 -0.0786
vn -0.1661 0.9361 -0.3101
vn -0.1411 0.7954 -0.5895
vn -0.1023 0.5765 -0.8106
vn -0.0535 0.3013 -0.9520
vn -0.0273 0.1540 -0.9877
vn -0.0178 0.1553 0.9877
vn -0.0349 0.3042 0.9520
vn -0.0667 0.5818 0.8106
vn -0.0920 0.8026 0.5894
vn -0.1742 0.9816 0.0786
vn -0.1083 0.9445 0.3100
vn -0.1136 0.9904 -0.0786
vn -0.1083 0.9445 -0.3100
vn -0.0920 0.8026 -0.5894
vn -0.0667 0.5818 -0.8106
vn -0.0349 0.3042 -0.9520
vn -0.0178 0.1553 -0.9877
vn -0.0087 0.1561 0.9877
vn -0.0171 0.3059 0.9519
vn -0.0326 0.5849 0.8105
vn -0.0450 0.8067 0.5893
vn -0.1136 0.9904 0.0786
vn -0.0529 0.9493 0.3100
vn -0.0555 0.9954 -0.0786
vn -0.0529 0.9493 -0.3100
vn -0.0450 0.8067 -0.5893
vn -0.0326 0.5849 -0.8105
vn -0.0171 0.3059 -0.9519
vn -0.0087 0.1561 -0.9877
vn -0.0000 0.1564 0.9877
vn -0.0001 0.3065 0.9519
vn -0.0001 0.5859 0.8104
vn -0.0002 0.8080 0.5892
vn -0.0555 0.9954 0.0786
vn -0.0002 0.9508 0.3099
vn -0.0002 0.9969 -0.0786
vn -0.0002 0.9508 -0.3099
vn -0.0002 0.8080 -0.5892
vn -0.0001 0.5859 -0.8104
vn -0.0001 0.3065 -0.9519
vn -0.0000 0.1564 -0.9877
vn 0.0166 0.3060 0.9519
vn 0.0318 0.5850 0.8104
vn 0.0439 0.8068 0.5892
vn 0.0516 0.9494 0.3099
vn 0.0542 0.9954 0.0786
vn -0.0002 0.9969 0.0786
vn 0.0542 0.9954 -0.0786
vn 0.0516 0.9494 -0.3099
vn 0.0439 0.8068 -0.5892
vn 0.0318 0.5850 -0.8104
vn 0.0166 0.3060 -0.9519
vn 0.0338 0.3045 0.9519
vn 0.0085 0.1561 0.9877
vn 0.0646 0.5822 0.8105
vn 0.0890 0.8030 0.5893
vn 0.1048 0.9450 0.3100
vn 0.1099 0.9908 0.0786
vn 0.1099 0.9908 -0.0786
vn 0.1048 0.9450 -0.3100
vn 0.0890 0.8030 -0.5893
vn 0.0646 0.5822 -0.8105
vn 0.0085 0.1561 -0.9877
vn 0.0338 0.3045 -0.9519
vn 0.0513 0.3019 0.9520
vn 0.0172 0.1554 0.9877
vn 0.0982 0.5774 0.8105
vn 0.1354 0.7965 0.5893
vn 0.1593 0.9373 0.3100
vn 0.1671 0.9828 0.0786
vn 0.1671 0.9828 -0.0786
vn 0.1593 0.9373 -0.3100
vn 0.1354 0.7965 -0.5893
vn 0.0982 0.5774 -0.8105
vn 0.0172 0.1554 -0.9877
vn 0.0513 0.3019 -0.9520
vn 0.0693 0.2982 0.9520
vn 0.0262 0.1542 0.9877
vn 0.1325 0.5704 0.8106
vn 0.1828 0.7869 0.5894
vn 0.2151 0.9261 0.3100
vn 0.2255 0.9711 0.0786
vn 0.2255 0.9711 -0.0786
vn 0.2151 0.9261 -0.3100
vn 0.1828 0.7869 -0.5894
vn 0.1325 0.5704 -0.8106
vn 0.0262 0.1542 -0.9877
vn 0.0693 0.2982 -0.9520
vn 0.0875 0.2933 0.9520
vn 0.0354 0.1523 0.9877
vn 0.1674 0.5611 0.8106
vn 0.2310 0.7741 0.5895
vn 0.2719 0.9110 0.3101
vn 0.2851 0.9553 0.0786
vn 0.2851 0.9553 -0.0786
vn 0.2719 0.9110 -0.3101
vn 0.2310 0.7741 -0.5895
vn 0.1674 0.5611 -0.8106
vn 0.0354 0.1523 -0.9877
vn 0.0875 0.2933 -0.9520
vn 0.1060 0.2870 0.9520
vn 0.0447 0.1498 0.9877
vn 0.2028 0.5492 0.8107
vn 0.2798 0.7577 0.5895
vn 0.3293 0.8918 0.3101
vn 0.3453 0.9352 0.0786
vn 0.3453 0.9352 -0.0786
vn 0.3293 0.8918 -0.3101
vn 0.2798 0.7577 -0.5895
vn 0.2028 0.5492 -0.8107
vn 0.0447 0.1498 -0.9877
vn 0.1060 0.2870 -0.9520
vn 0.1246 0.2793 0.9521
vn 0.0542 0.1467 0.9877
vn 0.2385 0.5346 0.8108
vn 0.3290 0.7377 0.5896
vn 0.3873 0.8682 0.3101
vn 0.4061 0.9104 0.0786
vn 0.4061 0.9104 -0.0786
vn 0.3873 0.8682 -0.3101
vn 0.3290 0.7377 -0.5896
vn 0.2385 0.5346 -0.8108
vn 0.0542 0.1467 -0.9877
vn 0.1246 0.2793 -0.9521
vn 0.1432 0.2701 0.9521
vn 0.0637 0.1428 0.9877
vn 0.2742 0.5171 0.8108
vn 0.3784 0.7135 0.5896
vn 0.4454 0.8399 0.3102
vn 0.4671 0.8807 0.0786
vn 0.4670 0.8807 -0.0786
vn 0.4454 0.8399 -0.3102
vn 0.3784 0.7135 -0.5896
vn 0.2742 0.5171 -0.8108
vn 0.0637 0.1428 -0.9877
vn 0.1432 0.2701 -0.9521
vn 0.1618 0.2593 0.9522
vn 0.0732 0.1381 0.9877
vn 0.3098 0.4964 0.8109
vn 0.4276 0.6851 0.5897
vn 0.5033 0.8065 0.3102
vn 0.5278 0.8457 0.0786
vn 0.5278 0.8457 -0.0786
vn 0.5033 0.8065 -0.3102
vn 0.4276 0.6851 -0.5897
vn 0.3098 0.4964 -0.8109
vn 0.0732 0.1381 -0.9877
vn 0.1618 0.2593 -0.9522
vn 0.1802 0.2467 0.9522
vn 0.0828 0.1326 0.9877
vn 0.3451 0.4725 0.8110
vn 0.4764 0.6521 0.5898
vn 0.5608 0.7676 0.3103
vn 0.5881 0.8050 0.0787
vn 0.5881 0.8050 -0.0787
vn 0.5608 0.7676 -0.3103
vn 0.4764 0.6521 -0.5898
vn 0.3451 0.4725 -0.8110
vn 0.0828 0.1326 -0.9877
vn 0.1802 0.2467 -0.9522
vn 0.1983 0.2322 0.9522
vn 0.0922 0.1262 0.9877
vn 0.3799 0.4449 0.8110
vn 0.5243 0.6141 0.5899
vn 0.6173 0.7229 0.3103
vn 0.6473 0.7581 0.0787
vn 0.6473 0.7581 -0.0787
vn 0.6173 0.7229 -0.3103
vn 0.5243 0.6141 -0.5899
vn 0.3799 0.4449 -0.8110
vn 0.0922 0.1262 -0.9877
vn 0.1983 0.2322 -0.9522
vn 0.2165 0.2144 0.9525
vn 0.1015 0.1189 0.9877
vn 0.4153 0.4112 0.8114
vn 0.5736 0.5679 0.5903
vn 0.6755 0.6688 0.3106
vn 0.7084 0.7014 0.0787
vn 0.7084 0.7014 -0.0787
vn 0.6755 0.6688 -0.3106
vn 0.5736 0.5679 -0.5903
vn 0.4153 0.4112 -0.8114
vn 0.1015 0.1189 -0.9877
vn 0.2165 0.2144 -0.9525
vn 0.2355 0.1925 0.9526
vn 0.1111 0.1100 0.9877
vn 0.4522 0.3697 0.8117
vn 0.6247 0.5108 0.5906
vn 0.7358 0.6016 0.3108
vn 0.7718 0.6310 0.0788
vn 0.7718 0.6310 -0.0788
vn 0.7358 0.6016 -0.3108
vn 0.6247 0.5108 -0.5906
vn 0.4522 0.3697 -0.8117
vn 0.1111 0.1100 -0.9877
vn 0.2355 0.1925 -0.9526
vn 0.1301 0.0865 0.9877
vn 0.1210 0.0989 0.9877
vn 0.2534 0.1685 0.9526
vn 0.4865 0.3234 0.8116
vn 0.6721 0.4467 0.5905
vn 0.7916 0.5261 0.3108
vn 0.8302 0.5518 -0.0787
vn 0.7916 0.5261 -0.3108
vn 0.6721 0.4467 -0.5905
vn 0.4865 0.3234 -0.8116
vn 0.2534 0.1685 -0.9526
vn 0.1301 0.0865 -0.9877
vn 0.1210 0.0989 -0.9877
vn 0.1377 0.0738 0.9877
vn 0.2685 0.1439 0.9525
vn 0.5151 0.2760 0.8115
vn 0.7114 0.3813 0.5904
vn 0.8302 0.5518 0.0787
vn 0.8378 0.4490 0.3106
vn 0.8787 0.4709 -0.0787
vn 0.8378 0.4490 -0.3106
vn 0.7114 0.3813 -0.5904
vn 0.5151 0.2760 -0.8115
vn 0.2685 0.1439 -0.9525
vn 0.1377 0.0738 -0.9877
vn 0.1437 0.0614 0.9877
vn 0.2804 0.1198 0.9524
vn 0.5377 0.2297 0.8113
vn 0.7424 0.3172 0.5901
vn 0.8787 0.4709 0.0787
vn 0.8741 0.3734 0.3105
vn 0.9167 0.3916 -0.0787
vn 0.8741 0.3734 -0.3105
vn 0.7424 0.3172 -0.5901
vn 0.5377 0.2297 -0.8113
vn 0.2804 0.1198 -0.9524
vn 0.1437 0.0614 -0.9877
vn 0.1482 0.0497 0.9877
vn 0.2896 0.0971 0.9522
vn 0.5547 0.1860 0.8110
vn 0.7656 0.2567 0.5898
vn 0.9167 0.3916 0.0787
vn 0.9013 0.3022 0.3103
vn 0.9452 0.3169 -0.0787
vn 0.9013 0.3022 -0.3103
vn 0.7656 0.2567 -0.5898
vn 0.5547 0.1860 -0.8110
vn 0.2896 0.0971 -0.9522
vn 0.1482 0.0497 -0.9877
vn 0.1514 0.0390 0.9877
vn 0.2962 0.0763 0.9521
vn 0.5669 0.1461 0.8107
vn 0.7822 0.2016 0.5896
vn 0.9452 0.3169 0.0787
vn 0.9206 0.2373 0.3101
vn 0.9654 0.2488 -0.0786
vn 0.9206 0.2373 -0.3101
vn 0.7822 0.2016 -0.5896
vn 0.5669 0.1461 -0.8107
vn 0.2962 0.0763 -0.9521
vn 0.1514 0.0390 -0.9877
vn 0.1536 0.0295 0.9877
vn 0.3008 0.0579 0.9519
vn 0.5752 0.1107 0.8105
vn 0.7934 0.1527 0.5893
vn 0.9654 0.2488 0.0786
vn 0.9336 0.1797 0.3100
vn 0.9789 0.1884 -0.0786
vn 0.9336 0.1797 -0.3100
vn 0.7934 0.1527 -0.5893
vn 0.5752 0.1107 -0.8105
vn 0.3008 0.0579 -0.9519
vn 0.1536 0.0295 -0.9877
vn 0.1549 0.0213 0.9877
vn 0.3039 0.0419 0.9518
vn 0.5806 0.0800 0.8103
vn 0.8005 0.1103 0.5891
vn 0.9789 0.1884 0.0786
vn 0.9419 0.1297 0.3098
vn 0.9876 0.1360 -0.0786
vn 0.9419 0.1297 -0.3098
vn 0.8005 0.1103 -0.5891
vn 0.5806 0.0800 -0.8103
vn 0.3039 0.0419 -0.9518
vn 0.1549 0.0213 -0.9877
vn 0.1557 0.0144 0.9877
vn 0.3058 0.0282 0.9517
vn 0.5839 0.0539 0.8100
vn 0.8048 0.0743 0.5888
vn 0.9876 0.1360 0.0786
vn 0.9468 0.0874 0.3097
vn 0.9927 0.0916 -0.0786
vn 0.9468 0.0874 -0.3097
vn 0.8048 0.0743 -0.5888
vn 0.5839 0.0539 -0.8100
vn 0.3058 0.0282 -0.9517
vn 0.1557 0.0144 -0.9877
vn 0.1562 0.0086 0.9877
vn 0.3070 0.0169 0.9516
vn 0.5858 0.0322 0.8099
vn 0.8072 0.0443 0.5886
vn 0.9927 0.0916 0.0786
vn 0.9495 0.0522 0.3095
vn 0.9954 0.0547 -0.0785
vn 0.9495 0.0522 -0.3095
vn 0.8072 0.0443 -0.5886
vn 0.5858 0.0322 -0.8099
vn 0.3070 0.0169 -0.9516
vn 0.1562 0.0086 -0.9877
vn 0.1564 0.0039 0.9877
vn 0.3077 0.0076 0.9515
vn 0.5867 0.0145 0.8097
vn 0.8083 0.0200 0.5885
vn 0.9954 0.0547 0.0785
vn 0.9506 0.0235 0.3094
vn 0.9966 0.0246 -0.0785
vn 0.9506 0.0235 -0.3094
vn 0.8083 0.0200 -0.5885
vn 0.5867 0.0145 -0.8097
vn 0.3077 0.0076 -0.9515
vn 0.1564 0.0039 -0.9877
vn 0.1564 0.0009 0.9877
vn 0.3085 0.0017 0.9512
vn 0.5874 0.0033 0.8093
vn 0.8088 0.0046 0.5881
vn 0.9966 0.0246 0.0785
vn 0.9510 0.0054 0.3092
vn 0.9969 0.0056 -0.0785
vn 0.9510 0.0054 -0.3092
vn 0.8088 0.0046 -0.5881
vn 0.5874 0.0033 -0.8093
vn 0.3085 0.0017 -0.9512
vn 0.1564 0.0009 -0.9877
vn 0.9969 0.0056 0.0785
vn -0.3111 -0.0080 0.9503
vn -0.5891 -0.0151 0.8079
vn -0.8095 -0.0208 0.5867
vn -0.9510 -0.0244 0.3084
vn -0.9966 -0.0256 0.0784
vn -0.9966 -0.0256 -0.0784
vn -0.9510 -0.0244 -0.3084
vn -0.8095 -0.0208 -0.5867
vn -0.5891 -0.0151 -0.8079
vn -0.3111 -0.0080 -0.9503
vn -0.1563 -0.0040 0.9877
vn -0.1563 -0.0040 -0.9877
vn -0.0292 0.3117 0.9497
vn -0.0303 0.1532 0.9877
vn -0.0146 0.1556 0.9877
vn -0.0551 0.5879 0.8070
vn -0.0609 0.3075 0.9496
vn -0.0757 0.8068 0.5859
vn -0.1147 0.5795 0.8069
vn -0.0889 0.9473 0.3079
vn -0.1574 0.7950 0.5858
vn -0.0931 0.9926 0.0784
vn -0.1848 0.9333 0.3078
vn -0.1936 0.9779 -0.0784
vn -0.0931 0.9926 -0.0784
vn -0.1848 0.9333 -0.3078
vn -0.0889 0.9473 -0.3079
vn -0.1574 0.7950 -0.5858
vn -0.0757 0.8068 -0.5859
vn -0.1147 0.5795 -0.8069
vn -0.0551 0.5879 -0.8070
vn -0.0609 0.3075 -0.9496
vn -0.0292 0.3117 -0.9497
vn -0.0303 0.1532 -0.9877
vn -0.0146 0.1556 -0.9877
vn -0.0473 0.1488 0.9877
vn -0.0950 0.2991 0.9495
vn -0.1789 0.5632 0.8067
vn -0.2454 0.7725 0.5857
vn -0.1936 0.9779 0.0784
vn -0.2881 0.9068 0.3078
vn -0.3018 0.9501 -0.0784
vn -0.2881 0.9068 -0.3078
vn -0.2454 0.7725 -0.5856
vn -0.1789 0.5632 -0.8067
vn -0.0950 0.2991 -0.9495
vn -0.0473 0.1488 -0.9877
vn -0.0651 0.1419 0.9877
vn -0.1311 0.2856 0.9494
vn -0.2467 0.5373 0.8065
vn -0.3383 0.7367 0.5855
vn -0.3018 0.9501 0.0784
vn -0.3970 0.8647 0.3077
vn -0.4160 0.9060 -0.0784
vn -0.3970 0.8647 -0.3077
vn -0.3383 0.7367 -0.5855
vn -0.2467 0.5373 -0.8065
vn -0.1311 0.2856 -0.9494
vn -0.0651 0.1419 -0.9877
vn -0.0834 0.1319 0.9877
vn -0.1681 0.2659 0.9492
vn -0.3160 0.4999 0.8064
vn -0.4332 0.6853 0.5854
vn -0.4160 0.9060 0.0784
vn -0.5084 0.8043 0.3076
vn -0.5327 0.8427 -0.0784
vn -0.5084 0.8043 -0.3076
vn -0.4332 0.6853 -0.5854
vn -0.3160 0.4999 -0.8064
vn -0.1681 0.2659 -0.9492
vn -0.0834 0.1319 -0.9877
vn -0.1013 0.1187 0.9878
vn -0.2044 0.2395 0.9491
vn -0.3839 0.4500 0.8063
vn -0.5262 0.6168 0.5853
vn -0.5327 0.8427 0.0784
vn -0.6176 0.7239 0.3076
vn -0.6470 0.7584 -0.0784
vn -0.6176 0.7239 -0.3076
vn -0.5262 0.6168 -0.5853
vn -0.3839 0.4500 -0.8063
vn -0.2044 0.2395 -0.9491
vn -0.1013 0.1187 -0.9878
vn -0.1178 0.1023 0.9878
vn -0.2378 0.2066 0.9491
vn -0.4466 0.3880 0.8062
vn -0.6121 0.5317 0.5853
vn -0.6470 0.7584 0.0784
vn -0.7183 0.6240 0.3076
vn -0.7526 0.6538 -0.0784
vn -0.7183 0.6240 -0.3076
vn -0.6121 0.5317 -0.5853
vn -0.4466 0.3880 -0.8062
vn -0.2378 0.2066 -0.9491
vn -0.1178 0.1023 -0.9878
vn -0.1319 0.0832 0.9878
vn -0.2665 0.1681 0.9491
vn -0.5004 0.3157 0.8062
vn -0.6857 0.4327 0.5853
vn -0.7526 0.6538 0.0784
vn -0.8047 0.5078 0.3076
vn -0.8431 0.5320 -0.0784
vn -0.8047 0.5078 -0.3076
vn -0.6857 0.4327 -0.5853
vn -0.5004 0.3157 -0.8062
vn -0.2665 0.1681 -0.9491
vn -0.1319 0.0832 -0.9878
vn -0.2886 0.1260 0.9491
vn -0.5422 0.2367 0.8062
vn -0.7431 0.3245 0.5853
vn -0.8720 0.3808 0.3076
vn -0.9136 0.3990 0.0784
vn -0.8431 0.5320 0.0784
vn -0.9136 0.3989 -0.0784
vn -0.8720 0.3808 -0.3076
vn -0.7431 0.3245 -0.5853
vn -0.5422 0.2367 -0.8062
vn -0.2886 0.1260 -0.9491
vn -0.3037 0.0827 0.9492
vn -0.1430 0.0624 0.9878
vn -0.5707 0.1554 0.8063
vn -0.7823 0.2130 0.5854
vn -0.9181 0.2499 0.3076
vn -0.9619 0.2619 0.0784
vn -0.9619 0.2618 -0.0784
vn -0.9181 0.2499 -0.3076
vn -0.7823 0.2130 -0.5854
vn -0.5707 0.1554 -0.8063
vn -0.1430 0.0624 -0.9878
vn -0.3037 0.0827 -0.9492
vn -0.3118 0.0402 0.9493
vn -0.1506 0.0410 0.9878
vn -0.5864 0.0756 0.8065
vn -0.8040 0.1037 0.5855
vn -0.9437 0.1217 0.3077
vn -0.9887 0.1275 0.0784
vn -0.9887 0.1275 -0.0784
vn -0.9437 0.1217 -0.3077
vn -0.8040 0.1037 -0.5855
vn -0.5864 0.0756 -0.8065
vn -0.1506 0.0410 -0.9878
vn -0.3118 0.0402 -0.9493
vn -0.3134 0.0028 0.9496
vn -0.1548 0.0200 0.9877
vn -0.5907 0.0053 0.8069
vn -0.8104 0.0073 0.5858
vn -0.9514 0.0086 0.3078
vn -0.9969 0.0090 0.0783
vn -0.9969 0.0090 -0.0783
vn -0.9514 0.0086 -0.3078
vn -0.8104 0.0073 -0.5858
vn -0.5907 0.0053 -0.8069
vn -0.1548 0.0200 -0.9877
vn -0.3134 0.0028 -0.9496
vn -0.3116 -0.0281 0.9498
vn -0.1562 0.0014 0.9877
vn -0.5880 -0.0530 0.8071
vn -0.8070 -0.0728 0.5860
vn -0.9476 -0.0855 0.3080
vn -0.9929 -0.0896 0.0784
vn -0.9929 -0.0896 -0.0784
vn -0.9476 -0.0855 -0.3080
vn -0.8070 -0.0728 -0.5860
vn -0.5880 -0.0530 -0.8071
vn -0.1562 0.0014 -0.9877
vn -0.3116 -0.0281 -0.9498
vn -0.1536 -0.0287 0.9877
vn -0.1556 -0.0140 0.9877
vn -0.3077 -0.0575 0.9497
vn -0.5805 -0.1084 0.8070
vn -0.7966 -0.1488 0.5859
vn -0.9352 -0.1747 0.3079
vn -0.9800 -0.1830 -0.0784
vn -0.9352 -0.1747 -0.3079
vn -0.7966 -0.1488 -0.5859
vn -0.5805 -0.1084 -0.8070
vn -0.3077 -0.0575 -0.9497
vn -0.1536 -0.0287 -0.9877
vn -0.1556 -0.0140 -0.9877
vn -0.1500 -0.0438 0.9877
vn -0.3007 -0.0878 0.9497
vn -0.5669 -0.1656 0.8070
vn -0.7779 -0.2272 0.5858
vn -0.9800 -0.1830 0.0784
vn -0.9133 -0.2667 0.3079
vn -0.9569 -0.2795 -0.0784
vn -0.9133 -0.2667 -0.3079
vn -0.7779 -0.2272 -0.5858
vn -0.5669 -0.1656 -0.8070
vn -0.3007 -0.0878 -0.9497
vn -0.1500 -0.0438 -0.9877
vn -0.1446 -0.0591 0.9877
vn -0.2901 -0.1184 0.9496
vn -0.5469 -0.2233 0.8069
vn -0.7503 -0.3063 0.5858
vn -0.9569 -0.2795 0.0784
vn -0.8808 -0.3596 0.3079
vn -0.9230 -0.3768 -0.0784
vn -0.8808 -0.3596 -0.3079
vn -0.7503 -0.3063 -0.5858
vn -0.5469 -0.2233 -0.8069
vn -0.2901 -0.1184 -0.9496
vn -0.1446 -0.0591 -0.9877
vn -0.1376 -0.0740 0.9877
vn -0.2760 -0.1485 0.9496
vn -0.5202 -0.2800 0.8069
vn -0.7137 -0.3841 0.5858
vn -0.9230 -0.3768 0.0784
vn -0.8378 -0.4509 0.3078
vn -0.8779 -0.4725 -0.0784
vn -0.8378 -0.4509 -0.3078
vn -0.7137 -0.3841 -0.5858
vn -0.5202 -0.2800 -0.8069
vn -0.2760 -0.1485 -0.9496
vn -0.1376 -0.0740 -0.9877
vn -0.1288 -0.0883 0.9877
vn -0.2585 -0.1773 0.9496
vn -0.4872 -0.3341 0.8069
vn -0.6684 -0.4584 0.5858
vn -0.8779 -0.4725 0.0784
vn -0.7847 -0.5381 0.3078
vn -0.8222 -0.5638 -0.0784
vn -0.7847 -0.5381 -0.3078
vn -0.6684 -0.4584 -0.5858
vn -0.4872 -0.3341 -0.8069
vn -0.2585 -0.1773 -0.9496
vn -0.1288 -0.0883 -0.9877
vn -0.2381 -0.2038 0.9496
vn -0.4487 -0.3842 0.8069
vn -0.6156 -0.5271 0.5858
vn -0.7227 -0.6188 0.3078
vn -0.7573 -0.6484 0.0784
vn -0.8222 -0.5638 0.0784
vn -0.7573 -0.6484 -0.0784
vn -0.7227 -0.6188 -0.3078
vn -0.6156 -0.5271 -0.5858
vn -0.4487 -0.3842 -0.8069
vn -0.2381 -0.2038 -0.9496
vn -0.2153 -0.2276 0.9497
vn -0.1187 -0.1016 0.9877
vn -0.4059 -0.4291 0.8069
vn -0.5569 -0.5888 0.5858
vn -0.6538 -0.6912 0.3079
vn -0.6851 -0.7242 0.0784
vn -0.6851 -0.7242 -0.0784
vn -0.6538 -0.6912 -0.3079
vn -0.5569 -0.5888 -0.5858
vn -0.4059 -0.4291 -0.8069
vn -0.1187 -0.1016 -0.9877
vn -0.2153 -0.2276 -0.9497
vn -0.1910 -0.2482 0.9497
vn -0.1074 -0.1135 0.9877
vn -0.3601 -0.4681 0.8070
vn -0.4942 -0.6423 0.5859
vn -0.5802 -0.7541 0.3079
vn -0.6079 -0.7901 0.0784
vn -0.6079 -0.7901 -0.0784
vn -0.5802 -0.7541 -0.3079
vn -0.4942 -0.6423 -0.5859
vn -0.3601 -0.4681 -0.8070
vn -0.1074 -0.1135 -0.9877
vn -0.1910 -0.2482 -0.9497
vn -0.1658 -0.2655 0.9498
vn -0.0953 -0.1238 0.9877
vn -0.3128 -0.5008 0.8071
vn -0.4293 -0.6873 0.5860
vn -0.5040 -0.8070 0.3079
vn -0.5281 -0.8456 0.0784
vn -0.5281 -0.8456 -0.0784
vn -0.5040 -0.8070 -0.3079
vn -0.4293 -0.6873 -0.5860
vn -0.3128 -0.5008 -0.8071
vn -0.0953 -0.1238 -0.9877
vn -0.1658 -0.2655 -0.9498
vn -0.1405 -0.2795 0.9498
vn -0.0828 -0.1325 0.9877
vn -0.2652 -0.5274 0.8072
vn -0.8695 0.4798 -0.1171
vn -0.8505 0.5223 -0.0616
vn -0.8700 0.4930 -0.0079
vn -0.8700 0.4929 0.0079
vn -0.8505 0.5223 0.0616
vn -0.8695 0.4798 0.1171
vn -0.2652 -0.5274 -0.8072
vn -0.0828 -0.1325 -0.9877
vn -0.1405 -0.2795 -0.9498
vn -0.1063 -0.0106 0.9943
vn -0.0702 -0.1396 0.9877
vn -0.2821 -0.0281 0.9590
vn 0.6318 0.0629 -0.7726
vn 0.8773 0.0873 -0.4720
vn 0.9850 0.0980 0.1421
vn 0.8773 0.0873 0.4720
vn 0.6318 0.0629 0.7726
vn -0.2821 -0.0281 -0.9590
vn -0.0702 -0.1396 -0.9877
vn -0.1063 -0.0106 -0.9943
vn -0.0950 0.1241 0.9877
vn -0.0781 -0.0078 0.9969
vn -0.1896 0.2477 0.9501
vn -0.7649 -0.6335 -0.1164
vn -0.7381 -0.6719 -0.0615
vn -0.7630 -0.6463 -0.0078
vn 0.9850 0.0980 -0.1421
vn -0.7630 -0.6464 0.0078
vn -0.7381 -0.6719 0.0615
vn -0.7649 -0.6335 0.1164
vn -0.1896 0.2477 -0.9501
vn -0.0950 0.1241 -0.9877
vn -0.0781 -0.0078 -0.9969
vn -0.2055 0.2345 0.9502
vn -0.3887 0.4435 0.8076
vn -0.3586 0.4683 0.8076
vn -0.5339 0.6091 0.5865
vn -0.6270 0.7154 0.3082
vn -0.6571 0.7497 0.0784
vn -0.6571 0.7497 -0.0784
vn -0.6270 0.7154 -0.3082
vn -0.3586 0.4683 -0.8076
vn -0.5339 0.6091 -0.5865
vn -0.3887 0.4435 -0.8076
vn -0.2055 0.2345 -0.9502
vn -0.2193 0.2213 0.9502
vn -0.4149 0.4188 0.8078
vn -0.5700 0.5753 0.5866
vn -0.6696 0.6758 0.3083
vn -0.7017 0.7082 0.0784
vn -0.7017 0.7082 -0.0784
vn -0.6696 0.6758 -0.3083
vn -0.5700 0.5753 -0.5866
vn -0.4149 0.4188 -0.8078
vn -0.2193 0.2213 -0.9502
vn -0.2309 0.2088 0.9503
vn -0.1101 0.1111 0.9877
vn -0.4371 0.3953 0.8079
vn -0.6007 0.5431 0.5867
vn -0.7056 0.6380 0.3083
vn -0.7395 0.6686 0.0784
vn -0.7395 0.6686 -0.0784
vn -0.7056 0.6380 -0.3083
vn -0.6007 0.5431 -0.5867
vn -0.4371 0.3953 -0.8079
vn -0.1101 0.1111 -0.9877
vn -0.2309 0.2087 -0.9503
vn -0.2403 0.1973 0.9504
vn -0.1160 0.1049 0.9877
vn -0.4553 0.3738 0.8080
vn -0.6258 0.5138 0.5868
vn -0.7352 0.6036 0.3084
vn -0.7705 0.6326 0.0784
vn -0.7705 0.6326 -0.0784
vn -0.7352 0.6036 -0.3084
vn -0.6258 0.5138 -0.5868
vn -0.4553 0.3738 -0.8080
vn -0.1160 0.1049 -0.9877
vn -0.2403 0.1973 -0.9504
vn -0.2478 0.1873 0.9505
vn -0.1209 0.0992 0.9877
vn -0.4698 0.3551 0.8082
vn -0.6459 0.4882 0.5870
vn -0.7588 0.5735 0.3085
vn -0.7953 0.6011 0.0784
vn -0.7953 0.6011 -0.0784
vn -0.7588 0.5735 -0.3085
vn -0.6459 0.4882 -0.5870
vn -0.4698 0.3551 -0.8082
vn -0.1209 0.0992 -0.9877
vn -0.2478 0.1873 -0.9505
vn -0.2535 0.1789 0.9506
vn -0.1248 0.0943 0.9877
vn -0.4810 0.3394 0.8084
vn -0.6614 0.4667 0.5871
vn -0.7772 0.5484 0.3086
vn -0.8145 0.5748 0.0784
vn -0.8145 0.5748 -0.0784
vn -0.7772 0.5484 -0.3086
vn -0.6614 0.4667 -0.5871
vn -0.4810 0.3394 -0.8084
vn -0.1248 0.0943 -0.9877
vn -0.2535 0.1789 -0.9506
vn -0.2577 0.1722 0.9507
vn -0.1278 0.0902 0.9877
vn -0.4893 0.3270 0.8085
vn -0.6730 0.4497 0.5873
vn -0.7908 0.5285 0.3087
vn -0.8289 0.5539 0.0784
vn -0.8289 0.5539 -0.0784
vn -0.7908 0.5285 -0.3087
vn -0.6730 0.4497 -0.5873
vn -0.4893 0.3270 -0.8085
vn -0.1278 0.0902 -0.9877
vn -0.2577 0.1722 -0.9507
vn -0.2607 0.1672 0.9508
vn -0.1301 0.0869 0.9877
vn -0.4951 0.3177 0.8087
vn -0.6811 0.4370 0.5874
vn -0.8005 0.5136 0.3088
vn -0.8391 0.5383 0.0784
vn -0.8391 0.5383 -0.0784
vn -0.8005 0.5136 -0.3088
vn -0.6811 0.4370 -0.5874
vn -0.4951 0.3177 -0.8087
vn -0.1301 0.0869 -0.9877
vn -0.2607 0.1672 -0.9508
vn -0.2625 0.1639 0.9509
vn -0.1317 0.0845 0.9877
vn -0.4989 0.3114 0.8088
vn -0.6864 0.4285 0.5876
vn -0.8068 0.5037 0.3089
vn -0.8457 0.5279 0.0784
vn -0.8457 0.5279 -0.0784
vn -0.8068 0.5037 -0.3089
vn -0.6864 0.4285 -0.5876
vn -0.4989 0.3114 -0.8088
vn -0.1317 0.0845 -0.9877
vn -0.2625 0.1639 -0.9509
vn -0.2634 0.1620 0.9510
vn -0.1327 0.0828 0.9877
vn -0.5008 0.3080 0.8089
vn -0.6892 0.4239 0.5877
vn -0.8101 0.4983 0.3090
vn -0.8492 0.5223 0.0785
vn -0.8492 0.5223 -0.0785
vn -0.8101 0.4983 -0.3090
vn -0.6892 0.4239 -0.5877
vn -0.5008 0.3080 -0.8089
vn -0.1327 0.0828 -0.9877
vn -0.2634 0.1620 -0.9510
vn -0.2627 0.1621 0.9512
vn -0.1332 0.0820 0.9877
vn -0.5000 0.3086 0.8092
vn -0.6883 0.4249 0.5880
vn -0.8093 0.4995 0.3091
vn -0.8483 0.5236 0.0785
vn -0.8483 0.5236 -0.0785
vn -0.8093 0.4995 -0.3091
vn -0.6883 0.4249 -0.5880
vn -0.5000 0.3086 -0.8092
vn -0.1332 0.0820 -0.9877
vn -0.2627 0.1621 -0.9512
vn -0.2613 0.1642 0.9512
vn -0.1331 0.0822 0.9877
vn -0.4975 0.3125 0.8092
vn -0.6849 0.4303 0.5880
vn -0.8053 0.5059 0.3092
vn -0.8442 0.5303 0.0785
vn -0.8442 0.5303 -0.0785
vn -0.8053 0.5059 -0.3092
vn -0.6849 0.4303 -0.5880
vn -0.4975 0.3125 -0.8092
vn -0.1331 0.0822 -0.9877
vn -0.2613 0.1642 -0.9512
vn -0.2598 0.1665 0.9512
vn -0.1325 0.0832 0.9877
vn -0.4946 0.3170 0.8093
vn -0.6810 0.4365 0.5880
vn -0.8007 0.5132 0.3092
vn -0.8393 0.5380 0.0785
vn -0.8393 0.5380 -0.0785
vn -0.8007 0.5132 -0.3092
vn -0.6810 0.4365 -0.5880
vn -0.4946 0.3170 -0.8093
vn -0.1325 0.0832 -0.9877
vn -0.2598 0.1665 -0.9512
vn -0.2581 0.1691 0.9512
vn -0.1317 0.0844 0.9877
vn -0.4914 0.3219 0.8093
vn -0.6766 0.4432 0.5880
vn -0.7956 0.5211 0.3092
vn -0.8340 0.5462 0.0785
vn -0.8340 0.5462 -0.0785
vn -0.7956 0.5211 -0.3092
vn -0.6766 0.4432 -0.5880
vn -0.4914 0.3219 -0.8093
vn -0.1317 0.0844 -0.9877
vn -0.2581 0.1691 -0.9512
vn -0.1300 0.0870 0.9877
vn -0.1309 0.0857 0.9877
vn -0.2564 0.1717 0.9512
vn -0.4882 0.3268 0.8093
vn -0.7903 0.5290 0.3092
vn -0.8284 0.5546 -0.0785
vn -0.7903 0.5290 -0.3092
vn -0.4882 0.3268 -0.8093
vn -0.2564 0.1717 -0.9512
vn -0.1300 0.0870 -0.9877
vn -0.1309 0.0857 -0.9877
vn -0.1292 0.0883 0.9877
vn -0.2548 0.1741 0.9512
vn -0.6721 0.4499 0.5880
vn -0.4850 0.3315 0.8092
vn -0.6678 0.4564 0.5880
vn -0.8284 0.5546 0.0785
vn -0.7852 0.5366 0.3092
vn -0.8231 0.5625 -0.0785
vn -0.7852 0.5366 -0.3092
vn -0.6678 0.4564 -0.5880
vn -0.6721 0.4499 -0.5880
vn -0.4850 0.3315 -0.8092
vn -0.2548 0.1741 -0.9512
vn -0.1292 0.0883 -0.9877
vn -0.1284 0.0893 0.9877
vn -0.2534 0.1763 0.9512
vn -0.4823 0.3356 0.8092
vn -0.6640 0.4620 0.5880
vn -0.8231 0.5625 0.0785
vn -0.7806 0.5432 0.3091
vn -0.8183 0.5694 -0.0785
vn -0.7806 0.5432 -0.3091
vn -0.6640 0.4620 -0.5880
vn -0.4823 0.3356 -0.8092
vn -0.2534 0.1763 -0.9512
vn -0.1284 0.0893 -0.9877
vn -0.2522 0.1781 0.9511
vn -0.4800 0.3389 0.8092
vn -0.6608 0.4666 0.5879
vn -0.8183 0.5694 0.0785
vn -0.7769 0.5486 0.3091
vn -0.8143 0.5750 -0.0785
vn -0.7769 0.5486 -0.3091
vn -0.6608 0.4666 -0.5879
vn -0.4800 0.3389 -0.8092
vn -0.2522 0.1781 -0.9511
vn -0.1273 0.0909 0.9877
vn -0.2513 0.1794 0.9511
vn -0.4783 0.3414 0.8091
vn -0.6584 0.4700 0.5879
vn -0.8143 0.5750 0.0785
vn -0.7740 0.5526 0.3091
vn -0.8114 0.5792 -0.0785
vn -0.7740 0.5526 -0.3091
vn -0.6584 0.4700 -0.5879
vn -0.4783 0.3414 -0.8091
vn -0.2513 0.1794 -0.9511
vn -0.1273 0.0909 -0.9877
vn -0.1270 0.0913 0.9877
vn -0.2508 0.1803 0.9511
vn -0.4771 0.3431 0.8091
vn -0.6568 0.4723 0.5879
vn -0.8114 0.5792 0.0785
vn -0.7721 0.5553 0.3091
vn -0.8094 0.5820 -0.0785
vn -0.7721 0.5553 -0.3091
vn -0.6568 0.4723 -0.5878
vn -0.4771 0.3431 -0.8091
vn -0.2508 0.1803 -0.9511
vn -0.1270 0.0913 -0.9877
vn -0.1268 0.0916 0.9877
vn -0.2505 0.1809 0.9511
vn -0.4765 0.3441 0.8090
vn -0.6559 0.4736 0.5878
vn -0.8094 0.5820 0.0785
vn -0.7710 0.5568 0.3090
vn -0.8082 0.5836 -0.0785
vn -0.7710 0.5568 -0.3090
vn -0.6559 0.4736 -0.5878
vn -0.4765 0.3441 -0.8090
vn -0.2505 0.1809 -0.9511
vn -0.1268 0.0916 -0.9877
vn -0.1268 0.0917 0.9877
vn -0.2504 0.1811 0.9511
vn -0.4763 0.3444 0.8090
vn -0.6555 0.4741 0.5878
vn -0.8082 0.5836 0.0784
vn -0.7706 0.5573 0.3090
vn -0.8078 0.5842 -0.0785
vn -0.7706 0.5573 -0.3090
vn -0.6555 0.4741 -0.5878
vn -0.4763 0.3444 -0.8090
vn -0.2504 0.1811 -0.9511
vn -0.1268 0.0917 -0.9877
vn -0.0640 -0.0327 0.9974
vn -0.1788 -0.0913 0.9796
vn -0.3370 -0.1721 0.9257
vn -0.5399 -0.2758 0.7952
vn -0.8078 0.5842 0.0785
vn -0.7731 -0.3949 0.4963
vn -0.8800 -0.4496 -0.1530
vn -0.7731 -0.3949 -0.4963
vn -0.5399 -0.2758 -0.7952
vn -0.3370 -0.1721 -0.9257
vn -0.1788 -0.0913 -0.9796
vn -0.0640 -0.0327 -0.9974
vn 0.1514 -0.2772 0.9488
vn 0.2739 -0.5017 0.8206
vn 0.3791 -0.6944 0.6117
vn 0.4525 -0.8289 0.3290
vn 0.4774 -0.8744 0.0868
vn -0.8800 -0.4496 0.1530
vn 0.4774 -0.8744 -0.0868
vn 0.4525 -0.8289 -0.3290
vn 0.3791 -0.6944 -0.6117
vn 0.2739 -0.5017 -0.8206
vn 0.1514 -0.2772 -0.9488
vn 0.2583 -0.1685 0.9513
vn 0.0660 -0.1209 0.9905
vn 0.4919 -0.3210 0.8093
vn 0.6773 -0.4420 0.5881
vn 0.7964 -0.5197 0.3092
vn 0.8349 -0.5448 0.0785
vn 0.8349 -0.5448 -0.0785
vn 0.7964 -0.5197 -0.3092
vn 0.6773 -0.4420 -0.5881
vn 0.4919 -0.3210 -0.8093
vn 0.0660 -0.1209 -0.9905
vn 0.2583 -0.1685 -0.9513
vn 0.2536 -0.1740 0.9515
vn 0.1310 -0.0855 0.9877
vn 0.4837 -0.3319 0.8098
vn 0.6666 -0.4574 0.5886
vn 0.7841 -0.5380 0.3095
vn 0.8220 -0.5640 0.0785
vn 0.8220 -0.5640 -0.0785
vn 0.7841 -0.5380 -0.3095
vn 0.6666 -0.4574 -0.5886
vn 0.4837 -0.3319 -0.8098
vn 0.1310 -0.0855 -0.9877
vn 0.2536 -0.1740 -0.9515
vn 0.2466 -0.1830 0.9517
vn 0.1290 -0.0885 0.9877
vn 0.4708 -0.3495 0.8101
vn 0.6490 -0.4817 0.5889
vn 0.7635 -0.5667 0.3097
vn 0.8005 -0.5942 0.0785
vn 0.8005 -0.5942 -0.0785
vn 0.7635 -0.5667 -0.3097
vn 0.6490 -0.4817 -0.5889
vn 0.4708 -0.3495 -0.8101
vn 0.1290 -0.0885 -0.9877
vn 0.2466 -0.1830 -0.9517
vn 0.2373 -0.1941 0.9519
vn 0.1256 -0.0932 0.9877
vn 0.4535 -0.3710 0.8104
vn 0.6254 -0.5116 0.5892
vn 0.7359 -0.6020 0.3099
vn 0.7716 -0.6312 0.0786
vn 0.7716 -0.6312 -0.0786
vn 0.7359 -0.6020 -0.3099
vn 0.6254 -0.5116 -0.5892
vn 0.4535 -0.3710 -0.8104
vn 0.1256 -0.0932 -0.9877
vn 0.2373 -0.1941 -0.9519
vn 0.2247 -0.2075 0.9521
vn 0.1210 -0.0990 0.9877
vn 0.4301 -0.3971 0.8107
vn 0.5935 -0.5479 0.5896
vn 0.6986 -0.6448 0.3101
vn 0.7325 -0.6762 0.0786
vn 0.7325 -0.6762 -0.0786
vn 0.6986 -0.6448 -0.3101
vn 0.5935 -0.5479 -0.5896
vn 0.4301 -0.3971 -0.8107
vn 0.1210 -0.0990 -0.9877
vn 0.2247 -0.2075 -0.9521
vn 0.2079 -0.2231 0.9523
vn 0.1149 -0.1060 0.9877
vn 0.3986 -0.4278 0.8112
vn 0.5504 -0.5906 0.5901
vn 0.6480 -0.6954 0.3105
vn 0.6796 -0.7293 0.0787
vn 0.6796 -0.7293 -0.0787
vn 0.6480 -0.6954 -0.3105
vn 0.5504 -0.5906 -0.5901
vn 0.3986 -0.4278 -0.8112
vn 0.1149 -0.1060 -0.9877
vn 0.2079 -0.2231 -0.9523
vn 0.1858 -0.2407 0.9527
vn 0.1066 -0.1143 0.9877
vn 0.3568 -0.4623 0.8118
vn 0.4930 -0.6388 0.5907
vn 0.5807 -0.7524 0.3109
vn 0.6091 -0.7892 0.0788
vn 0.6091 -0.7892 -0.0788
vn 0.5807 -0.7524 -0.3109
vn 0.4930 -0.6388 -0.5907
vn 0.3568 -0.4623 -0.8118
vn 0.1066 -0.1143 -0.9877
vn 0.1858 -0.2407 -0.9527
vn 0.1576 -0.2590 0.9529
vn 0.0955 -0.1237 0.9877
vn 0.3032 -0.4982 0.8123
vn 0.4193 -0.6889 0.5913
vn 0.4940 -0.8118 0.3112
vn 0.5183 -0.8516 0.0788
vn 0.5182 -0.8516 -0.0788
vn 0.4940 -0.8118 -0.3112
vn 0.4193 -0.6889 -0.5913
vn 0.3032 -0.4982 -0.8123
vn 0.0955 -0.1237 -0.9877
vn 0.1576 -0.2590 -0.9529
vn 0.1241 -0.2760 0.9531
vn 0.0812 -0.1334 0.9877
vn 0.2389 -0.5315 0.8126
vn 0.3305 -0.7353 0.5916
vn 0.3896 -0.8667 0.3115
vn 0.4087 -0.9093 0.0789
vn 0.4087 -0.9093 -0.0789
vn 0.3896 -0.8667 -0.3115
vn 0.3305 -0.7353 -0.5916
vn 0.2389 -0.5315 -0.8126
vn 0.0812 -0.1334 -0.9877
vn 0.1241 -0.2760 -0.9531
vn 0.0452 -0.1494 0.9877
vn 0.0640 -0.1424 0.9877
vn 0.0876 -0.2897 0.9531
vn 0.1688 -0.5579 0.8126
vn 0.2334 -0.7717 0.5916
vn 0.2751 -0.9096 0.3115
vn 0.2886 -0.9542 -0.0789
vn 0.2751 -0.9096 -0.3115
vn 0.2334 -0.7717 -0.5916
vn 0.1688 -0.5579 -0.8126
vn 0.0876 -0.2897 -0.9531
vn 0.0452 -0.1494 -0.9877
vn 0.0640 -0.1424 -0.9877
vn 0.0270 -0.1538 0.9877
vn 0.0525 -0.2990 0.9528
vn 0.1008 -0.5747 0.8121
vn 0.1394 -0.7945 0.5910
vn 0.2886 -0.9542 0.0789
vn 0.1642 -0.9361 0.3111
vn 0.1723 -0.9819 -0.0788
vn 0.1642 -0.9361 -0.3111
vn 0.1394 -0.7945 -0.5910
vn 0.1008 -0.5747 -0.8121
vn 0.0525 -0.2990 -0.9528
vn 0.0270 -0.1538 -0.9877
vn 0.0228 -0.3041 0.9524
vn 0.0437 -0.5830 0.8113
vn 0.0603 -0.8050 0.5902
vn 0.1723 -0.9819 0.0788
vn 0.0710 -0.9479 0.3105
vn 0.0745 -0.9941 -0.0787
vn 0.0710 -0.9479 -0.3105
vn 0.0603 -0.8050 -0.5902
vn 0.0437 -0.5830 -0.8113
vn 0.0228 -0.3041 -0.9524
vn 0.0025 -0.1564 0.9877
vn 0.0049 -0.3075 0.9515
vn 0.0094 -0.5866 0.8098
vn 0.0130 -0.8083 0.5886
vn 0.0745 -0.9941 0.0787
vn 0.0152 -0.9508 0.3095
vn 0.0160 -0.9968 -0.0785
vn 0.0152 -0.9508 -0.3095
vn 0.0130 -0.8083 -0.5886
vn 0.0094 -0.5866 -0.8098
vn 0.0049 -0.3075 -0.9515
vn 0.0025 -0.1564 -0.9877
vn 0.0160 -0.9968 0.0785
vn -0.0070 0.3109 0.9504
vn -0.0133 0.5890 0.8080
vn -0.0182 0.8095 0.5868
vn -0.0214 0.9510 0.3084
vn -0.0224 0.9967 0.0784
vn -0.0224 0.9967 -0.0784
vn -0.0214 0.9510 -0.3084
vn -0.0182 0.8095 -0.5868
vn -0.0133 0.5890 -0.8080
vn -0.0070 0.3109 -0.9504
vn -0.0035 0.1564 0.9877
vn -0.0035 0.1564 -0.9877
vn 0.0287 0.3028 0.9526
vn 0.0035 0.1564 0.9877
vn 0.0068 0.3069 0.9517
vn 0.0551 0.5814 0.8117
vn 0.0130 0.5861 0.8101
vn 0.0761 0.8033 0.5906
vn 0.0179 0.8080 0.5889
vn 0.0897 0.9462 0.3108
vn 0.0211 0.9506 0.3097
vn 0.0941 0.9924 0.0788
vn 0.0221 0.9967 0.0786
vn 0.0941 0.9924 -0.0788
vn 0.0221 0.9967 -0.0786
vn 0.0211 0.9506 -0.3097
vn 0.0179 0.8080 -0.5889
vn 0.0897 0.9462 -0.3108
vn 0.0130 0.5861 -0.8101
vn 0.0761 0.8033 -0.5906
vn 0.0068 0.3069 -0.9517
vn 0.0551 0.5814 -0.8117
vn 0.0035 0.1564 -0.9877
vn 0.0287 0.3028 -0.9526
vn 0.0612 0.2971 0.9529
vn 0.0147 0.1555 0.9877
vn 0.1177 0.5713 0.8122
vn 0.1627 0.7900 0.5912
vn 0.1917 0.9308 0.3112
vn 0.2011 0.9764 0.0788
vn 0.2011 0.9764 -0.0788
vn 0.1917 0.9308 -0.3112
vn 0.1627 0.7900 -0.5912
vn 0.1177 0.5713 -0.8122
vn 0.0147 0.1555 -0.9877
vn 0.0612 0.2971 -0.9529
vn 0.0975 0.2862 0.9532
vn 0.0315 0.1530 0.9877
vn 0.1879 0.5514 0.8128
vn 0.2600 0.7630 0.5918
vn 0.3065 0.8994 0.3116
vn 0.3215 0.9436 0.0789
vn 0.3215 0.9436 -0.0789
vn 0.3065 0.8994 -0.3116
vn 0.2600 0.7630 -0.5918
vn 0.1879 0.5514 -0.8128
vn 0.0315 0.1530 -0.9877
vn 0.0975 0.2862 -0.9532
vn 0.1366 0.2688 0.9535
vn 0.0503 0.1478 0.9877
vn 0.2635 0.5188 0.8133
vn 0.3649 0.7183 0.5924
vn 0.4303 0.8471 0.3120
vn 0.4515 0.8888 0.0790
vn 0.4515 0.8888 -0.0790
vn 0.4303 0.8471 -0.3120
vn 0.3649 0.7183 -0.5924
vn 0.2635 0.5188 -0.8133
vn 0.0503 0.1478 -0.9877
vn 0.1366 0.2688 -0.9535
vn 0.1761 0.2440 0.9537
vn 0.0707 0.1391 0.9878
vn 0.3401 0.4714 0.8137
vn 0.4712 0.6531 0.5928
vn 0.5559 0.7704 0.3123
vn 0.5833 0.8084 0.0790
vn 0.5833 0.8084 -0.0790
vn 0.5559 0.7704 -0.3123
vn 0.4712 0.6531 -0.5928
vn 0.3401 0.4714 -0.8137
vn 0.0707 0.1391 -0.9878
vn 0.1761 0.2440 -0.9537
vn 0.2131 0.2121 0.9537
vn 0.0912 0.1265 0.9878
vn 0.4119 0.4099 0.8138
vn 0.5707 0.5680 0.5930
vn 0.6733 0.6701 0.3124
vn 0.7066 0.7032 0.0790
vn 0.7066 0.7032 -0.0790
vn 0.6733 0.6701 -0.3124
vn 0.5707 0.5680 -0.5930
vn 0.4119 0.4099 -0.8138
vn 0.0912 0.1265 -0.9878
vn 0.2131 0.2121 -0.9537
vn 0.1269 0.0906 0.9878
vn 0.1105 0.1100 0.9878
vn 0.2449 0.1748 0.9537
vn 0.4731 0.3377 0.8137
vn 0.6555 0.4679 0.5928
vn 0.7732 0.5519 0.3123
vn 0.8114 0.5792 -0.0790
vn 0.7732 0.5519 -0.3123
vn 0.6555 0.4679 -0.5928
vn 0.4731 0.3377 -0.8137
vn 0.2449 0.1748 -0.9537
vn 0.1269 0.0906 -0.9878
vn 0.1105 0.1100 -0.9878
vn 0.1395 0.0698 0.9878
vn 0.2696 0.1350 0.9535
vn 0.5202 0.2605 0.8133
vn 0.7204 0.3607 0.5924
vn 0.8114 0.5792 0.0790
vn 0.8496 0.4253 0.3120
vn 0.8914 0.4463 -0.0790
vn 0.8496 0.4253 -0.3120
vn 0.7204 0.3607 -0.5924
vn 0.5202 0.2605 -0.8133
vn 0.2696 0.1350 -0.9535
vn 0.1395 0.0698 -0.9878
vn 0.1481 0.0493 0.9877
vn 0.2868 0.0954 0.9532
vn 0.5527 0.1839 0.8128
vn 0.7648 0.2544 0.5919
vn 0.8914 0.4463 0.0790
vn 0.9016 0.2999 0.3116
vn 0.9459 0.3147 -0.0789
vn 0.9016 0.2999 -0.3116
vn 0.7648 0.2544 -0.5919
vn 0.5527 0.1839 -0.8128
vn 0.2868 0.0954 -0.9532
vn 0.1481 0.0493 -0.9877
vn 0.1532 0.0300 0.9877
vn 0.2975 0.0583 0.9529
vn 0.5723 0.1122 0.8123
vn 0.7914 0.1551 0.5913
vn 0.9459 0.3147 0.0789
vn 0.9326 0.1828 0.3113
vn 0.9783 0.1918 -0.0788
vn 0.9326 0.1828 -0.3113
vn 0.7914 0.1551 -0.5913
vn 0.5723 0.1122 -0.8123
vn 0.2975 0.0583 -0.9529
vn 0.1532 0.0300 -0.9877
vn 0.1557 0.0128 0.9877
vn 0.3029 0.0248 0.9527
vn 0.5819 0.0477 0.8118
vn 0.8041 0.0659 0.5908
vn 0.9783 0.1918 0.0788
vn 0.9473 0.0777 0.3109
vn 0.9936 0.0815 -0.0788
vn 0.9473 0.0777 -0.3109
vn 0.8041 0.0659 -0.5908
vn 0.5819 0.0477 -0.8118
vn 0.3029 0.0248 -0.9527
vn 0.1557 0.0128 -0.9877
vn 0.1562 -0.0029 0.9877
vn 0.3043 -0.0056 0.9526
vn 0.5841 -0.0108 0.8116
vn 0.8069 -0.0149 0.5905
vn 0.9936 0.0815 0.0788
vn 0.9503 -0.0175 0.3108
vn 0.9967 -0.0184 -0.0787
vn 0.9503 -0.0175 -0.3108
vn 0.8069 -0.0149 -0.5905
vn 0.5841 -0.0108 -0.8116
vn 0.3043 -0.0056 -0.9526
vn 0.1562 -0.0029 -0.9877
vn 0.3010 -0.0376 0.9529
vn 0.5789 -0.0723 0.8122
vn 0.8004 -0.0999 0.5911
vn 0.9430 -0.1177 0.3112
vn 0.9892 -0.1235 0.0788
vn 0.9967 -0.0184 0.0787
vn 0.9892 -0.1235 -0.0788
vn 0.9430 -0.1177 -0.3112
vn 0.8004 -0.0999 -0.5911
vn 0.5789 -0.0723 -0.8122
vn 0.3010 -0.0376 -0.9529
vn 0.2931 -0.0744 0.9532
vn 0.1550 -0.0193 0.9877
vn 0.5646 -0.1434 0.8128
vn 0.7813 -0.1984 0.5918
vn 0.9210 -0.2339 0.3116
vn 0.9662 -0.2454 0.0789
vn 0.9662 -0.2454 -0.0789
vn 0.9210 -0.2339 -0.3116
vn 0.7813 -0.1984 -0.5918
vn 0.5646 -0.1434 -0.8128
vn 0.1550 -0.0193 -0.9877
vn 0.2931 -0.0744 -0.9532
vn 0.2787 -0.1149 0.9535
vn 0.1513 -0.0384 0.9877
vn 0.5378 -0.2218 0.8134
vn 0.7448 -0.3072 0.5924
vn 0.8783 -0.3622 0.3120
vn 0.9216 -0.3801 0.0790
vn 0.9216 -0.3801 -0.0790
vn 0.8783 -0.3622 -0.3120
vn 0.7448 -0.3072 -0.5924
vn 0.5378 -0.2218 -0.8134
vn 0.1513 -0.0384 -0.9877
vn 0.2787 -0.1149 -0.9535
vn 0.2566 -0.1568 0.9537
vn 0.1442 -0.0595 0.9878
vn 0.4959 -0.3031 0.8138
vn 0.6871 -0.4199 0.5929
vn 0.8106 -0.4954 0.3123
vn 0.8506 -0.5198 0.0790
vn 0.8506 -0.5198 -0.0790
vn 0.8106 -0.4954 -0.3123
vn 0.6871 -0.4199 -0.5929
vn 0.4959 -0.3031 -0.8138
vn 0.1442 -0.0595 -0.9878
vn 0.2566 -0.1568 -0.9537
vn 0.2270 -0.1969 0.9538
vn 0.1330 -0.0813 0.9878
vn 0.4389 -0.3806 0.8139
vn 0.6083 -0.5274 0.5931
vn 0.7177 -0.6223 0.3125
vn 0.7532 -0.6530 0.0791
vn 0.7532 -0.6530 -0.0791
vn 0.7177 -0.6223 -0.3125
vn 0.6083 -0.5274 -0.5931
vn 0.4389 -0.3806 -0.8139
vn 0.1330 -0.0813 -0.9878
vn 0.2270 -0.1969 -0.9538
vn 0.0994 -0.1201 0.9878
vn 0.1178 -0.1021 0.9878
vn 0.1917 -0.2318 0.9537
vn 0.3705 -0.4479 0.8138
vn 0.5133 -0.6205 0.5929
vn 0.6055 -0.7320 0.3123
vn 0.6354 -0.7681 -0.0790
vn 0.6055 -0.7320 -0.3123
vn 0.5133 -0.6205 -0.5929
vn 0.3705 -0.4479 -0.8138
vn 0.1917 -0.2318 -0.9537
vn 0.0994 -0.1201 -0.9878
vn 0.1178 -0.1021 -0.9878
vn 0.0795 -0.1342 0.9878
vn 0.1537 -0.2594 0.9535
vn 0.2965 -0.5006 0.8133
vn 0.4106 -0.6932 0.5924
vn 0.6354 -0.7681 0.0790
vn 0.4842 -0.8175 0.3120
vn 0.5080 -0.8577 -0.0790
vn 0.4842 -0.8175 -0.3120
vn 0.4106 -0.6932 -0.5924
vn 0.2965 -0.5006 -0.8133
vn 0.1537 -0.2594 -0.9535
vn 0.0795 -0.1342 -0.9878
vn 0.0599 -0.1442 0.9877
vn 0.1160 -0.2793 0.9532
vn 0.2234 -0.5381 0.8127
vn 0.3091 -0.7445 0.5917
vn 0.5080 -0.8577 0.0790
vn 0.3644 -0.8776 0.3116
vn 0.3823 -0.9207 -0.0789
vn 0.3644 -0.8776 -0.3116
vn 0.3092 -0.7445 -0.5917
vn 0.2234 -0.5381 -0.8127
vn 0.1160 -0.2793 -0.9532
vn 0.0599 -0.1442 -0.9877
vn 0.0417 -0.1505 0.9877
vn 0.0811 -0.2924 0.9529
vn 0.1559 -0.5623 0.8121
vn 0.2155 -0.7773 0.5911
vn 0.3823 -0.9207 0.0789
vn 0.2539 -0.9158 0.3111
vn 0.2663 -0.9607 -0.0788
vn 0.2539 -0.9158 -0.3111
vn 0.2155 -0.7773 -0.5911
vn 0.1559 -0.5623 -0.8121
vn 0.0811 -0.2924 -0.9529
vn 0.0417 -0.1505 -0.9877
vn 0.0257 -0.1541 0.9877
vn 0.0500 -0.3002 0.9526
vn 0.0961 -0.5762 0.8116
vn 0.1327 -0.7960 0.5905
vn 0.2663 -0.9607 0.0788
vn 0.1563 -0.9376 0.3107
vn 0.1639 -0.9833 -0.0787
vn 0.1563 -0.9376 -0.3107
vn 0.1327 -0.7960 -0.5905
vn 0.0961 -0.5762 -0.8116
vn 0.0500 -0.3002 -0.9526
vn 0.0257 -0.1541 -0.9877
vn 0.0119 -0.1559 0.9877
vn 0.0233 -0.3042 0.9523
vn 0.0446 -0.5831 0.8112
vn 0.0615 -0.8050 0.5900
vn 0.1639 -0.9833 0.0787
vn 0.0724 -0.9478 0.3104
vn 0.0760 -0.9940 -0.0787
vn 0.0724 -0.9478 -0.3104
vn 0.0615 -0.8050 -0.5900
vn 0.0446 -0.5831 -0.8112
vn 0.0232 -0.3042 -0.9523
vn 0.0119 -0.1559 -0.9877
vn 0.0028 -0.1564 0.9877
vn 0.0055 -0.3073 0.9516
vn 0.0104 -0.5865 0.8099
vn 0.0144 -0.8082 0.5887
vn 0.0760 -0.9940 0.0787
vn 0.0169 -0.9507 0.3096
vn 0.0178 -0.9968 -0.0785
vn 0.0169 -0.9507 -0.3096
vn 0.0144 -0.8082 -0.5887
vn 0.0104 -0.5865 -0.8099
vn 0.0055 -0.3073 -0.9516
vn 0.0028 -0.1564 -0.9877
vn 0.0178 -0.9968 0.0785
vn 0.1328 -0.2911 0.9474
vn 0.3313 -0.7265 0.6021
vn -0.2345 -0.6276 0.7423
vn -0.3395 -0.9087 0.2427
vn -0.3396 -0.9087 -0.2427
vn 0.3313 -0.7265 -0.6021
vn -0.2345 -0.6276 -0.7423
vn 0.1328 -0.2911 -0.9474
vn 0.2735 0.5220 0.8079
vn 0.2735 0.5220 -0.8079
vn 0.2131 0.5498 0.8077
vn 0.2131 0.5498 -0.8077
vn 0.0793 0.9481 0.3081
vn 0.0793 0.9481 -0.3081
vn -0.1304 0.9423 0.3083
vn -0.1304 0.9423 -0.3083
vn -0.2580 0.7674 0.5871
vn -0.2580 0.7674 -0.5871
vn -0.2809 0.7592 0.5872
vn -0.2809 0.7592 -0.5872
vn -0.3329 0.7374 0.5877
vn -0.3329 0.7374 -0.5877
vn -0.2453 0.9186 0.3098
vn -0.2453 0.9186 -0.3098
vn 0.2306 0.7739 0.5898
vn 0.2714 0.9110 0.3103
vn 0.2714 0.9110 -0.3103
vn 0.1078 0.2863 0.9520
vn 0.1078 0.2863 -0.9520
vn 0.2392 0.5347 0.8104
vn 0.2392 0.5347 -0.8104
vn 0.5285 0.8453 -0.0785
vn 0.5285 0.8453 0.0785
vn 0.5326 0.7878 0.3095
vn 0.5326 0.7878 -0.3095
vn -0.3423 -0.7339 0.5866
vn -0.3423 -0.7339 -0.5866
vn 0.0541 -0.1467 0.9877
vn 0.0541 -0.1467 -0.9877
vn 0.3292 -0.7391 0.5876
vn 0.3292 -0.7391 -0.5876
vn 0.3215 -0.7422 0.5880
vn 0.3215 -0.7422 -0.5880
vn 0.0622 -0.1436 0.9877
vn 0.0622 -0.1436 -0.9877
vn 0.2073 -0.5491 0.8096
vn 0.2073 -0.5491 -0.8096
vn 0.1190 -0.7990 0.5895
vn 0.1190 -0.7990 -0.5895
vn 0.0123 -0.1559 -0.9877
vn -0.0575 -0.5813 0.8116
vn -0.0936 -0.9459 0.3107
vn -0.0936 -0.9459 -0.3107
vn -0.0575 -0.5813 -0.8116
vn -0.2600 -0.9143 0.3104
vn -0.2600 -0.9143 -0.3104
vn 0.0311 -0.0629 -0.9975
vn 0.8990 0.4298 -0.0848
vt 1.000000 0.000000
vt 0.989691 0.000000
vt 0.979381 0.000000
vt 0.969072 0.000000
vt 0.958763 0.000000
vt 0.948454 0.000000
vt 0.000000 0.000000
vt 0.938144 0.000000
vt 0.010309 0.000000
vt 0.092784 0.000000
vt 0.876289 0.000000
vt 0.103093 0.000000
vt 0.082474 0.000000
vt 0.886598 0.000000
vt 0.051546 0.000000
vt 0.907216 0.000000
vt 0.896907 0.000000
vt 0.061856 0.000000
vt 0.072165 0.000000
vt 0.927835 0.000000
vt 0.020619 0.000000
vt 0.030928 0.000000
vt 0.917526 0.000000
vt 0.041237 0.000000
vt 0.113402 0.000000
vt 0.865979 0.000000
vt 0.855670 0.000000
vt 0.845361 0.000000
vt 0.134021 0.000000
vt 0.123711 0.000000
vt 0.835052 0.000000
vt 0.824742 0.000000
vt 0.154639 0.000000
vt 0.144330 0.000000
vt 0.762887 0.000000
vt 0.226804 0.000000
vt 0.773196 0.000000
vt 0.216495 0.000000
vt 0.783505 0.000000
vt 0.206186 0.000000
vt 0.793814 0.000000
vt 0.195876 0.000000
vt 0.804124 0.000000
vt 0.185567 0.000000
vt 0.814433 0.000000
vt 0.175258 0.000000
vt 0.164948 0.000000
vt 0.701031 0.000000
vt 0.288660 0.000000
vt 0.711340 0.000000
vt 0.278351 0.000000
vt 0.721649 0.000000
vt 0.268041 0.000000
vt 0.731959 0.000000
vt 0.257732 0.000000
vt 0.350515 0.000000
vt 0.628866 0.000000
vt 0.618557 0.000000
vt 0.639175 0.000000
vt 0.340206 0.000000
vt 0.649485 0.000000
vt 0.329897 0.000000
vt 0.659794 0.000000
vt 0.670103 0.000000
vt 0.319588 0.000000
vt 0.680412 0.000000
vt 0.309278 0.000000
vt 0.690722 0.000000
vt 0.298969 0.000000
vt 0.360825 0.000000
vt 0.608247 0.000000
vt 0.371134 0.000000
vt 0.597938 0.000000
vt 0.587629 0.000000
vt 0.381443 0.000000
vt 0.391753 0.000000
vt 0.577320 0.000000
vt 0.567010 0.000000
vt 0.494845 0.000000
vt 0.484536 0.000000
vt 0.474227 0.000000
vt 0.463918 0.000000
vt 0.515464 0.000000
vt 0.505155 0.000000
vt 0.432990 0.000000
vt 0.443299 0.000000
vt 0.453608 0.000000
vt 0.556701 0.000000
vt 0.402062 0.000000
vt 0.546392 0.000000
vt 0.412371 0.000000
vt 0.536082 0.000000
vt 0.422680 0.000000
vt 0.525773 0.000000
vt 0.742268 0.000000
vt 0.247423 0.000000
vt 0.752577 0.000000
vt 0.237113 0.000000
vt 0.222222 0.000000
vt 0.111111 0.000000
vt 0.333333 0.000000
vt 0.444444 0.000000
vt 0.555556 0.000000
vt 0.666667 0.000000
vt 0.888889 0.000000
vt 0.777778 0.000000
vt 0.677419 0.000000
vt 0.688172 0.000000
vt 0.698925 0.000000
vt 0.634409 0.000000
vt 0.720430 0.000000
vt 0.645161 0.000000
vt 0.655914 0.000000
vt 0.989247 0.000000
vt 0.612903 0.000000
vt 0.731183 0.000000
vt 0.623656 0.000000
vt 0.602151 0.000000
vt 0.741935 0.000000
vt 0.956989 0.000000
vt 0.967742 0.000000
vt 0.709677 0.000000
vt 0.978495 0.000000
vt 0.774194 0.000000
vt 0.763441 0.000000
vt 0.247312 0.000000
vt 0.580645 0.000000
vt 0.591398 0.000000
vt 0.752688 0.000000
vt 0.935484 0.000000
vt 0.021505 0.000000
vt 0.946237 0.000000
vt 0.010753 0.000000
vt 0.322581 0.000000
vt 0.311828 0.000000
vt 0.537634 0.000000
vt 0.505376 0.000000
vt 0.494624 0.000000
vt 0.516129 0.000000
vt 0.483871 0.000000
vt 0.473118 0.000000
vt 0.462366 0.000000
vt 0.451613 0.000000
vt 0.440860 0.000000
vt 0.430108 0.000000
vt 0.419355 0.000000
vt 0.408602 0.000000
vt 0.397849 0.000000
vt 0.387097 0.000000
vt 0.526882 0.000000
vt 0.376344 0.000000
vt 0.365591 0.000000
vt 0.354839 0.000000
vt 0.344086 0.000000
vt 0.548387 0.000000
vt 0.301075 0.000000
vt 0.290323 0.000000
vt 0.559140 0.000000
vt 0.279570 0.000000
vt 0.268817 0.000000
vt 0.569892 0.000000
vt 0.258065 0.000000
vt 0.236559 0.000000
vt 0.225806 0.000000
vt 0.784946 0.000000
vt 0.215054 0.000000
vt 0.204301 0.000000
vt 0.795699 0.000000
vt 0.193548 0.000000
vt 0.806452 0.000000
vt 0.182796 0.000000
vt 0.172043 0.000000
vt 0.817204 0.000000
vt 0.161290 0.000000
vt 0.150538 0.000000
vt 0.827957 0.000000
vt 0.139785 0.000000
vt 0.838710 0.000000
vt 0.129032 0.000000
vt 0.118280 0.000000
vt 0.849462 0.000000
vt 0.107527 0.000000
vt 0.860215 0.000000
vt 0.096774 0.000000
vt 0.870968 0.000000
vt 0.086022 0.000000
vt 0.881720 0.000000
vt 0.075269 0.000000
vt 0.892473 0.000000
vt 0.064516 0.000000
vt 0.903226 0.000000
vt 0.053763 0.000000
vt 0.913979 0.000000
vt 0.043011 0.000000
vt 0.924731 0.000000
vt 0.032258 0.000000
vt 0.259740 0.000000
vt 0.246753 0.000000
vt 0.441558 0.000000
vt 0.428571 0.000000
vt 0.415584 0.000000
vt 0.272727 0.000000
vt 0.402597 0.000000
vt 0.389610 0.000000
vt 0.285714 0.000000
vt 0.376623 0.000000
vt 0.363636 0.000000
vt 0.298701 0.000000
vt 0.350649 0.000000
vt 0.337662 0.000000
vt 0.311688 0.000000
vt 0.324675 0.000000
vt 0.584416 0.000000
vt 0.168831 0.000000
vt 0.597403 0.000000
vt 0.142857 0.000000
vt 0.636364 0.000000
vt 0.155844 0.000000
vt 0.623377 0.000000
vt 0.610390 0.000000
vt 0.181818 0.000000
vt 0.571429 0.000000
vt 0.558442 0.000000
vt 0.194805 0.000000
vt 0.545455 0.000000
vt 0.207792 0.000000
vt 0.532468 0.000000
vt 0.519481 0.000000
vt 0.220779 0.000000
vt 0.506494 0.000000
vt 0.493506 0.000000
vt 0.233766 0.000000
vt 0.480519 0.000000
vt 0.467532 0.000000
vt 0.454545 0.000000
vt 0.129870 0.000000
vt 0.675325 0.000000
vt 0.662338 0.000000
vt 0.701299 0.000000
vt 0.688312 0.000000
vt 0.116883 0.000000
vt 0.714286 0.000000
vt 0.740260 0.000000
vt 0.103896 0.000000
vt 0.090909 0.000000
vt 0.753247 0.000000
vt 0.766234 0.000000
vt 0.727273 0.000000
vt 0.987013 0.000000
vt 0.961039 0.000000
vt 0.974026 0.000000
vt 0.857143 0.000000
vt 0.844156 0.000000
vt 0.038961 0.000000
vt 0.025974 0.000000
vt 0.870130 0.000000
vt 0.883117 0.000000
vt 0.012987 0.000000
vt 0.896104 0.000000
vt 0.909091 0.000000
vt 0.922078 0.000000
vt 0.935065 0.000000
vt 0.948052 0.000000
vt 0.077922 0.000000
vt 0.779221 0.000000
vt 0.792208 0.000000
vt 0.064935 0.000000
vt 0.805195 0.000000
vt 0.818182 0.000000
vt 0.051948 0.000000
vt 0.831169 0.000000
vt 0.649351 0.000000
vt 0.750000 0.000000
vt 0.625000 0.000000
vt 0.500000 0.000000
vt 0.125000 0.000000
vt 0.875000 0.000000
vt 0.250000 0.000000
vt 0.375000 0.000000
vt 0.312500 0.000000
vt 0.562500 0.000000
vt 0.687500 0.000000
vt 0.187500 0.000000
vt 0.062500 0.000000
vt 0.812500 0.000000
vt 0.937500 0.000000
vt 0.437500 0.000000
vt 0.000000 0.090909
vt 0.010204 0.000000
vt 0.000000 0.181818
vt 0.010204 0.090909
vt 0.000000 0.272727
vt 0.010204 0.181818
vt 0.000000 0.363636
vt 0.010204 0.272727
vt 0.000000 0.454545
vt 0.010204 0.363636
vt 0.010204 0.545455
vt 0.000000 0.545455
vt 0.010204 0.636364
vt 0.000000 0.636364
vt 0.010204 0.727273
vt 0.000000 0.727273
vt 0.010204 0.818182
vt 0.000000 0.818182
vt 0.010204 0.909091
vt 0.000000 0.909091
vt 0.010204 1.000000
vt 0.000000 1.000000
vt 0.020408 0.000000
vt 0.020408 0.090909
vt 0.020408 0.181818
vt 0.020408 0.272727
vt 0.010204 0.454545
vt 0.020408 0.363636
vt 0.020408 0.545455
vt 0.020408 0.636364
vt 0.020408 0.727273
vt 0.020408 0.818182
vt 0.020408 0.909091
vt 0.020408 1.000000
vt 0.030612 0.000000
vt 0.030612 0.090909
vt 0.030612 0.181818
vt 0.030612 0.272727
vt 0.020408 0.454545
vt 0.030612 0.363636
vt 0.030612 0.545455
vt 0.030612 0.636364
vt 0.030612 0.727273
vt 0.030612 0.818182
vt 0.030612 0.909091
vt 0.030612 1.000000
vt 0.040816 0.000000
vt 0.040816 0.090909
vt 0.040816 0.181818
vt 0.040816 0.272727
vt 0.030612 0.454545
vt 0.040816 0.363636
vt 0.040816 0.545455
vt 0.040816 0.636364
vt 0.040816 0.727273
vt 0.040816 0.818182
vt 0.040816 0.909091
vt 0.040816 1.000000
vt 0.051020 0.000000
vt 0.051020 0.090909
vt 0.051020 0.181818
vt 0.051020 0.272727
vt 0.040816 0.454545
vt 0.051020 0.363636
vt 0.051020 0.545455
vt 0.051020 0.636364
vt 0.051020 0.727273
vt 0.051020 0.818182
vt 0.051020 0.909091
vt 0.051020 1.000000
vt 0.061224 0.000000
vt 0.061224 0.090909
vt 0.061224 0.181818
vt 0.061224 0.272727
vt 0.051020 0.454545
vt 0.061224 0.363636
vt 0.061224 0.545455
vt 0.061224 0.636364
vt 0.061224 0.727273
vt 0.061224 0.818182
vt 0.061224 0.909091
vt 0.061224 1.000000
vt 0.071429 0.000000
vt 0.071429 0.090909
vt 0.071429 0.181818
vt 0.071429 0.272727
vt 0.061224 0.454545
vt 0.071429 0.363636
vt 0.071429 0.545455
vt 0.071429 0.636364
vt 0.071429 0.727273
vt 0.071429 0.818182
vt 0.071429 0.909091
vt 0.071429 1.000000
vt 0.081633 0.000000
vt 0.081633 0.090909
vt 0.081633 0.181818
vt 0.081633 0.272727
vt 0.071429 0.454545
vt 0.081633 0.363636
vt 0.081633 0.545455
vt 0.081633 0.636364
vt 0.081633 0.727273
vt 0.081633 0.818182
vt 0.081633 0.909091
vt 0.081633 1.000000
vt 0.091837 0.000000
vt 0.091837 0.090909
vt 0.091837 0.181818
vt 0.091837 0.272727
vt 0.081633 0.454545
vt 0.091837 0.363636
vt 0.091837 0.545455
vt 0.091837 0.636364
vt 0.091837 0.727273
vt 0.091837 0.818182
vt 0.091837 0.909091
vt 0.091837 1.000000
vt 0.102041 0.000000
vt 0.102041 0.090909
vt 0.102041 0.181818
vt 0.102041 0.272727
vt 0.091837 0.454545
vt 0.102041 0.363636
vt 0.102041 0.545455
vt 0.102041 0.636364
vt 0.102041 0.727273
vt 0.102041 0.818182
vt 0.102041 0.909091
vt 0.102041 1.000000
vt 0.112245 0.090909
vt 0.112245 0.181818
vt 0.112245 0.272727
vt 0.112245 0.363636
vt 0.112245 0.454545
vt 0.102041 0.454545
vt 0.112245 0.545455
vt 0.112245 0.636364
vt 0.112245 0.727273
vt 0.112245 0.818182
vt 0.112245 0.909091
vt 0.122449 0.090909
vt 0.112245 0.000000
vt 0.122449 0.181818
vt 0.122449 0.272727
vt 0.122449 0.363636
vt 0.122449 0.454545
vt 0.122449 0.545455
vt 0.122449 0.636364
vt 0.122449 0.727273
vt 0.122449 0.818182
vt 0.112245 1.000000
vt 0.122449 0.909091
vt 0.132653 0.090909
vt 0.122449 0.000000
vt 0.132653 0.181818
vt 0.132653 0.272727
vt 0.132653 0.363636
vt 0.132653 0.454545
vt 0.132653 0.545455
vt 0.132653 0.636364
vt 0.132653 0.727273
vt 0.132653 0.818182
vt 0.122449 1.000000
vt 0.132653 0.909091
vt 0.142857 0.090909
vt 0.132653 0.000000
vt 0.142857 0.181818
vt 0.142857 0.272727
vt 0.142857 0.363636
vt 0.142857 0.454545
vt 0.142857 0.545455
vt 0.142857 0.636364
vt 0.142857 0.727273
vt 0.142857 0.818182
vt 0.132653 1.000000
vt 0.142857 0.909091
vt 0.153061 0.090909
vt 0.153061 0.181818
vt 0.153061 0.272727
vt 0.153061 0.363636
vt 0.153061 0.454545
vt 0.153061 0.545455
vt 0.153061 0.636364
vt 0.153061 0.727273
vt 0.153061 0.818182
vt 0.142857 1.000000
vt 0.153061 0.909091
vt 0.163265 0.090909
vt 0.153061 0.000000
vt 0.163265 0.181818
vt 0.163265 0.272727
vt 0.163265 0.363636
vt 0.163265 0.454545
vt 0.163265 0.545455
vt 0.163265 0.636364
vt 0.163265 0.727273
vt 0.163265 0.818182
vt 0.153061 1.000000
vt 0.163265 0.909091
vt 0.173469 0.090909
vt 0.163265 0.000000
vt 0.173469 0.181818
vt 0.173469 0.272727
vt 0.173469 0.363636
vt 0.173469 0.454545
vt 0.173469 0.545455
vt 0.173469 0.636364
vt 0.173469 0.727273
vt 0.173469 0.818182
vt 0.163265 1.000000
vt 0.173469 0.909091
vt 0.183673 0.090909
vt 0.173469 0.000000
vt 0.183673 0.181818
vt 0.183673 0.272727
vt 0.183673 0.363636
vt 0.183673 0.454545
vt 0.183673 0.545455
vt 0.183673 0.636364
vt 0.183673 0.727273
vt 0.183673 0.818182
vt 0.173469 1.000000
vt 0.183673 0.909091
vt 0.193878 0.090909
vt 0.183673 0.000000
vt 0.193878 0.181818
vt 0.193878 0.272727
vt 0.193878 0.363636
vt 0.193878 0.454545
vt 0.193878 0.545455
vt 0.193878 0.636364
vt 0.193878 0.727273
vt 0.193878 0.818182
vt 0.183673 1.000000
vt 0.193878 0.909091
vt 0.204082 0.090909
vt 0.193878 0.000000
vt 0.204082 0.181818
vt 0.204082 0.272727
vt 0.204082 0.363636
vt 0.204082 0.454545
vt 0.204082 0.545455
vt 0.204082 0.636364
vt 0.204082 0.727273
vt 0.204082 0.818182
vt 0.193878 1.000000
vt 0.204082 0.909091
vt 0.214286 0.090909
vt 0.204082 0.000000
vt 0.214286 0.181818
vt 0.214286 0.272727
vt 0.214286 0.363636
vt 0.214286 0.454545
vt 0.214286 0.545455
vt 0.214286 0.636364
vt 0.214286 0.727273
vt 0.214286 0.818182
vt 0.204082 1.000000
vt 0.214286 0.909091
vt 0.224490 0.090909
vt 0.214286 0.000000
vt 0.224490 0.181818
vt 0.224490 0.272727
vt 0.224490 0.363636
vt 0.224490 0.454545
vt 0.224490 0.545455
vt 0.224490 0.636364
vt 0.224490 0.727273
vt 0.224490 0.818182
vt 0.214286 1.000000
vt 0.224490 0.909091
vt 0.234694 0.090909
vt 0.224490 0.000000
vt 0.234694 0.181818
vt 0.234694 0.272727
vt 0.234694 0.363636
vt 0.234694 0.454545
vt 0.234694 0.545455
vt 0.234694 0.636364
vt 0.234694 0.727273
vt 0.234694 0.818182
vt 0.224490 1.000000
vt 0.234694 0.909091
vt 0.244898 0.090909
vt 0.234694 0.000000
vt 0.244898 0.181818
vt 0.244898 0.272727
vt 0.244898 0.363636
vt 0.244898 0.454545
vt 0.244898 0.545455
vt 0.244898 0.636364
vt 0.244898 0.727273
vt 0.244898 0.818182
vt 0.234694 1.000000
vt 0.244898 0.909091
vt 0.255102 0.090909
vt 0.244898 0.000000
vt 0.255102 0.181818
vt 0.255102 0.272727
vt 0.255102 0.363636
vt 0.255102 0.454545
vt 0.255102 0.545455
vt 0.255102 0.636364
vt 0.255102 0.727273
vt 0.255102 0.818182
vt 0.244898 1.000000
vt 0.255102 0.909091
vt 0.265306 0.090909
vt 0.255102 0.000000
vt 0.265306 0.181818
vt 0.265306 0.272727
vt 0.265306 0.363636
vt 0.265306 0.454545
vt 0.265306 0.545455
vt 0.265306 0.636364
vt 0.265306 0.727273
vt 0.265306 0.818182
vt 0.255102 1.000000
vt 0.265306 0.909091
vt 0.275510 0.090909
vt 0.265306 0.000000
vt 0.275510 0.181818
vt 0.275510 0.272727
vt 0.275510 0.363636
vt 0.275510 0.454545
vt 0.275510 0.545455
vt 0.275510 0.636364
vt 0.275510 0.727273
vt 0.275510 0.818182
vt 0.265306 1.000000
vt 0.275510 0.909091
vt 0.285714 0.090909
vt 0.275510 0.000000
vt 0.285714 0.181818
vt 0.285714 0.272727
vt 0.285714 0.363636
vt 0.285714 0.454545
vt 0.285714 0.545455
vt 0.285714 0.636364
vt 0.285714 0.727273
vt 0.285714 0.818182
vt 0.275510 1.000000
vt 0.285714 0.909091
vt 0.295918 0.090909
vt 0.295918 0.181818
vt 0.295918 0.272727
vt 0.295918 0.363636
vt 0.295918 0.454545
vt 0.295918 0.545455
vt 0.295918 0.636364
vt 0.295918 0.727273
vt 0.295918 0.818182
vt 0.285714 1.000000
vt 0.295918 0.909091
vt 0.306122 0.090909
vt 0.295918 0.000000
vt 0.306122 0.181818
vt 0.306122 0.272727
vt 0.306122 0.363636
vt 0.306122 0.454545
vt 0.306122 0.545455
vt 0.306122 0.636364
vt 0.306122 0.727273
vt 0.306122 0.818182
vt 0.295918 1.000000
vt 0.306122 0.909091
vt 0.316327 0.090909
vt 0.306122 0.000000
vt 0.316327 0.181818
vt 0.316327 0.272727
vt 0.316327 0.363636
vt 0.316327 0.454545
vt 0.316327 0.545455
vt 0.316327 0.636364
vt 0.316327 0.727273
vt 0.316327 0.818182
vt 0.306122 1.000000
vt 0.316327 0.909091
vt 0.326531 0.090909
vt 0.316327 0.000000
vt 0.326531 0.181818
vt 0.326531 0.272727
vt 0.326531 0.363636
vt 0.326531 0.454545
vt 0.326531 0.545455
vt 0.326531 0.636364
vt 0.326531 0.727273
vt 0.326531 0.818182
vt 0.316327 1.000000
vt 0.326531 0.909091
vt 0.336735 0.090909
vt 0.326531 0.000000
vt 0.336735 0.181818
vt 0.336735 0.272727
vt 0.336735 0.363636
vt 0.336735 0.454545
vt 0.336735 0.545455
vt 0.336735 0.636364
vt 0.336735 0.727273
vt 0.336735 0.818182
vt 0.326531 1.000000
vt 0.336735 0.909091
vt 0.346939 0.090909
vt 0.336735 0.000000
vt 0.346939 0.181818
vt 0.346939 0.272727
vt 0.346939 0.363636
vt 0.346939 0.454545
vt 0.346939 0.545455
vt 0.346939 0.636364
vt 0.346939 0.727273
vt 0.346939 0.818182
vt 0.336735 1.000000
vt 0.346939 0.909091
vt 0.357143 0.090909
vt 0.346939 0.000000
vt 0.357143 0.181818
vt 0.357143 0.272727
vt 0.357143 0.363636
vt 0.357143 0.454545
vt 0.357143 0.545455
vt 0.357143 0.636364
vt 0.357143 0.727273
vt 0.357143 0.818182
vt 0.346939 1.000000
vt 0.357143 0.909091
vt 0.367347 0.090909
vt 0.357143 0.000000
vt 0.367347 0.181818
vt 0.367347 0.272727
vt 0.367347 0.363636
vt 0.367347 0.454545
vt 0.367347 0.545455
vt 0.367347 0.636364
vt 0.367347 0.727273
vt 0.367347 0.818182
vt 0.357143 1.000000
vt 0.367347 0.909091
vt 0.377551 0.000000
vt 0.367347 0.000000
vt 0.377551 0.090909
vt 0.377551 0.181818
vt 0.377551 0.272727
vt 0.377551 0.363636
vt 0.377551 0.545455
vt 0.377551 0.636364
vt 0.377551 0.727273
vt 0.377551 0.818182
vt 0.377551 0.909091
vt 0.377551 1.000000
vt 0.367347 1.000000
vt 0.387755 0.000000
vt 0.387755 0.090909
vt 0.387755 0.181818
vt 0.387755 0.272727
vt 0.377551 0.454545
vt 0.387755 0.363636
vt 0.387755 0.545455
vt 0.387755 0.636364
vt 0.387755 0.727273
vt 0.387755 0.818182
vt 0.387755 0.909091
vt 0.387755 1.000000
vt 0.397959 0.000000
vt 0.397959 0.090909
vt 0.397959 0.181818
vt 0.397959 0.272727
vt 0.387755 0.454545
vt 0.397959 0.363636
vt 0.397959 0.545455
vt 0.397959 0.636364
vt 0.397959 0.727273
vt 0.397959 0.818182
vt 0.397959 0.909091
vt 0.397959 1.000000
vt 0.408163 0.000000
vt 0.408163 0.090909
vt 0.408163 0.181818
vt 0.408163 0.272727
vt 0.397959 0.454545
vt 0.408163 0.363636
vt 0.408163 0.545455
vt 0.408163 0.636364
vt 0.408163 0.727273
vt 0.408163 0.818182
vt 0.408163 0.909091
vt 0.408163 1.000000
vt 0.418367 0.000000
vt 0.418367 0.090909
vt 0.418367 0.181818
vt 0.418367 0.272727
vt 0.408163 0.454545
vt 0.418367 0.363636
vt 0.418367 0.545455
vt 0.418367 0.636364
vt 0.418367 0.727273
vt 0.418367 0.818182
vt 0.418367 0.909091
vt 0.418367 1.000000
vt 0.428571 0.090909
vt 0.428571 0.181818
vt 0.428571 0.272727
vt 0.418367 0.454545
vt 0.428571 0.363636
vt 0.428571 0.545455
vt 0.428571 0.636364
vt 0.428571 0.727273
vt 0.428571 0.818182
vt 0.428571 0.909091
vt 0.428571 1.000000
vt 0.438776 0.000000
vt 0.438776 0.090909
vt 0.438776 0.181818
vt 0.438776 0.272727
vt 0.428571 0.454545
vt 0.438776 0.363636
vt 0.438776 0.545455
vt 0.438776 0.636364
vt 0.438776 0.727273
vt 0.438776 0.818182
vt 0.438776 0.909091
vt 0.438776 1.000000
vt 0.448980 0.000000
vt 0.448980 0.090909
vt 0.448980 0.181818
vt 0.448980 0.272727
vt 0.438776 0.454545
vt 0.448980 0.363636
vt 0.448980 0.545455
vt 0.448980 0.636364
vt 0.448980 0.727273
vt 0.448980 0.818182
vt 0.448980 0.909091
vt 0.448980 1.000000
vt 0.459184 0.000000
vt 0.459184 0.090909
vt 0.459184 0.181818
vt 0.459184 0.272727
vt 0.448980 0.454545
vt 0.459184 0.363636
vt 0.459184 0.545455
vt 0.459184 0.636364
vt 0.459184 0.727273
vt 0.459184 0.818182
vt 0.459184 0.909091
vt 0.459184 1.000000
vt 0.469388 0.000000
vt 0.469388 0.090909
vt 0.469388 0.181818
vt 0.469388 0.272727
vt 0.459184 0.454545
vt 0.469388 0.363636
vt 0.469388 0.545455
vt 0.469388 0.636364
vt 0.469388 0.727273
vt 0.469388 0.818182
vt 0.469388 0.909091
vt 0.469388 1.000000
vt 0.479592 0.000000
vt 0.479592 0.090909
vt 0.479592 0.181818
vt 0.479592 0.272727
vt 0.469388 0.454545
vt 0.479592 0.363636
vt 0.479592 0.545455
vt 0.479592 0.636364
vt 0.479592 0.727273
vt 0.479592 0.818182
vt 0.479592 0.909091
vt 0.479592 1.000000
vt 0.489796 0.090909
vt 0.489796 0.181818
vt 0.489796 0.272727
vt 0.489796 0.363636
vt 0.489796 0.454545
vt 0.479592 0.454545
vt 0.489796 0.545455
vt 0.489796 0.636364
vt 0.489796 0.727273
vt 0.489796 0.818182
vt 0.489796 0.909091
vt 0.500000 0.090909
vt 0.489796 0.000000
vt 0.500000 0.181818
vt 0.500000 0.272727
vt 0.500000 0.363636
vt 0.500000 0.454545
vt 0.500000 0.545455
vt 0.500000 0.636364
vt 0.500000 0.727273
vt 0.500000 0.818182
vt 0.489796 1.000000
vt 0.500000 0.909091
vt 0.510204 0.000000
vt 0.510204 0.090909
vt 0.510204 0.181818
vt 0.510204 0.272727
vt 0.510204 0.363636
vt 0.510204 0.545455
vt 0.510204 0.636364
vt 0.510204 0.727273
vt 0.510204 0.818182
vt 0.510204 0.909091
vt 0.510204 1.000000
vt 0.500000 1.000000
vt 0.520408 0.000000
vt 0.520408 0.090909
vt 0.520408 0.181818
vt 0.520408 0.272727
vt 0.510204 0.454545
vt 0.520408 0.363636
vt 0.520408 0.545455
vt 0.520408 0.636364
vt 0.520408 0.727273
vt 0.520408 0.818182
vt 0.520408 0.909091
vt 0.520408 1.000000
vt 0.530612 0.000000
vt 0.530612 0.090909
vt 0.530612 0.181818
vt 0.530612 0.272727
vt 0.520408 0.454545
vt 0.530612 0.363636
vt 0.530612 0.545455
vt 0.530612 0.636364
vt 0.530612 0.727273
vt 0.530612 0.818182
vt 0.530612 0.909091
vt 0.530612 1.000000
vt 0.540816 0.000000
vt 0.540816 0.090909
vt 0.540816 0.181818
vt 0.540816 0.272727
vt 0.530612 0.454545
vt 0.540816 0.363636
vt 0.540816 0.545455
vt 0.540816 0.636364
vt 0.540816 0.727273
vt 0.540816 0.818182
vt 0.540816 0.909091
vt 0.540816 1.000000
vt 0.551020 0.000000
vt 0.551020 0.090909
vt 0.551020 0.181818
vt 0.551020 0.272727
vt 0.540816 0.454545
vt 0.551020 0.363636
vt 0.551020 0.545455
vt 0.551020 0.636364
vt 0.551020 0.727273
vt 0.551020 0.818182
vt 0.551020 0.909091
vt 0.551020 1.000000
vt 0.561224 0.000000
vt 0.561224 0.090909
vt 0.561224 0.181818
vt 0.561224 0.272727
vt 0.551020 0.454545
vt 0.561224 0.363636
vt 0.561224 0.545455
vt 0.561224 0.636364
vt 0.561224 0.727273
vt 0.561224 0.818182
vt 0.561224 0.909091
vt 0.561224 1.000000
vt 0.571429 0.090909
vt 0.571429 0.181818
vt 0.571429 0.272727
vt 0.561224 0.454545
vt 0.571429 0.363636
vt 0.571429 0.545455
vt 0.571429 0.636364
vt 0.571429 0.727273
vt 0.571429 0.818182
vt 0.571429 0.909091
vt 0.571429 1.000000
vt 0.581633 0.000000
vt 0.581633 0.090909
vt 0.581633 0.181818
vt 0.581633 0.272727
vt 0.571429 0.454545
vt 0.581633 0.363636
vt 0.581633 0.545455
vt 0.581633 0.636364
vt 0.581633 0.727273
vt 0.581633 0.818182
vt 0.581633 0.909091
vt 0.581633 1.000000
vt 0.591837 0.000000
vt 0.591837 0.090909
vt 0.591837 0.181818
vt 0.591837 0.272727
vt 0.581633 0.454545
vt 0.591837 0.363636
vt 0.591837 0.545455
vt 0.591837 0.636364
vt 0.591837 0.727273
vt 0.591837 0.818182
vt 0.591837 0.909091
vt 0.591837 1.000000
vt 0.602041 0.000000
vt 0.602041 0.090909
vt 0.602041 0.181818
vt 0.602041 0.272727
vt 0.591837 0.454545
vt 0.602041 0.363636
vt 0.602041 0.545455
vt 0.602041 0.636364
vt 0.602041 0.727273
vt 0.602041 0.818182
vt 0.602041 0.909091
vt 0.602041 1.000000
vt 0.612245 0.090909
vt 0.612245 0.181818
vt 0.612245 0.272727
vt 0.612245 0.363636
vt 0.612245 0.454545
vt 0.602041 0.454545
vt 0.612245 0.545455
vt 0.612245 0.636364
vt 0.612245 0.727273
vt 0.612245 0.818182
vt 0.612245 0.909091
vt 0.622449 0.090909
vt 0.612245 0.000000
vt 0.622449 0.181818
vt 0.622449 0.272727
vt 0.622449 0.363636
vt 0.622449 0.454545
vt 0.622449 0.545455
vt 0.622449 0.636364
vt 0.622449 0.727273
vt 0.622449 0.818182
vt 0.612245 1.000000
vt 0.622449 0.909091
vt 0.632653 0.090909
vt 0.622449 0.000000
vt 0.632653 0.181818
vt 0.632653 0.272727
vt 0.632653 0.363636
vt 0.632653 0.454545
vt 0.632653 0.545455
vt 0.632653 0.636364
vt 0.632653 0.727273
vt 0.632653 0.818182
vt 0.622449 1.000000
vt 0.632653 0.909091
vt 0.642857 0.090909
vt 0.632653 0.000000
vt 0.642857 0.181818
vt 0.642857 0.272727
vt 0.642857 0.363636
vt 0.642857 0.454545
vt 0.642857 0.545455
vt 0.642857 0.636364
vt 0.642857 0.727273
vt 0.642857 0.818182
vt 0.632653 1.000000
vt 0.642857 0.909091
vt 0.653061 0.090909
vt 0.642857 0.000000
vt 0.653061 0.181818
vt 0.653061 0.272727
vt 0.653061 0.363636
vt 0.653061 0.454545
vt 0.653061 0.545455
vt 0.653061 0.636364
vt 0.653061 0.727273
vt 0.653061 0.818182
vt 0.642857 1.000000
vt 0.653061 0.909091
vt 0.663265 0.090909
vt 0.653061 0.000000
vt 0.663265 0.181818
vt 0.663265 0.272727
vt 0.663265 0.363636
vt 0.663265 0.454545
vt 0.663265 0.545455
vt 0.663265 0.636364
vt 0.663265 0.727273
vt 0.663265 0.818182
vt 0.653061 1.000000
vt 0.663265 0.909091
vt 0.673469 0.090909
vt 0.663265 0.000000
vt 0.673469 0.181818
vt 0.673469 0.272727
vt 0.673469 0.363636
vt 0.673469 0.454545
vt 0.673469 0.545455
vt 0.673469 0.636364
vt 0.673469 0.727273
vt 0.673469 0.818182
vt 0.663265 1.000000
vt 0.673469 0.909091
vt 0.683673 0.090909
vt 0.673469 0.000000
vt 0.683673 0.181818
vt 0.683673 0.272727
vt 0.683673 0.363636
vt 0.683673 0.454545
vt 0.683673 0.545455
vt 0.683673 0.636364
vt 0.683673 0.727273
vt 0.683673 0.818182
vt 0.673469 1.000000
vt 0.683673 0.909091
vt 0.693878 0.090909
vt 0.683673 0.000000
vt 0.693878 0.181818
vt 0.693878 0.272727
vt 0.693878 0.363636
vt 0.693878 0.454545
vt 0.693878 0.545455
vt 0.693878 0.636364
vt 0.693878 0.727273
vt 0.693878 0.818182
vt 0.683673 1.000000
vt 0.693878 0.909091
vt 0.704082 0.090909
vt 0.693878 0.000000
vt 0.704082 0.181818
vt 0.704082 0.272727
vt 0.704082 0.363636
vt 0.704082 0.454545
vt 0.704082 0.545455
vt 0.704082 0.636364
vt 0.704082 0.727273
vt 0.704082 0.818182
vt 0.693878 1.000000
vt 0.704082 0.909091
vt 0.714286 0.090909
vt 0.704082 0.000000
vt 0.714286 0.181818
vt 0.714286 0.272727
vt 0.714286 0.363636
vt 0.714286 0.454545
vt 0.714286 0.545455
vt 0.714286 0.636364
vt 0.714286 0.727273
vt 0.714286 0.818182
vt 0.704082 1.000000
vt 0.714286 0.909091
vt 0.724490 0.090909
vt 0.724490 0.181818
vt 0.724490 0.272727
vt 0.724490 0.363636
vt 0.724490 0.454545
vt 0.724490 0.545455
vt 0.724490 0.636364
vt 0.724490 0.727273
vt 0.724490 0.818182
vt 0.714286 1.000000
vt 0.724490 0.909091
vt 0.734694 0.090909
vt 0.724490 0.000000
vt 0.734694 0.181818
vt 0.734694 0.272727
vt 0.734694 0.363636
vt 0.734694 0.454545
vt 0.734694 0.545455
vt 0.734694 0.636364
vt 0.734694 0.727273
vt 0.734694 0.818182
vt 0.724490 1.000000
vt 0.734694 0.909091
vt 0.744898 0.000000
vt 0.734694 0.000000
vt 0.744898 0.090909
vt 0.744898 0.181818
vt 0.744898 0.272727
vt 0.744898 0.363636
vt 0.744898 0.545455
vt 0.744898 0.636364
vt 0.744898 0.727273
vt 0.744898 0.818182
vt 0.744898 0.909091
vt 0.744898 1.000000
vt 0.734694 1.000000
vt 0.755102 0.090909
vt 0.755102 0.181818
vt 0.755102 0.272727
vt 0.755102 0.363636
vt 0.755102 0.454545
vt 0.744898 0.454545
vt 0.755102 0.545455
vt 0.755102 0.636364
vt 0.755102 0.727273
vt 0.755102 0.818182
vt 0.755102 0.909091
vt 0.765306 0.090909
vt 0.755102 0.000000
vt 0.765306 0.181818
vt 0.765306 0.272727
vt 0.765306 0.363636
vt 0.765306 0.454545
vt 0.765306 0.545455
vt 0.765306 0.636364
vt 0.765306 0.727273
vt 0.765306 0.818182
vt 0.755102 1.000000
vt 0.765306 0.909091
vt 0.775510 0.090909
vt 0.765306 0.000000
vt 0.775510 0.181818
vt 0.775510 0.272727
vt 0.775510 0.363636
vt 0.775510 0.454545
vt 0.775510 0.545455
vt 0.775510 0.636364
vt 0.775510 0.727273
vt 0.775510 0.818182
vt 0.765306 1.000000
vt 0.775510 0.909091
vt 0.785714 0.090909
vt 0.775510 0.000000
vt 0.785714 0.181818
vt 0.785714 0.272727
vt 0.785714 0.363636
vt 0.785714 0.454545
vt 0.785714 0.545455
vt 0.785714 0.636364
vt 0.785714 0.727273
vt 0.785714 0.818182
vt 0.775510 1.000000
vt 0.785714 0.909091
vt 0.795918 0.090909
vt 0.785714 0.000000
vt 0.795918 0.181818
vt 0.795918 0.272727
vt 0.795918 0.363636
vt 0.795918 0.454545
vt 0.795918 0.545455
vt 0.795918 0.636364
vt 0.795918 0.727273
vt 0.795918 0.818182
vt 0.785714 1.000000
vt 0.795918 0.909091
vt 0.806122 0.090909
vt 0.795918 0.000000
vt 0.806122 0.181818
vt 0.806122 0.272727
vt 0.806122 0.363636
vt 0.806122 0.454545
vt 0.806122 0.545455
vt 0.806122 0.636364
vt 0.806122 0.727273
vt 0.806122 0.818182
vt 0.795918 1.000000
vt 0.806122 0.909091
vt 0.816327 0.090909
vt 0.806122 0.000000
vt 0.816327 0.181818
vt 0.816327 0.272727
vt 0.816327 0.363636
vt 0.816327 0.454545
vt 0.816327 0.545455
vt 0.816327 0.636364
vt 0.816327 0.727273
vt 0.816327 0.818182
vt 0.806122 1.000000
vt 0.816327 0.909091
vt 0.826531 0.090909
vt 0.816327 0.000000
vt 0.826531 0.181818
vt 0.826531 0.272727
vt 0.826531 0.363636
vt 0.826531 0.454545
vt 0.826531 0.545455
vt 0.826531 0.636364
vt 0.826531 0.727273
vt 0.826531 0.818182
vt 0.816327 1.000000
vt 0.826531 0.909091
vt 0.836735 0.090909
vt 0.826531 0.000000
vt 0.836735 0.181818
vt 0.836735 0.272727
vt 0.836735 0.363636
vt 0.836735 0.454545
vt 0.836735 0.545455
vt 0.836735 0.636364
vt 0.836735 0.727273
vt 0.836735 0.818182
vt 0.826531 1.000000
vt 0.836735 0.909091
vt 0.846939 0.090909
vt 0.836735 0.000000
vt 0.846939 0.181818
vt 0.846939 0.272727
vt 0.846939 0.363636
vt 0.846939 0.454545
vt 0.846939 0.545455
vt 0.846939 0.636364
vt 0.846939 0.727273
vt 0.846939 0.818182
vt 0.836735 1.000000
vt 0.846939 0.909091
vt 0.857143 0.090909
vt 0.846939 0.000000
vt 0.857143 0.181818
vt 0.857143 0.272727
vt 0.857143 0.363636
vt 0.857143 0.454545
vt 0.857143 0.545455
vt 0.857143 0.636364
vt 0.857143 0.727273
vt 0.857143 0.818182
vt 0.846939 1.000000
vt 0.857143 0.909091
vt 0.867347 0.090909
vt 0.867347 0.181818
vt 0.867347 0.272727
vt 0.867347 0.363636
vt 0.867347 0.454545
vt 0.867347 0.545455
vt 0.867347 0.636364
vt 0.867347 0.727273
vt 0.867347 0.818182
vt 0.857143 1.000000
vt 0.867347 0.909091
vt 0.877551 0.000000
vt 0.867347 0.000000
vt 0.877551 0.090909
vt 0.877551 0.181818
vt 0.877551 0.272727
vt 0.877551 0.363636
vt 0.877551 0.545455
vt 0.877551 0.636364
vt 0.877551 0.727273
vt 0.877551 0.818182
vt 0.877551 0.909091
vt 0.877551 1.000000
vt 0.867347 1.000000
vt 0.887755 0.000000
vt 0.887755 0.090909
vt 0.887755 0.181818
vt 0.887755 0.272727
vt 0.877551 0.454545
vt 0.887755 0.363636
vt 0.887755 0.545455
vt 0.887755 0.636364
vt 0.887755 0.727273
vt 0.887755 0.818182
vt 0.887755 0.909091
vt 0.887755 1.000000
vt 0.897959 0.000000
vt 0.897959 0.090909
vt 0.897959 0.181818
vt 0.897959 0.272727
vt 0.887755 0.454545
vt 0.897959 0.363636
vt 0.897959 0.545455
vt 0.897959 0.636364
vt 0.897959 0.727273
vt 0.897959 0.818182
vt 0.897959 0.909091
vt 0.897959 1.000000
vt 0.908163 0.000000
vt 0.908163 0.090909
vt 0.908163 0.181818
vt 0.908163 0.272727
vt 0.897959 0.454545
vt 0.908163 0.363636
vt 0.908163 0.545455
vt 0.908163 0.636364
vt 0.908163 0.727273
vt 0.908163 0.818182
vt 0.908163 0.909091
vt 0.908163 1.000000
vt 0.918367 0.000000
vt 0.918367 0.090909
vt 0.918367 0.181818
vt 0.918367 0.272727
vt 0.908163 0.454545
vt 0.918367 0.363636
vt 0.918367 0.545455
vt 0.918367 0.636364
vt 0.918367 0.727273
vt 0.918367 0.818182
vt 0.918367 0.909091
vt 0.918367 1.000000
vt 0.928571 0.000000
vt 0.928571 0.090909
vt 0.928571 0.181818
vt 0.928571 0.272727
vt 0.918367 0.454545
vt 0.928571 0.363636
vt 0.928571 0.545455
vt 0.928571 0.636364
vt 0.928571 0.727273
vt 0.928571 0.818182
vt 0.928571 0.909091
vt 0.928571 1.000000
vt 0.938776 0.000000
vt 0.938776 0.090909
vt 0.938776 0.181818
vt 0.938776 0.272727
vt 0.928571 0.454545
vt 0.938776 0.363636
vt 0.938776 0.545455
vt 0.938776 0.636364
vt 0.938776 0.727273
vt 0.938776 0.818182
vt 0.938776 0.909091
vt 0.938776 1.000000
vt 0.948980 0.000000
vt 0.948980 0.090909
vt 0.948980 0.181818
vt 0.948980 0.272727
vt 0.938776 0.454545
vt 0.948980 0.363636
vt 0.948980 0.545455
vt 0.948980 0.636364
vt 0.948980 0.727273
vt 0.948980 0.818182
vt 0.948980 0.909091
vt 0.948980 1.000000
vt 0.959184 0.000000
vt 0.959184 0.090909
vt 0.959184 0.181818
vt 0.959184 0.272727
vt 0.948980 0.454545
vt 0.959184 0.363636
vt 0.959184 0.545455
vt 0.959184 0.636364
vt 0.959184 0.727273
vt 0.959184 0.818182
vt 0.959184 0.909091
vt 0.959184 1.000000
vt 0.969388 0.000000
vt 0.969388 0.090909
vt 0.969388 0.181818
vt 0.969388 0.272727
vt 0.959184 0.454545
vt 0.969388 0.363636
vt 0.969388 0.545455
vt 0.969388 0.636364
vt 0.969388 0.727273
vt 0.969388 0.818182
vt 0.969388 0.909091
vt 0.969388 1.000000
vt 0.979592 0.000000
vt 0.979592 0.090909
vt 0.979592 0.181818
vt 0.979592 0.272727
vt 0.969388 0.454545
vt 0.979592 0.363636
vt 0.979592 0.545455
vt 0.979592 0.636364
vt 0.979592 0.727273
vt 0.979592 0.818182
vt 0.979592 0.909091
vt 0.979592 1.000000
vt 0.989796 0.090909
vt 0.989796 0.181818
vt 0.989796 0.272727
vt 0.989796 0.363636
vt 0.989796 0.454545
vt 0.979592 0.454545
vt 0.989796 0.545455
vt 0.989796 0.636364
vt 0.989796 0.727273
vt 0.989796 0.818182
vt 0.989796 0.909091
vt 1.000000 0.090909
vt 0.989796 0.000000
vt 1.000000 0.181818
vt 1.000000 0.272727
vt 1.000000 0.363636
vt 1.000000 0.454545
vt 1.000000 0.545455
vt 1.000000 0.636364
vt 1.000000 0.727273
vt 1.000000 0.818182
vt 0.989796 1.000000
vt 1.000000 0.909091
vt 0.083333 0.090909
vt 0.083333 0.181818
vt 0.083333 0.272727
vt 0.083333 0.363636
vt 0.083333 0.454545
vt 0.083333 0.545455
vt 0.083333 0.636364
vt 0.083333 0.727273
vt 0.083333 0.818182
vt 0.083333 0.909091
vt 0.083333 1.000000
vt 0.166667 0.000000
vt 0.083333 0.000000
vt 0.166667 0.090909
vt 0.166667 0.181818
vt 0.166667 0.272727
vt 0.166667 0.363636
vt 0.166667 0.545455
vt 0.166667 0.636364
vt 0.166667 0.727273
vt 0.166667 0.818182
vt 0.166667 0.909091
vt 0.166667 1.000000
vt 0.250000 0.090909
vt 0.250000 0.181818
vt 0.250000 0.272727
vt 0.250000 0.363636
vt 0.250000 0.454545
vt 0.166667 0.454545
vt 0.250000 0.545455
vt 0.250000 0.636364
vt 0.250000 0.727273
vt 0.250000 0.818182
vt 0.250000 0.909091
vt 0.250000 1.000000
vt 0.333333 0.090909
vt 0.333333 0.181818
vt 0.333333 0.272727
vt 0.333333 0.363636
vt 0.333333 0.454545
vt 0.333333 0.545455
vt 0.333333 0.636364
vt 0.333333 0.727273
vt 0.333333 0.818182
vt 0.333333 0.909091
vt 0.416667 0.000000
vt 0.416667 0.181818
vt 0.416667 0.272727
vt 0.416667 0.363636
vt 0.416667 0.454545
vt 0.416667 0.545455
vt 0.416667 0.636364
vt 0.416667 0.727273
vt 0.416667 0.818182
vt 0.416667 1.000000
vt 0.333333 1.000000
vt 0.416667 0.090909
vt 0.416667 0.909091
vt 0.583333 0.090909
vt 0.583333 0.181818
vt 0.583333 0.272727
vt 0.583333 0.454545
vt 0.583333 0.545455
vt 0.583333 0.727273
vt 0.583333 0.909091
vt 0.583333 1.000000
vt 0.666667 0.090909
vt 0.583333 0.000000
vt 0.666667 0.181818
vt 0.666667 0.272727
vt 0.666667 0.363636
vt 0.583333 0.363636
vt 0.666667 0.454545
vt 0.666667 0.545455
vt 0.666667 0.636364
vt 0.583333 0.636364
vt 0.666667 0.727273
vt 0.666667 0.818182
vt 0.583333 0.818182
vt 0.666667 0.909091
vt 0.666667 1.000000
vt 0.750000 0.090909
vt 0.750000 0.181818
vt 0.750000 0.272727
vt 0.750000 0.363636
vt 0.750000 0.454545
vt 0.750000 0.545455
vt 0.750000 0.636364
vt 0.750000 0.727273
vt 0.750000 0.818182
vt 0.750000 0.909091
vt 0.750000 1.000000
vt 0.833333 0.090909
vt 0.833333 0.181818
vt 0.833333 0.272727
vt 0.833333 0.363636
vt 0.833333 0.454545
vt 0.833333 0.545455
vt 0.833333 0.636364
vt 0.833333 0.727273
vt 0.833333 0.818182
vt 0.833333 0.909091
vt 0.833333 1.000000
vt 0.916667 0.090909
vt 0.833333 0.000000
vt 0.916667 0.181818
vt 0.916667 0.363636
vt 0.916667 0.545455
vt 0.916667 0.636364
vt 0.916667 0.818182
vt 0.916667 0.909091
vt 0.916667 1.000000
vt 0.916667 0.000000
vt 0.916667 0.272727
vt 0.916667 0.454545
vt 0.916667 0.727273
vt 0.100000 0.090909
vt 0.100000 0.181818
vt 0.100000 0.272727
vt 0.100000 0.363636
vt 0.100000 0.454545
vt 0.100000 0.545455
vt 0.100000 0.636364
vt 0.100000 0.727273
vt 0.100000 0.818182
vt 0.100000 0.909091
vt 0.200000 0.000000
vt 0.100000 0.000000
vt 0.200000 0.090909
vt 0.200000 0.181818
vt 0.200000 0.272727
vt 0.200000 0.363636
vt 0.200000 0.545455
vt 0.200000 0.636364
vt 0.200000 0.727273
vt 0.200000 0.818182
vt 0.200000 0.909091
vt 0.200000 1.000000
vt 0.100000 1.000000
vt 0.300000 0.090909
vt 0.300000 0.181818
vt 0.300000 0.272727
vt 0.300000 0.363636
vt 0.300000 0.454545
vt 0.200000 0.454545
vt 0.300000 0.545455
vt 0.300000 0.636364
vt 0.300000 0.727273
vt 0.300000 0.818182
vt 0.300000 0.909091
vt 0.300000 1.000000
vt 0.400000 0.090909
vt 0.300000 0.000000
vt 0.400000 0.181818
vt 0.400000 0.272727
vt 0.400000 0.363636
vt 0.400000 0.454545
vt 0.400000 0.545455
vt 0.400000 0.636364
vt 0.400000 0.727273
vt 0.400000 0.818182
vt 0.400000 0.909091
vt 0.400000 1.000000
vt 0.400000 0.000000
vt 0.600000 0.090909
vt 0.600000 0.181818
vt 0.600000 0.272727
vt 0.600000 0.363636
vt 0.600000 0.454545
vt 0.600000 0.545455
vt 0.600000 0.636364
vt 0.600000 0.727273
vt 0.600000 0.818182
vt 0.600000 0.909091
vt 0.700000 0.000000
vt 0.600000 0.000000
vt 0.700000 0.090909
vt 0.700000 0.181818
vt 0.700000 0.272727
vt 0.700000 0.363636
vt 0.700000 0.545455
vt 0.700000 0.636364
vt 0.700000 0.727273
vt 0.700000 0.818182
vt 0.700000 0.909091
vt 0.700000 1.000000
vt 0.600000 1.000000
vt 0.800000 0.000000
vt 0.800000 0.181818
vt 0.800000 0.272727
vt 0.800000 0.363636
vt 0.800000 0.454545
vt 0.700000 0.454545
vt 0.800000 0.545455
vt 0.800000 0.636364
vt 0.800000 0.727273
vt 0.800000 0.818182
vt 0.800000 0.909091
vt 0.800000 1.000000
vt 0.900000 0.090909
vt 0.800000 0.090909
vt 0.900000 0.181818
vt 0.900000 0.272727
vt 0.900000 0.363636
vt 0.900000 0.454545
vt 0.900000 0.545455
vt 0.900000 0.636364
vt 0.900000 0.727273
vt 0.900000 0.818182
vt 0.900000 0.909091
vt 0.900000 1.000000
vt 0.900000 0.000000
vt 0.066667 0.090909
vt 0.066667 0.181818
vt 0.066667 0.272727
vt 0.066667 0.363636
vt 0.066667 0.454545
vt 0.066667 0.545455
vt 0.066667 0.636364
vt 0.066667 0.727273
vt 0.066667 0.818182
vt 0.066667 0.909091
vt 0.133333 0.090909
vt 0.066667 0.000000
vt 0.133333 0.181818
vt 0.133333 0.272727
vt 0.133333 0.363636
vt 0.133333 0.454545
vt 0.133333 0.545455
vt 0.133333 0.636364
vt 0.133333 0.727273
vt 0.133333 0.818182
vt 0.066667 1.000000
vt 0.133333 0.909091
vt 0.133333 0.000000
vt 0.133333 1.000000
vt 0.266667 0.000000
vt 0.266667 0.090909
vt 0.266667 0.272727
vt 0.266667 0.363636
vt 0.266667 0.454545
vt 0.266667 0.545455
vt 0.266667 0.636364
vt 0.266667 0.727273
vt 0.266667 0.818182
vt 0.266667 0.909091
vt 0.266667 1.000000
vt 0.266667 0.181818
vt 0.466667 0.000000
vt 0.466667 0.090909
vt 0.466667 0.181818
vt 0.466667 0.272727
vt 0.466667 0.363636
vt 0.466667 0.545455
vt 0.466667 0.636364
vt 0.466667 0.727273
vt 0.466667 0.818182
vt 0.466667 0.909091
vt 0.466667 1.000000
vt 0.533333 0.000000
vt 0.533333 0.181818
vt 0.533333 0.272727
vt 0.533333 0.363636
vt 0.533333 0.454545
vt 0.466667 0.454545
vt 0.533333 0.545455
vt 0.533333 0.636364
vt 0.533333 0.727273
vt 0.533333 0.818182
vt 0.533333 0.909091
vt 0.533333 1.000000
vt 0.533333 0.090909
vt 0.733333 0.090909
vt 0.733333 0.181818
vt 0.733333 0.272727
vt 0.733333 0.363636
vt 0.733333 0.454545
vt 0.733333 0.545455
vt 0.733333 0.636364
vt 0.733333 0.727273
vt 0.733333 0.818182
vt 0.733333 0.909091
vt 0.733333 0.000000
vt 0.733333 1.000000
vt 0.866667 0.000000
vt 0.866667 0.090909
vt 0.866667 0.181818
vt 0.866667 0.272727
vt 0.866667 0.363636
vt 0.866667 0.545455
vt 0.866667 0.636364
vt 0.866667 0.727273
vt 0.866667 0.818182
vt 0.866667 0.909091
vt 0.866667 1.000000
vt 0.933333 0.090909
vt 0.933333 0.181818
vt 0.933333 0.272727
vt 0.933333 0.363636
vt 0.933333 0.454545
vt 0.866667 0.454545
vt 0.933333 0.545455
vt 0.933333 0.636364
vt 0.933333 0.727273
vt 0.933333 0.818182
vt 0.933333 0.909091
vt 0.933333 1.000000
vt 0.933333 0.000000
vt 1.000000 1.000000
vt 0.111111 0.090909
vt 0.111111 0.181818
vt 0.111111 0.272727
vt 0.111111 0.363636
vt 0.111111 0.454545
vt 0.111111 0.545455
vt 0.111111 0.636364
vt 0.111111 0.727273
vt 0.111111 0.818182
vt 0.111111 0.909091
vt 0.222222 0.090909
vt 0.222222 0.181818
vt 0.222222 0.272727
vt 0.222222 0.363636
vt 0.222222 0.545455
vt 0.222222 0.636364
vt 0.222222 0.727273
vt 0.222222 0.818182
vt 0.222222 0.909091
vt 0.222222 1.000000
vt 0.111111 1.000000
vt 0.222222 0.454545
vt 0.444444 0.090909
vt 0.444444 0.181818
vt 0.444444 0.272727
vt 0.444444 0.363636
vt 0.444444 0.454545
vt 0.444444 0.545455
vt 0.444444 0.636364
vt 0.444444 0.727273
vt 0.444444 0.818182
vt 0.444444 0.909091
vt 0.555556 0.090909
vt 0.555556 0.181818
vt 0.555556 0.272727
vt 0.555556 0.363636
vt 0.555556 0.545455
vt 0.555556 0.636364
vt 0.555556 0.727273
vt 0.555556 0.818182
vt 0.555556 0.909091
vt 0.555556 1.000000
vt 0.444444 1.000000
vt 0.555556 0.454545
vt 0.777778 0.090909
vt 0.777778 0.181818
vt 0.777778 0.272727
vt 0.777778 0.363636
vt 0.777778 0.454545
vt 0.777778 0.545455
vt 0.777778 0.636364
vt 0.777778 0.727273
vt 0.777778 0.818182
vt 0.777778 0.909091
vt 0.888889 0.090909
vt 0.888889 0.181818
vt 0.888889 0.272727
vt 0.888889 0.363636
vt 0.888889 0.545455
vt 0.888889 0.636364
vt 0.888889 0.727273
vt 0.888889 0.818182
vt 0.888889 0.909091
vt 0.888889 1.000000
vt 0.777778 1.000000
vt 0.888889 0.454545
vt 0.125000 0.090909
vt 0.125000 0.181818
vt 0.125000 0.272727
vt 0.125000 0.363636
vt 0.125000 0.545455
vt 0.125000 0.636364
vt 0.125000 0.727273
vt 0.125000 0.818182
vt 0.125000 0.909091
vt 0.125000 1.000000
vt 0.125000 0.454545
vt 0.375000 0.090909
vt 0.375000 0.181818
vt 0.375000 0.272727
vt 0.375000 0.363636
vt 0.375000 0.454545
vt 0.375000 0.545455
vt 0.375000 0.636364
vt 0.375000 0.727273
vt 0.375000 0.818182
vt 0.375000 0.909091
vt 0.375000 1.000000
vt 0.625000 0.090909
vt 0.625000 0.181818
vt 0.625000 0.272727
vt 0.625000 0.454545
vt 0.625000 0.545455
vt 0.625000 0.727273
vt 0.625000 0.909091
vt 0.625000 1.000000
vt 0.625000 0.363636
vt 0.625000 0.636364
vt 0.625000 0.818182
vt 0.875000 0.090909
vt 0.875000 0.181818
vt 0.875000 0.363636
vt 0.875000 0.545455
vt 0.875000 0.636364
vt 0.875000 0.818182
vt 0.875000 0.909091
vt 0.875000 1.000000
vt 0.875000 0.272727
vt 0.875000 0.454545
vt 0.875000 0.727273
vt 0.012821 0.000000
vt 0.012821 0.090909
vt 0.012821 0.181818
vt 0.012821 0.272727
vt 0.012821 0.363636
vt 0.012821 0.545455
vt 0.012821 0.636364
vt 0.012821 0.727273
vt 0.012821 0.818182
vt 0.012821 0.909091
vt 0.012821 1.000000
vt 0.025641 0.000000
vt 0.025641 0.090909
vt 0.025641 0.181818
vt 0.025641 0.272727
vt 0.012821 0.454545
vt 0.025641 0.363636
vt 0.025641 0.545455
vt 0.025641 0.636364
vt 0.025641 0.727273
vt 0.025641 0.818182
vt 0.025641 0.909091
vt 0.025641 1.000000
vt 0.038462 0.000000
vt 0.038462 0.090909
vt 0.038462 0.181818
vt 0.038462 0.272727
vt 0.025641 0.454545
vt 0.038462 0.363636
vt 0.038462 0.545455
vt 0.038462 0.636364
vt 0.038462 0.727273
vt 0.038462 0.818182
vt 0.038462 0.909091
vt 0.038462 1.000000
vt 0.051282 0.000000
vt 0.051282 0.090909
vt 0.051282 0.181818
vt 0.051282 0.272727
vt 0.038462 0.454545
vt 0.051282 0.363636
vt 0.051282 0.545455
vt 0.051282 0.636364
vt 0.051282 0.727273
vt 0.051282 0.818182
vt 0.051282 0.909091
vt 0.051282 1.000000
vt 0.064103 0.000000
vt 0.064103 0.090909
vt 0.064103 0.181818
vt 0.064103 0.272727
vt 0.051282 0.454545
vt 0.064103 0.363636
vt 0.064103 0.545455
vt 0.064103 0.636364
vt 0.064103 0.727273
vt 0.064103 0.818182
vt 0.064103 0.909091
vt 0.064103 1.000000
vt 0.076923 0.090909
vt 0.076923 0.181818
vt 0.076923 0.272727
vt 0.076923 0.363636
vt 0.076923 0.454545
vt 0.064103 0.454545
vt 0.076923 0.545455
vt 0.076923 0.636364
vt 0.076923 0.727273
vt 0.076923 0.818182
vt 0.076923 0.909091
vt 0.089744 0.090909
vt 0.076923 0.000000
vt 0.089744 0.181818
vt 0.089744 0.272727
vt 0.089744 0.363636
vt 0.089744 0.454545
vt 0.089744 0.545455
vt 0.089744 0.636364
vt 0.089744 0.727273
vt 0.089744 0.818182
vt 0.076923 1.000000
vt 0.089744 0.909091
vt 0.102564 0.090909
vt 0.089744 0.000000
vt 0.102564 0.181818
vt 0.102564 0.272727
vt 0.102564 0.363636
vt 0.102564 0.454545
vt 0.102564 0.545455
vt 0.102564 0.636364
vt 0.102564 0.727273
vt 0.102564 0.818182
vt 0.089744 1.000000
vt 0.102564 0.909091
vt 0.115385 0.090909
vt 0.102564 0.000000
vt 0.115385 0.181818
vt 0.115385 0.272727
vt 0.115385 0.363636
vt 0.115385 0.454545
vt 0.115385 0.545455
vt 0.115385 0.636364
vt 0.115385 0.727273
vt 0.115385 0.818182
vt 0.102564 1.000000
vt 0.115385 0.909091
vt 0.128205 0.090909
vt 0.115385 0.000000
vt 0.128205 0.181818
vt 0.128205 0.272727
vt 0.128205 0.363636
vt 0.128205 0.454545
vt 0.128205 0.545455
vt 0.128205 0.636364
vt 0.128205 0.727273
vt 0.128205 0.818182
vt 0.115385 1.000000
vt 0.128205 0.909091
vt 0.141026 0.090909
vt 0.128205 0.000000
vt 0.141026 0.181818
vt 0.141026 0.272727
vt 0.141026 0.363636
vt 0.141026 0.454545
vt 0.141026 0.545455
vt 0.141026 0.636364
vt 0.141026 0.727273
vt 0.141026 0.818182
vt 0.128205 1.000000
vt 0.141026 0.909091
vt 0.153846 0.000000
vt 0.141026 0.000000
vt 0.153846 0.090909
vt 0.153846 0.181818
vt 0.153846 0.272727
vt 0.153846 0.363636
vt 0.153846 0.545455
vt 0.153846 0.636364
vt 0.153846 0.727273
vt 0.153846 0.818182
vt 0.153846 0.909091
vt 0.153846 1.000000
vt 0.141026 1.000000
vt 0.153846 0.454545
vt 0.179487 0.000000
vt 0.179487 0.090909
vt 0.179487 0.181818
vt 0.179487 0.272727
vt 0.179487 0.363636
vt 0.179487 0.545455
vt 0.179487 0.636364
vt 0.179487 0.727273
vt 0.179487 0.818182
vt 0.179487 0.909091
vt 0.179487 1.000000
vt 0.192308 0.000000
vt 0.192308 0.090909
vt 0.192308 0.181818
vt 0.192308 0.272727
vt 0.179487 0.454545
vt 0.192308 0.363636
vt 0.192308 0.545455
vt 0.192308 0.636364
vt 0.192308 0.727273
vt 0.192308 0.818182
vt 0.192308 0.909091
vt 0.192308 1.000000
vt 0.205128 0.000000
vt 0.205128 0.090909
vt 0.205128 0.181818
vt 0.205128 0.272727
vt 0.192308 0.454545
vt 0.205128 0.363636
vt 0.205128 0.545455
vt 0.205128 0.636364
vt 0.205128 0.727273
vt 0.205128 0.818182
vt 0.205128 0.909091
vt 0.205128 1.000000
vt 0.217949 0.000000
vt 0.217949 0.090909
vt 0.217949 0.181818
vt 0.217949 0.272727
vt 0.205128 0.454545
vt 0.217949 0.363636
vt 0.217949 0.545455
vt 0.217949 0.636364
vt 0.217949 0.727273
vt 0.217949 0.818182
vt 0.217949 0.909091
vt 0.217949 1.000000
vt 0.230769 0.000000
vt 0.230769 0.090909
vt 0.230769 0.181818
vt 0.230769 0.272727
vt 0.217949 0.454545
vt 0.230769 0.363636
vt 0.230769 0.545455
vt 0.230769 0.636364
vt 0.230769 0.727273
vt 0.230769 0.818182
vt 0.230769 0.909091
vt 0.230769 1.000000
vt 0.243590 0.000000
vt 0.243590 0.090909
vt 0.243590 0.181818
vt 0.243590 0.272727
vt 0.230769 0.454545
vt 0.243590 0.363636
vt 0.243590 0.545455
vt 0.243590 0.636364
vt 0.243590 0.727273
vt 0.243590 0.818182
vt 0.243590 0.909091
vt 0.243590 1.000000
vt 0.256410 0.090909
vt 0.256410 0.181818
vt 0.256410 0.272727
vt 0.256410 0.363636
vt 0.256410 0.454545
vt 0.243590 0.454545
vt 0.256410 0.545455
vt 0.256410 0.636364
vt 0.256410 0.727273
vt 0.256410 0.818182
vt 0.256410 0.909091
vt 0.269231 0.090909
vt 0.256410 0.000000
vt 0.269231 0.181818
vt 0.269231 0.272727
vt 0.269231 0.363636
vt 0.269231 0.454545
vt 0.269231 0.545455
vt 0.269231 0.636364
vt 0.269231 0.727273
vt 0.269231 0.818182
vt 0.256410 1.000000
vt 0.269231 0.909091
vt 0.282051 0.090909
vt 0.269231 0.000000
vt 0.282051 0.181818
vt 0.282051 0.272727
vt 0.282051 0.363636
vt 0.282051 0.454545
vt 0.282051 0.545455
vt 0.282051 0.636364
vt 0.282051 0.727273
vt 0.282051 0.818182
vt 0.269231 1.000000
vt 0.282051 0.909091
vt 0.294872 0.090909
vt 0.282051 0.000000
vt 0.294872 0.181818
vt 0.294872 0.272727
vt 0.294872 0.363636
vt 0.294872 0.454545
vt 0.294872 0.545455
vt 0.294872 0.636364
vt 0.294872 0.727273
vt 0.294872 0.818182
vt 0.282051 1.000000
vt 0.294872 0.909091
vt 0.307692 0.000000
vt 0.294872 0.000000
vt 0.307692 0.090909
vt 0.307692 0.181818
vt 0.307692 0.272727
vt 0.307692 0.363636
vt 0.307692 0.545455
vt 0.307692 0.636364
vt 0.307692 0.727273
vt 0.307692 0.818182
vt 0.307692 0.909091
vt 0.307692 1.000000
vt 0.294872 1.000000
vt 0.320513 0.090909
vt 0.320513 0.272727
vt 0.320513 0.363636
vt 0.320513 0.454545
vt 0.307692 0.454545
vt 0.320513 0.545455
vt 0.320513 0.636364
vt 0.320513 0.727273
vt 0.320513 0.818182
vt 0.320513 0.909091
vt 0.320513 1.000000
vt 0.320513 0.000000
vt 0.320513 0.181818
vt 0.346154 0.090909
vt 0.346154 0.181818
vt 0.346154 0.272727
vt 0.346154 0.363636
vt 0.346154 0.454545
vt 0.346154 0.545455
vt 0.346154 0.636364
vt 0.346154 0.727273
vt 0.346154 0.818182
vt 0.346154 0.909091
vt 0.358974 0.090909
vt 0.346154 0.000000
vt 0.358974 0.181818
vt 0.358974 0.272727
vt 0.358974 0.363636
vt 0.358974 0.454545
vt 0.358974 0.545455
vt 0.358974 0.636364
vt 0.358974 0.727273
vt 0.358974 0.818182
vt 0.346154 1.000000
vt 0.358974 0.909091
vt 0.371795 0.090909
vt 0.358974 0.000000
vt 0.371795 0.181818
vt 0.371795 0.272727
vt 0.371795 0.363636
vt 0.371795 0.454545
vt 0.371795 0.545455
vt 0.371795 0.636364
vt 0.371795 0.727273
vt 0.371795 0.818182
vt 0.358974 1.000000
vt 0.371795 0.909091
vt 0.384615 0.090909
vt 0.371795 0.000000
vt 0.384615 0.181818
vt 0.384615 0.272727
vt 0.384615 0.363636
vt 0.384615 0.454545
vt 0.384615 0.545455
vt 0.384615 0.636364
vt 0.384615 0.727273
vt 0.384615 0.818182
vt 0.371795 1.000000
vt 0.384615 0.909091
vt 0.397436 0.090909
vt 0.384615 0.000000
vt 0.397436 0.181818
vt 0.397436 0.272727
vt 0.397436 0.363636
vt 0.397436 0.454545
vt 0.397436 0.545455
vt 0.397436 0.636364
vt 0.397436 0.727273
vt 0.397436 0.818182
vt 0.384615 1.000000
vt 0.397436 0.909091
vt 0.410256 0.090909
vt 0.397436 0.000000
vt 0.410256 0.181818
vt 0.410256 0.272727
vt 0.410256 0.363636
vt 0.410256 0.454545
vt 0.410256 0.545455
vt 0.410256 0.636364
vt 0.410256 0.727273
vt 0.410256 0.818182
vt 0.397436 1.000000
vt 0.410256 0.909091
vt 0.423077 0.090909
vt 0.410256 0.000000
vt 0.423077 0.181818
vt 0.423077 0.272727
vt 0.423077 0.363636
vt 0.423077 0.454545
vt 0.423077 0.545455
vt 0.423077 0.636364
vt 0.423077 0.727273
vt 0.423077 0.818182
vt 0.410256 1.000000
vt 0.423077 0.909091
vt 0.435897 0.090909
vt 0.423077 0.000000
vt 0.435897 0.181818
vt 0.435897 0.272727
vt 0.435897 0.363636
vt 0.435897 0.454545
vt 0.435897 0.545455
vt 0.435897 0.636364
vt 0.435897 0.727273
vt 0.435897 0.818182
vt 0.423077 1.000000
vt 0.435897 0.909091
vt 0.448718 0.000000
vt 0.435897 0.000000
vt 0.448718 0.090909
vt 0.448718 0.181818
vt 0.448718 0.272727
vt 0.448718 0.363636
vt 0.448718 0.545455
vt 0.448718 0.636364
vt 0.448718 0.727273
vt 0.448718 0.818182
vt 0.448718 0.909091
vt 0.448718 1.000000
vt 0.435897 1.000000
vt 0.461538 0.000000
vt 0.461538 0.090909
vt 0.461538 0.181818
vt 0.461538 0.272727
vt 0.448718 0.454545
vt 0.461538 0.363636
vt 0.461538 0.545455
vt 0.461538 0.636364
vt 0.461538 0.727273
vt 0.461538 0.818182
vt 0.461538 0.909091
vt 0.461538 1.000000
vt 0.474359 0.000000
vt 0.474359 0.090909
vt 0.474359 0.181818
vt 0.474359 0.272727
vt 0.461538 0.454545
vt 0.474359 0.363636
vt 0.474359 0.545455
vt 0.474359 0.636364
vt 0.474359 0.727273
vt 0.474359 0.818182
vt 0.474359 0.909091
vt 0.474359 1.000000
vt 0.487179 0.000000
vt 0.487179 0.090909
vt 0.487179 0.181818
vt 0.487179 0.272727
vt 0.474359 0.454545
vt 0.487179 0.363636
vt 0.487179 0.545455
vt 0.487179 0.636364
vt 0.487179 0.727273
vt 0.487179 0.818182
vt 0.487179 0.909091
vt 0.487179 1.000000
vt 0.487179 0.454545
vt 0.512821 0.090909
vt 0.512821 0.181818
vt 0.512821 0.272727
vt 0.512821 0.363636
vt 0.512821 0.454545
vt 0.512821 0.545455
vt 0.512821 0.636364
vt 0.512821 0.727273
vt 0.512821 0.818182
vt 0.512821 0.909091
vt 0.525641 0.090909
vt 0.512821 0.000000
vt 0.525641 0.181818
vt 0.525641 0.272727
vt 0.525641 0.363636
vt 0.525641 0.454545
vt 0.525641 0.545455
vt 0.525641 0.636364
vt 0.525641 0.727273
vt 0.525641 0.818182
vt 0.512821 1.000000
vt 0.525641 0.909091
vt 0.538462 0.090909
vt 0.525641 0.000000
vt 0.538462 0.181818
vt 0.538462 0.272727
vt 0.538462 0.363636
vt 0.538462 0.454545
vt 0.538462 0.545455
vt 0.538462 0.636364
vt 0.538462 0.727273
vt 0.538462 0.818182
vt 0.525641 1.000000
vt 0.538462 0.909091
vt 0.551282 0.000000
vt 0.538462 0.000000
vt 0.551282 0.090909
vt 0.551282 0.181818
vt 0.551282 0.272727
vt 0.551282 0.454545
vt 0.551282 0.545455
vt 0.551282 0.727273
vt 0.551282 0.818182
vt 0.551282 0.909091
vt 0.551282 1.000000
vt 0.538462 1.000000
vt 0.564103 0.000000
vt 0.564103 0.090909
vt 0.564103 0.181818
vt 0.551282 0.363636
vt 0.564103 0.272727
vt 0.564103 0.363636
vt 0.564103 0.545455
vt 0.564103 0.636364
vt 0.551282 0.636364
vt 0.564103 0.727273
vt 0.564103 0.818182
vt 0.564103 0.909091
vt 0.564103 1.000000
vt 0.576923 0.000000
vt 0.576923 0.090909
vt 0.576923 0.181818
vt 0.576923 0.272727
vt 0.564103 0.454545
vt 0.576923 0.363636
vt 0.576923 0.545455
vt 0.576923 0.636364
vt 0.576923 0.727273
vt 0.576923 0.818182
vt 0.576923 0.909091
vt 0.576923 1.000000
vt 0.589744 0.000000
vt 0.589744 0.090909
vt 0.589744 0.181818
vt 0.589744 0.272727
vt 0.576923 0.454545
vt 0.589744 0.363636
vt 0.589744 0.545455
vt 0.589744 0.636364
vt 0.589744 0.727273
vt 0.589744 0.818182
vt 0.589744 0.909091
vt 0.589744 1.000000
vt 0.602564 0.000000
vt 0.602564 0.090909
vt 0.602564 0.181818
vt 0.602564 0.272727
vt 0.589744 0.454545
vt 0.602564 0.363636
vt 0.602564 0.545455
vt 0.602564 0.636364
vt 0.602564 0.727273
vt 0.602564 0.818182
vt 0.602564 0.909091
vt 0.602564 1.000000
vt 0.615385 0.000000
vt 0.615385 0.090909
vt 0.615385 0.181818
vt 0.615385 0.272727
vt 0.602564 0.454545
vt 0.615385 0.363636
vt 0.615385 0.545455
vt 0.615385 0.636364
vt 0.615385 0.727273
vt 0.615385 0.818182
vt 0.615385 0.909091
vt 0.615385 1.000000
vt 0.628205 0.000000
vt 0.628205 0.090909
vt 0.628205 0.181818
vt 0.628205 0.272727
vt 0.615385 0.454545
vt 0.628205 0.363636
vt 0.628205 0.545455
vt 0.628205 0.636364
vt 0.628205 0.727273
vt 0.628205 0.818182
vt 0.628205 0.909091
vt 0.628205 1.000000
vt 0.641026 0.000000
vt 0.641026 0.090909
vt 0.641026 0.181818
vt 0.641026 0.272727
vt 0.628205 0.454545
vt 0.641026 0.363636
vt 0.641026 0.545455
vt 0.641026 0.636364
vt 0.641026 0.727273
vt 0.641026 0.818182
vt 0.641026 0.909091
vt 0.641026 1.000000
vt 0.653846 0.090909
vt 0.653846 0.181818
vt 0.653846 0.272727
vt 0.653846 0.363636
vt 0.653846 0.454545
vt 0.641026 0.454545
vt 0.653846 0.545455
vt 0.653846 0.636364
vt 0.653846 0.727273
vt 0.653846 0.818182
vt 0.653846 0.909091
vt 0.653846 0.000000
vt 0.653846 1.000000
vt 0.679487 0.090909
vt 0.679487 0.181818
vt 0.679487 0.272727
vt 0.679487 0.363636
vt 0.679487 0.454545
vt 0.679487 0.545455
vt 0.679487 0.636364
vt 0.679487 0.727273
vt 0.679487 0.818182
vt 0.679487 0.909091
vt 0.692308 0.090909
vt 0.679487 0.000000
vt 0.692308 0.181818
vt 0.692308 0.272727
vt 0.692308 0.363636
vt 0.692308 0.454545
vt 0.692308 0.545455
vt 0.692308 0.636364
vt 0.692308 0.727273
vt 0.692308 0.818182
vt 0.679487 1.000000
vt 0.692308 0.909091
vt 0.705128 0.090909
vt 0.692308 0.000000
vt 0.705128 0.181818
vt 0.705128 0.272727
vt 0.705128 0.363636
vt 0.705128 0.454545
vt 0.705128 0.545455
vt 0.705128 0.636364
vt 0.705128 0.727273
vt 0.705128 0.818182
vt 0.692308 1.000000
vt 0.705128 0.909091
vt 0.717949 0.090909
vt 0.705128 0.000000
vt 0.717949 0.181818
vt 0.717949 0.272727
vt 0.717949 0.363636
vt 0.717949 0.454545
vt 0.717949 0.545455
vt 0.717949 0.636364
vt 0.717949 0.727273
vt 0.717949 0.818182
vt 0.705128 1.000000
vt 0.717949 0.909091
vt 0.730769 0.090909
vt 0.717949 0.000000
vt 0.730769 0.181818
vt 0.730769 0.272727
vt 0.730769 0.363636
vt 0.730769 0.454545
vt 0.730769 0.545455
vt 0.730769 0.636364
vt 0.730769 0.727273
vt 0.730769 0.818182
vt 0.717949 1.000000
vt 0.730769 0.909091
vt 0.743590 0.090909
vt 0.730769 0.000000
vt 0.743590 0.181818
vt 0.743590 0.272727
vt 0.743590 0.363636
vt 0.743590 0.454545
vt 0.743590 0.545455
vt 0.743590 0.636364
vt 0.743590 0.727273
vt 0.743590 0.818182
vt 0.730769 1.000000
vt 0.743590 0.909091
vt 0.756410 0.090909
vt 0.743590 0.000000
vt 0.756410 0.181818
vt 0.756410 0.272727
vt 0.756410 0.363636
vt 0.756410 0.454545
vt 0.756410 0.545455
vt 0.756410 0.636364
vt 0.756410 0.727273
vt 0.756410 0.818182
vt 0.743590 1.000000
vt 0.756410 0.909091
vt 0.769231 0.090909
vt 0.756410 0.000000
vt 0.769231 0.181818
vt 0.769231 0.272727
vt 0.769231 0.363636
vt 0.769231 0.454545
vt 0.769231 0.545455
vt 0.769231 0.636364
vt 0.769231 0.727273
vt 0.769231 0.818182
vt 0.756410 1.000000
vt 0.769231 0.909091
vt 0.782051 0.090909
vt 0.769231 0.000000
vt 0.782051 0.181818
vt 0.782051 0.272727
vt 0.782051 0.363636
vt 0.782051 0.454545
vt 0.782051 0.545455
vt 0.782051 0.636364
vt 0.782051 0.727273
vt 0.782051 0.818182
vt 0.769231 1.000000
vt 0.782051 0.909091
vt 0.794872 0.090909
vt 0.782051 0.000000
vt 0.794872 0.181818
vt 0.794872 0.272727
vt 0.794872 0.363636
vt 0.794872 0.454545
vt 0.794872 0.545455
vt 0.794872 0.636364
vt 0.794872 0.727273
vt 0.794872 0.818182
vt 0.782051 1.000000
vt 0.794872 0.909091
vt 0.807692 0.090909
vt 0.794872 0.000000
vt 0.807692 0.181818
vt 0.807692 0.272727
vt 0.807692 0.363636
vt 0.807692 0.454545
vt 0.807692 0.545455
vt 0.807692 0.636364
vt 0.807692 0.727273
vt 0.807692 0.818182
vt 0.794872 1.000000
vt 0.807692 0.909091
vt 0.820513 0.000000
vt 0.807692 0.000000
vt 0.820513 0.090909
vt 0.820513 0.181818
vt 0.820513 0.272727
vt 0.820513 0.363636
vt 0.820513 0.545455
vt 0.820513 0.636364
vt 0.820513 0.727273
vt 0.820513 0.818182
vt 0.820513 0.909091
vt 0.820513 1.000000
vt 0.807692 1.000000
vt 0.820513 0.454545
vt 0.846154 0.000000
vt 0.846154 0.090909
vt 0.846154 0.181818
vt 0.846154 0.272727
vt 0.846154 0.363636
vt 0.846154 0.545455
vt 0.846154 0.636364
vt 0.846154 0.727273
vt 0.846154 0.818182
vt 0.846154 0.909091
vt 0.846154 1.000000
vt 0.858974 0.000000
vt 0.858974 0.090909
vt 0.858974 0.181818
vt 0.858974 0.272727
vt 0.846154 0.454545
vt 0.858974 0.363636
vt 0.858974 0.545455
vt 0.858974 0.636364
vt 0.858974 0.727273
vt 0.858974 0.818182
vt 0.858974 0.909091
vt 0.858974 1.000000
vt 0.871795 0.000000
vt 0.871795 0.090909
vt 0.871795 0.181818
vt 0.871795 0.272727
vt 0.858974 0.454545
vt 0.871795 0.363636
vt 0.871795 0.545455
vt 0.871795 0.636364
vt 0.871795 0.727273
vt 0.871795 0.818182
vt 0.871795 0.909091
vt 0.871795 1.000000
vt 0.884615 0.000000
vt 0.884615 0.090909
vt 0.884615 0.181818
vt 0.884615 0.272727
vt 0.871795 0.454545
vt 0.884615 0.363636
vt 0.884615 0.545455
vt 0.884615 0.636364
vt 0.884615 0.727273
vt 0.884615 0.818182
vt 0.884615 0.909091
vt 0.884615 1.000000
vt 0.897436 0.000000
vt 0.897436 0.090909
vt 0.897436 0.181818
vt 0.897436 0.272727
vt 0.884615 0.454545
vt 0.897436 0.363636
vt 0.897436 0.545455
vt 0.897436 0.636364
vt 0.897436 0.727273
vt 0.897436 0.818182
vt 0.897436 0.909091
vt 0.897436 1.000000
vt 0.910256 0.000000
vt 0.910256 0.090909
vt 0.910256 0.181818
vt 0.910256 0.272727
vt 0.897436 0.454545
vt 0.910256 0.363636
vt 0.910256 0.545455
vt 0.910256 0.636364
vt 0.910256 0.727273
vt 0.910256 0.818182
vt 0.910256 0.909091
vt 0.910256 1.000000
vt 0.923077 0.000000
vt 0.923077 0.090909
vt 0.923077 0.181818
vt 0.923077 0.272727
vt 0.910256 0.454545
vt 0.923077 0.363636
vt 0.923077 0.545455
vt 0.923077 0.636364
vt 0.923077 0.727273
vt 0.923077 0.818182
vt 0.923077 0.909091
vt 0.923077 1.000000
vt 0.935897 0.000000
vt 0.935897 0.090909
vt 0.935897 0.181818
vt 0.935897 0.272727
vt 0.923077 0.454545
vt 0.935897 0.363636
vt 0.935897 0.545455
vt 0.935897 0.636364
vt 0.935897 0.727273
vt 0.935897 0.818182
vt 0.935897 0.909091
vt 0.935897 1.000000
vt 0.948718 0.000000
vt 0.948718 0.090909
vt 0.948718 0.181818
vt 0.948718 0.272727
vt 0.935897 0.454545
vt 0.948718 0.363636
vt 0.948718 0.545455
vt 0.948718 0.636364
vt 0.948718 0.727273
vt 0.948718 0.818182
vt 0.948718 0.909091
vt 0.948718 1.000000
vt 0.961538 0.000000
vt 0.961538 0.090909
vt 0.961538 0.181818
vt 0.961538 0.272727
vt 0.948718 0.454545
vt 0.961538 0.363636
vt 0.961538 0.545455
vt 0.961538 0.636364
vt 0.961538 0.727273
vt 0.961538 0.818182
vt 0.961538 0.909091
vt 0.961538 1.000000
vt 0.974359 0.090909
vt 0.974359 0.181818
vt 0.974359 0.272727
vt 0.974359 0.363636
vt 0.974359 0.454545
vt 0.961538 0.454545
vt 0.974359 0.545455
vt 0.974359 0.636364
vt 0.974359 0.727273
vt 0.974359 0.818182
vt 0.974359 0.909091
vt 0.987179 0.090909
vt 0.974359 0.000000
vt 0.987179 0.181818
vt 0.987179 0.272727
vt 0.987179 0.363636
vt 0.987179 0.454545
vt 0.987179 0.545455
vt 0.987179 0.636364
vt 0.987179 0.727273
vt 0.987179 0.818182
vt 0.974359 1.000000
vt 0.987179 0.909091
vt 0.987179 0.000000
vt 0.987179 1.000000
vt 0.014925 0.000000
vt 0.014925 0.090909
vt 0.014925 0.181818
vt 0.014925 0.272727
vt 0.014925 0.363636
vt 0.014925 0.545455
vt 0.014925 0.636364
vt 0.014925 0.727273
vt 0.014925 0.818182
vt 0.014925 0.909091
vt 0.014925 1.000000
vt 0.029851 0.000000
vt 0.029851 0.090909
vt 0.029851 0.181818
vt 0.029851 0.272727
vt 0.014925 0.454545
vt 0.029851 0.363636
vt 0.029851 0.545455
vt 0.029851 0.636364
vt 0.029851 0.727273
vt 0.029851 0.818182
vt 0.029851 0.909091
vt 0.029851 1.000000
vt 0.044776 0.000000
vt 0.044776 0.090909
vt 0.044776 0.181818
vt 0.044776 0.272727
vt 0.029851 0.454545
vt 0.044776 0.363636
vt 0.044776 0.545455
vt 0.044776 0.636364
vt 0.044776 0.727273
vt 0.044776 0.818182
vt 0.044776 0.909091
vt 0.044776 1.000000
vt 0.059701 0.000000
vt 0.059701 0.090909
vt 0.059701 0.181818
vt 0.059701 0.272727
vt 0.044776 0.454545
vt 0.059701 0.363636
vt 0.059701 0.545455
vt 0.059701 0.636364
vt 0.059701 0.727273
vt 0.059701 0.818182
vt 0.059701 0.909091
vt 0.059701 1.000000
vt 0.074627 0.000000
vt 0.074627 0.090909
vt 0.074627 0.181818
vt 0.074627 0.272727
vt 0.059701 0.454545
vt 0.074627 0.363636
vt 0.074627 0.545455
vt 0.074627 0.636364
vt 0.074627 0.727273
vt 0.074627 0.818182
vt 0.074627 0.909091
vt 0.074627 1.000000
vt 0.089552 0.000000
vt 0.089552 0.090909
vt 0.089552 0.181818
vt 0.089552 0.272727
vt 0.074627 0.454545
vt 0.089552 0.363636
vt 0.089552 0.545455
vt 0.089552 0.636364
vt 0.089552 0.727273
vt 0.089552 0.818182
vt 0.089552 0.909091
vt 0.089552 1.000000
vt 0.104478 0.000000
vt 0.104478 0.090909
vt 0.104478 0.181818
vt 0.104478 0.272727
vt 0.089552 0.454545
vt 0.104478 0.363636
vt 0.104478 0.545455
vt 0.104478 0.636364
vt 0.104478 0.727273
vt 0.104478 0.818182
vt 0.104478 0.909091
vt 0.104478 1.000000
vt 0.119403 0.090909
vt 0.119403 0.181818
vt 0.119403 0.272727
vt 0.119403 0.363636
vt 0.119403 0.454545
vt 0.104478 0.454545
vt 0.119403 0.545455
vt 0.119403 0.636364
vt 0.119403 0.727273
vt 0.119403 0.818182
vt 0.119403 0.909091
vt 0.134328 0.090909
vt 0.119403 0.000000
vt 0.134328 0.181818
vt 0.134328 0.272727
vt 0.134328 0.363636
vt 0.134328 0.454545
vt 0.134328 0.545455
vt 0.134328 0.636364
vt 0.134328 0.727273
vt 0.134328 0.818182
vt 0.119403 1.000000
vt 0.134328 0.909091
vt 0.149254 0.090909
vt 0.134328 0.000000
vt 0.149254 0.181818
vt 0.149254 0.272727
vt 0.149254 0.363636
vt 0.149254 0.454545
vt 0.149254 0.545455
vt 0.149254 0.636364
vt 0.149254 0.727273
vt 0.149254 0.818182
vt 0.134328 1.000000
vt 0.149254 0.909091
vt 0.164179 0.090909
vt 0.149254 0.000000
vt 0.164179 0.181818
vt 0.164179 0.272727
vt 0.164179 0.363636
vt 0.164179 0.454545
vt 0.164179 0.545455
vt 0.164179 0.636364
vt 0.164179 0.727273
vt 0.164179 0.818182
vt 0.149254 1.000000
vt 0.164179 0.909091
vt 0.179104 0.090909
vt 0.164179 0.000000
vt 0.179104 0.181818
vt 0.179104 0.272727
vt 0.179104 0.363636
vt 0.179104 0.454545
vt 0.179104 0.545455
vt 0.179104 0.636364
vt 0.179104 0.727273
vt 0.179104 0.818182
vt 0.164179 1.000000
vt 0.179104 0.909091
vt 0.194030 0.000000
vt 0.179104 0.000000
vt 0.194030 0.090909
vt 0.194030 0.181818
vt 0.194030 0.272727
vt 0.194030 0.363636
vt 0.194030 0.545455
vt 0.194030 0.636364
vt 0.194030 0.727273
vt 0.194030 0.818182
vt 0.194030 0.909091
vt 0.194030 1.000000
vt 0.179104 1.000000
vt 0.208955 0.000000
vt 0.208955 0.090909
vt 0.208955 0.181818
vt 0.208955 0.272727
vt 0.194030 0.454545
vt 0.208955 0.363636
vt 0.208955 0.545455
vt 0.208955 0.636364
vt 0.208955 0.727273
vt 0.208955 0.818182
vt 0.208955 0.909091
vt 0.208955 1.000000
vt 0.223881 0.000000
vt 0.223881 0.090909
vt 0.223881 0.181818
vt 0.223881 0.272727
vt 0.208955 0.454545
vt 0.223881 0.363636
vt 0.223881 0.545455
vt 0.223881 0.636364
vt 0.223881 0.727273
vt 0.223881 0.818182
vt 0.223881 0.909091
vt 0.223881 1.000000
vt 0.238806 0.000000
vt 0.238806 0.090909
vt 0.238806 0.181818
vt 0.238806 0.272727
vt 0.223881 0.454545
vt 0.238806 0.363636
vt 0.238806 0.545455
vt 0.238806 0.636364
vt 0.238806 0.727273
vt 0.238806 0.818182
vt 0.238806 0.909091
vt 0.238806 1.000000
vt 0.253731 0.000000
vt 0.253731 0.090909
vt 0.253731 0.181818
vt 0.253731 0.272727
vt 0.238806 0.454545
vt 0.253731 0.363636
vt 0.253731 0.545455
vt 0.253731 0.636364
vt 0.253731 0.727273
vt 0.253731 0.818182
vt 0.253731 0.909091
vt 0.253731 1.000000
vt 0.268657 0.090909
vt 0.268657 0.181818
vt 0.268657 0.272727
vt 0.268657 0.363636
vt 0.268657 0.454545
vt 0.253731 0.454545
vt 0.268657 0.545455
vt 0.268657 0.636364
vt 0.268657 0.727273
vt 0.268657 0.818182
vt 0.268657 0.909091
vt 0.283582 0.090909
vt 0.268657 0.000000
vt 0.283582 0.181818
vt 0.283582 0.272727
vt 0.283582 0.363636
vt 0.283582 0.454545
vt 0.283582 0.545455
vt 0.283582 0.636364
vt 0.283582 0.727273
vt 0.283582 0.818182
vt 0.268657 1.000000
vt 0.283582 0.909091
vt 0.298507 0.090909
vt 0.283582 0.000000
vt 0.298507 0.181818
vt 0.298507 0.272727
vt 0.298507 0.363636
vt 0.298507 0.454545
vt 0.298507 0.545455
vt 0.298507 0.636364
vt 0.298507 0.727273
vt 0.298507 0.818182
vt 0.283582 1.000000
vt 0.298507 0.909091
vt 0.313433 0.090909
vt 0.298507 0.000000
vt 0.313433 0.181818
vt 0.313433 0.272727
vt 0.313433 0.363636
vt 0.313433 0.454545
vt 0.313433 0.545455
vt 0.313433 0.636364
vt 0.313433 0.727273
vt 0.313433 0.818182
vt 0.298507 1.000000
vt 0.313433 0.909091
vt 0.328358 0.090909
vt 0.313433 0.000000
vt 0.328358 0.181818
vt 0.328358 0.272727
vt 0.328358 0.363636
vt 0.328358 0.454545
vt 0.328358 0.545455
vt 0.328358 0.636364
vt 0.328358 0.727273
vt 0.328358 0.818182
vt 0.313433 1.000000
vt 0.328358 0.909091
vt 0.343284 0.090909
vt 0.328358 0.000000
vt 0.343284 0.181818
vt 0.343284 0.272727
vt 0.343284 0.363636
vt 0.343284 0.545455
vt 0.343284 0.636364
vt 0.343284 0.727273
vt 0.343284 0.818182
vt 0.328358 1.000000
vt 0.343284 0.909091
vt 0.358209 0.000000
vt 0.343284 0.000000
vt 0.358209 0.090909
vt 0.358209 0.272727
vt 0.358209 0.363636
vt 0.358209 0.454545
vt 0.343284 0.454545
vt 0.358209 0.545455
vt 0.358209 0.636364
vt 0.358209 0.727273
vt 0.358209 0.909091
vt 0.358209 1.000000
vt 0.343284 1.000000
vt 0.373134 0.090909
vt 0.373134 0.181818
vt 0.358209 0.181818
vt 0.373134 0.272727
vt 0.373134 0.363636
vt 0.373134 0.454545
vt 0.373134 0.545455
vt 0.373134 0.636364
vt 0.358209 0.818182
vt 0.373134 0.727273
vt 0.373134 0.818182
vt 0.373134 0.909091
vt 0.388060 0.090909
vt 0.373134 0.000000
vt 0.388060 0.181818
vt 0.388060 0.272727
vt 0.388060 0.363636
vt 0.388060 0.454545
vt 0.388060 0.545455
vt 0.388060 0.636364
vt 0.388060 0.727273
vt 0.388060 0.818182
vt 0.373134 1.000000
vt 0.388060 0.909091
vt 0.402985 0.090909
vt 0.388060 0.000000
vt 0.402985 0.181818
vt 0.402985 0.272727
vt 0.402985 0.363636
vt 0.402985 0.454545
vt 0.402985 0.545455
vt 0.402985 0.636364
vt 0.402985 0.727273
vt 0.402985 0.818182
vt 0.388060 1.000000
vt 0.402985 0.909091
vt 0.417910 0.090909
vt 0.402985 0.000000
vt 0.417910 0.181818
vt 0.417910 0.272727
vt 0.417910 0.363636
vt 0.417910 0.454545
vt 0.417910 0.545455
vt 0.417910 0.636364
vt 0.417910 0.727273
vt 0.417910 0.818182
vt 0.402985 1.000000
vt 0.417910 0.909091
vt 0.432836 0.090909
vt 0.417910 0.000000
vt 0.432836 0.181818
vt 0.432836 0.272727
vt 0.432836 0.363636
vt 0.432836 0.454545
vt 0.432836 0.545455
vt 0.432836 0.636364
vt 0.432836 0.727273
vt 0.432836 0.818182
vt 0.417910 1.000000
vt 0.432836 0.909091
vt 0.447761 0.090909
vt 0.432836 0.000000
vt 0.447761 0.181818
vt 0.447761 0.272727
vt 0.447761 0.363636
vt 0.447761 0.454545
vt 0.447761 0.545455
vt 0.447761 0.636364
vt 0.447761 0.727273
vt 0.447761 0.818182
vt 0.432836 1.000000
vt 0.447761 0.909091
vt 0.462687 0.090909
vt 0.447761 0.000000
vt 0.462687 0.181818
vt 0.462687 0.272727
vt 0.462687 0.363636
vt 0.462687 0.454545
vt 0.462687 0.545455
vt 0.462687 0.636364
vt 0.462687 0.727273
vt 0.462687 0.818182
vt 0.447761 1.000000
vt 0.462687 0.909091
vt 0.477612 0.090909
vt 0.462687 0.000000
vt 0.477612 0.181818
vt 0.477612 0.272727
vt 0.477612 0.363636
vt 0.477612 0.454545
vt 0.477612 0.545455
vt 0.477612 0.636364
vt 0.477612 0.727273
vt 0.477612 0.818182
vt 0.462687 1.000000
vt 0.477612 0.909091
vt 0.492537 0.090909
vt 0.477612 0.000000
vt 0.492537 0.181818
vt 0.492537 0.272727
vt 0.492537 0.363636
vt 0.492537 0.454545
vt 0.492537 0.545455
vt 0.492537 0.636364
vt 0.492537 0.727273
vt 0.492537 0.818182
vt 0.477612 1.000000
vt 0.492537 0.909091
vt 0.507463 0.090909
vt 0.492537 0.000000
vt 0.507463 0.181818
vt 0.507463 0.272727
vt 0.507463 0.363636
vt 0.507463 0.454545
vt 0.507463 0.545455
vt 0.507463 0.636364
vt 0.507463 0.727273
vt 0.507463 0.818182
vt 0.492537 1.000000
vt 0.507463 0.909091
vt 0.522388 0.090909
vt 0.507463 0.000000
vt 0.522388 0.181818
vt 0.522388 0.272727
vt 0.522388 0.363636
vt 0.522388 0.454545
vt 0.522388 0.545455
vt 0.522388 0.636364
vt 0.522388 0.727273
vt 0.522388 0.818182
vt 0.507463 1.000000
vt 0.522388 0.909091
vt 0.537313 0.090909
vt 0.522388 0.000000
vt 0.537313 0.181818
vt 0.537313 0.272727
vt 0.537313 0.363636
vt 0.537313 0.454545
vt 0.537313 0.545455
vt 0.537313 0.636364
vt 0.537313 0.727273
vt 0.537313 0.818182
vt 0.522388 1.000000
vt 0.537313 0.909091
vt 0.552239 0.090909
vt 0.537313 0.000000
vt 0.552239 0.181818
vt 0.552239 0.272727
vt 0.552239 0.363636
vt 0.552239 0.454545
vt 0.552239 0.545455
vt 0.552239 0.636364
vt 0.552239 0.727273
vt 0.552239 0.818182
vt 0.537313 1.000000
vt 0.552239 0.909091
vt 0.567164 0.090909
vt 0.552239 0.000000
vt 0.567164 0.181818
vt 0.567164 0.272727
vt 0.567164 0.363636
vt 0.567164 0.454545
vt 0.567164 0.545455
vt 0.567164 0.636364
vt 0.567164 0.727273
vt 0.567164 0.818182
vt 0.552239 1.000000
vt 0.567164 0.909091
vt 0.582090 0.000000
vt 0.567164 0.000000
vt 0.582090 0.090909
vt 0.582090 0.181818
vt 0.582090 0.363636
vt 0.582090 0.545455
vt 0.582090 0.636364
vt 0.582090 0.818182
vt 0.582090 0.909091
vt 0.582090 1.000000
vt 0.567164 1.000000
vt 0.597015 0.000000
vt 0.597015 0.090909
vt 0.582090 0.272727
vt 0.597015 0.181818
vt 0.597015 0.272727
vt 0.582090 0.454545
vt 0.597015 0.363636
vt 0.597015 0.545455
vt 0.597015 0.636364
vt 0.597015 0.727273
vt 0.582090 0.727273
vt 0.597015 0.818182
vt 0.597015 0.909091
vt 0.597015 1.000000
vt 0.611940 0.000000
vt 0.611940 0.090909
vt 0.611940 0.181818
vt 0.611940 0.272727
vt 0.597015 0.454545
vt 0.611940 0.363636
vt 0.611940 0.545455
vt 0.611940 0.636364
vt 0.611940 0.727273
vt 0.611940 0.818182
vt 0.611940 0.909091
vt 0.611940 1.000000
vt 0.626866 0.000000
vt 0.626866 0.090909
vt 0.626866 0.181818
vt 0.626866 0.272727
vt 0.611940 0.454545
vt 0.626866 0.363636
vt 0.626866 0.545455
vt 0.626866 0.636364
vt 0.626866 0.727273
vt 0.626866 0.818182
vt 0.626866 0.909091
vt 0.626866 1.000000
vt 0.641791 0.000000
vt 0.641791 0.090909
vt 0.641791 0.181818
vt 0.641791 0.272727
vt 0.626866 0.454545
vt 0.641791 0.363636
vt 0.641791 0.545455
vt 0.641791 0.636364
vt 0.641791 0.727273
vt 0.641791 0.818182
vt 0.641791 0.909091
vt 0.641791 1.000000
vt 0.656716 0.000000
vt 0.656716 0.090909
vt 0.656716 0.181818
vt 0.656716 0.272727
vt 0.641791 0.454545
vt 0.656716 0.363636
vt 0.656716 0.545455
vt 0.656716 0.636364
vt 0.656716 0.727273
vt 0.656716 0.818182
vt 0.656716 0.909091
vt 0.656716 1.000000
vt 0.671642 0.000000
vt 0.671642 0.090909
vt 0.671642 0.181818
vt 0.671642 0.272727
vt 0.656716 0.454545
vt 0.671642 0.363636
vt 0.671642 0.545455
vt 0.671642 0.636364
vt 0.671642 0.727273
vt 0.671642 0.818182
vt 0.671642 0.909091
vt 0.671642 1.000000
vt 0.686567 0.000000
vt 0.686567 0.090909
vt 0.686567 0.181818
vt 0.686567 0.272727
vt 0.671642 0.454545
vt 0.686567 0.363636
vt 0.686567 0.545455
vt 0.686567 0.636364
vt 0.686567 0.727273
vt 0.686567 0.818182
vt 0.686567 0.909091
vt 0.686567 1.000000
vt 0.701493 0.000000
vt 0.701493 0.090909
vt 0.701493 0.181818
vt 0.701493 0.272727
vt 0.686567 0.454545
vt 0.701493 0.363636
vt 0.701493 0.545455
vt 0.701493 0.636364
vt 0.701493 0.727273
vt 0.701493 0.818182
vt 0.701493 0.909091
vt 0.701493 1.000000
vt 0.716418 0.090909
vt 0.716418 0.181818
vt 0.716418 0.272727
vt 0.716418 0.363636
vt 0.716418 0.454545
vt 0.701493 0.454545
vt 0.716418 0.545455
vt 0.716418 0.636364
vt 0.716418 0.727273
vt 0.716418 0.818182
vt 0.716418 0.909091
vt 0.731343 0.090909
vt 0.716418 0.000000
vt 0.731343 0.181818
vt 0.731343 0.272727
vt 0.731343 0.363636
vt 0.731343 0.454545
vt 0.731343 0.545455
vt 0.731343 0.636364
vt 0.731343 0.727273
vt 0.731343 0.818182
vt 0.716418 1.000000
vt 0.731343 0.909091
vt 0.746269 0.090909
vt 0.731343 0.000000
vt 0.746269 0.181818
vt 0.746269 0.272727
vt 0.746269 0.363636
vt 0.746269 0.454545
vt 0.746269 0.545455
vt 0.746269 0.636364
vt 0.746269 0.727273
vt 0.746269 0.818182
vt 0.731343 1.000000
vt 0.746269 0.909091
vt 0.761194 0.090909
vt 0.746269 0.000000
vt 0.761194 0.181818
vt 0.761194 0.272727
vt 0.761194 0.363636
vt 0.761194 0.454545
vt 0.761194 0.545455
vt 0.761194 0.636364
vt 0.761194 0.727273
vt 0.761194 0.818182
vt 0.746269 1.000000
vt 0.761194 0.909091
vt 0.776119 0.090909
vt 0.761194 0.000000
vt 0.776119 0.181818
vt 0.776119 0.272727
vt 0.776119 0.363636
vt 0.776119 0.454545
vt 0.776119 0.545455
vt 0.776119 0.636364
vt 0.776119 0.727273
vt 0.776119 0.818182
vt 0.761194 1.000000
vt 0.776119 0.909091
vt 0.791045 0.090909
vt 0.776119 0.000000
vt 0.791045 0.181818
vt 0.791045 0.272727
vt 0.791045 0.363636
vt 0.791045 0.454545
vt 0.791045 0.545455
vt 0.791045 0.636364
vt 0.791045 0.727273
vt 0.791045 0.818182
vt 0.776119 1.000000
vt 0.791045 0.909091
vt 0.805970 0.090909
vt 0.791045 0.000000
vt 0.805970 0.181818
vt 0.805970 0.272727
vt 0.805970 0.363636
vt 0.805970 0.454545
vt 0.805970 0.545455
vt 0.805970 0.636364
vt 0.805970 0.727273
vt 0.805970 0.818182
vt 0.791045 1.000000
vt 0.805970 0.909091
vt 0.820895 0.090909
vt 0.805970 0.000000
vt 0.820895 0.181818
vt 0.820895 0.272727
vt 0.820895 0.363636
vt 0.820895 0.454545
vt 0.820895 0.545455
vt 0.820895 0.636364
vt 0.820895 0.727273
vt 0.820895 0.818182
vt 0.805970 1.000000
vt 0.820895 0.909091
vt 0.835821 0.090909
vt 0.820895 0.000000
vt 0.835821 0.181818
vt 0.835821 0.272727
vt 0.835821 0.363636
vt 0.835821 0.454545
vt 0.835821 0.545455
vt 0.835821 0.636364
vt 0.835821 0.727273
vt 0.835821 0.818182
vt 0.820895 1.000000
vt 0.835821 0.909091
vt 0.850746 0.090909
vt 0.835821 0.000000
vt 0.850746 0.181818
vt 0.850746 0.272727
vt 0.850746 0.363636
vt 0.850746 0.454545
vt 0.850746 0.545455
vt 0.850746 0.636364
vt 0.850746 0.727273
vt 0.850746 0.818182
vt 0.835821 1.000000
vt 0.850746 0.909091
vt 0.865672 0.000000
vt 0.850746 0.000000
vt 0.865672 0.090909
vt 0.865672 0.181818
vt 0.865672 0.272727
vt 0.865672 0.363636
vt 0.865672 0.545455
vt 0.865672 0.636364
vt 0.865672 0.727273
vt 0.865672 0.818182
vt 0.865672 0.909091
vt 0.865672 1.000000
vt 0.850746 1.000000
vt 0.880597 0.000000
vt 0.880597 0.090909
vt 0.880597 0.181818
vt 0.880597 0.272727
vt 0.865672 0.454545
vt 0.880597 0.363636
vt 0.880597 0.545455
vt 0.880597 0.636364
vt 0.880597 0.727273
vt 0.880597 0.818182
vt 0.880597 0.909091
vt 0.880597 1.000000
vt 0.895522 0.000000
vt 0.895522 0.090909
vt 0.895522 0.181818
vt 0.895522 0.272727
vt 0.880597 0.454545
vt 0.895522 0.363636
vt 0.895522 0.545455
vt 0.895522 0.636364
vt 0.895522 0.727273
vt 0.895522 0.818182
vt 0.895522 0.909091
vt 0.895522 1.000000
vt 0.910448 0.000000
vt 0.910448 0.090909
vt 0.910448 0.181818
vt 0.910448 0.272727
vt 0.895522 0.454545
vt 0.910448 0.363636
vt 0.910448 0.545455
vt 0.910448 0.636364
vt 0.910448 0.727273
vt 0.910448 0.818182
vt 0.910448 0.909091
vt 0.910448 1.000000
vt 0.925373 0.090909
vt 0.925373 0.181818
vt 0.925373 0.272727
vt 0.925373 0.363636
vt 0.925373 0.454545
vt 0.910448 0.454545
vt 0.925373 0.545455
vt 0.925373 0.636364
vt 0.925373 0.727273
vt 0.925373 0.818182
vt 0.925373 0.909091
vt 0.940298 0.000000
vt 0.925373 0.000000
vt 0.940298 0.090909
vt 0.940298 0.181818
vt 0.940298 0.272727
vt 0.940298 0.363636
vt 0.940298 0.545455
vt 0.940298 0.636364
vt 0.940298 0.727273
vt 0.940298 0.818182
vt 0.940298 0.909091
vt 0.940298 1.000000
vt 0.925373 1.000000
vt 0.955224 0.090909
vt 0.955224 0.181818
vt 0.955224 0.272727
vt 0.955224 0.363636
vt 0.955224 0.454545
vt 0.940298 0.454545
vt 0.955224 0.545455
vt 0.955224 0.636364
vt 0.955224 0.727273
vt 0.955224 0.818182
vt 0.955224 0.909091
vt 0.955224 1.000000
vt 0.970149 0.090909
vt 0.955224 0.000000
vt 0.970149 0.181818
vt 0.970149 0.272727
vt 0.970149 0.363636
vt 0.970149 0.454545
vt 0.970149 0.545455
vt 0.970149 0.636364
vt 0.970149 0.727273
vt 0.970149 0.818182
vt 0.970149 0.909091
vt 0.970149 1.000000
vt 0.985075 0.090909
vt 0.970149 0.000000
vt 0.985075 0.181818
vt 0.985075 0.272727
vt 0.985075 0.363636
vt 0.985075 0.454545
vt 0.985075 0.545455
vt 0.985075 0.636364
vt 0.985075 0.727273
vt 0.985075 0.818182
vt 0.985075 0.909091
vt 0.985075 0.000000
vt 0.985075 1.000000
vt 0.037037 0.090909
vt 0.037037 0.181818
vt 0.037037 0.272727
vt 0.037037 0.363636
vt 0.037037 0.454545
vt 0.037037 0.545455
vt 0.037037 0.636364
vt 0.037037 0.727273
vt 0.037037 0.818182
vt 0.037037 0.909091
vt 0.074074 0.090909
vt 0.037037 0.000000
vt 0.074074 0.181818
vt 0.074074 0.272727
vt 0.074074 0.363636
vt 0.074074 0.454545
vt 0.074074 0.545455
vt 0.074074 0.636364
vt 0.074074 0.727273
vt 0.074074 0.818182
vt 0.037037 1.000000
vt 0.074074 0.909091
vt 0.074074 0.000000
vt 0.074074 1.000000
vt 0.148148 0.090909
vt 0.148148 0.181818
vt 0.148148 0.272727
vt 0.148148 0.363636
vt 0.148148 0.454545
vt 0.148148 0.545455
vt 0.148148 0.636364
vt 0.148148 0.727273
vt 0.148148 0.818182
vt 0.148148 0.909091
vt 0.185185 0.090909
vt 0.148148 0.000000
vt 0.185185 0.181818
vt 0.185185 0.272727
vt 0.185185 0.363636
vt 0.185185 0.454545
vt 0.185185 0.545455
vt 0.185185 0.636364
vt 0.185185 0.727273
vt 0.185185 0.818182
vt 0.148148 1.000000
vt 0.185185 0.909091
vt 0.185185 0.000000
vt 0.185185 1.000000
vt 0.259259 0.000000
vt 0.259259 0.090909
vt 0.259259 0.181818
vt 0.259259 0.272727
vt 0.259259 0.363636
vt 0.259259 0.545455
vt 0.259259 0.636364
vt 0.259259 0.727273
vt 0.259259 0.818182
vt 0.259259 0.909091
vt 0.259259 1.000000
vt 0.296296 0.000000
vt 0.296296 0.090909
vt 0.296296 0.181818
vt 0.296296 0.272727
vt 0.259259 0.454545
vt 0.296296 0.363636
vt 0.296296 0.545455
vt 0.296296 0.636364
vt 0.296296 0.727273
vt 0.296296 0.818182
vt 0.296296 0.909091
vt 0.296296 1.000000
vt 0.296296 0.454545
vt 0.370370 0.000000
vt 0.370370 0.090909
vt 0.370370 0.181818
vt 0.370370 0.272727
vt 0.370370 0.363636
vt 0.370370 0.545455
vt 0.370370 0.636364
vt 0.370370 0.727273
vt 0.370370 0.818182
vt 0.370370 0.909091
vt 0.370370 1.000000
vt 0.407407 0.000000
vt 0.407407 0.090909
vt 0.407407 0.181818
vt 0.407407 0.272727
vt 0.370370 0.454545
vt 0.407407 0.363636
vt 0.407407 0.545455
vt 0.407407 0.636364
vt 0.407407 0.727273
vt 0.407407 0.818182
vt 0.407407 0.909091
vt 0.407407 1.000000
vt 0.407407 0.454545
vt 0.481481 0.090909
vt 0.481481 0.181818
vt 0.481481 0.272727
vt 0.481481 0.363636
vt 0.481481 0.454545
vt 0.481481 0.545455
vt 0.481481 0.636364
vt 0.481481 0.727273
vt 0.481481 0.818182
vt 0.481481 0.909091
vt 0.518519 0.090909
vt 0.481481 0.000000
vt 0.518519 0.181818
vt 0.518519 0.272727
vt 0.518519 0.363636
vt 0.518519 0.454545
vt 0.518519 0.545455
vt 0.518519 0.636364
vt 0.518519 0.727273
vt 0.518519 0.818182
vt 0.481481 1.000000
vt 0.518519 0.909091
vt 0.518519 0.000000
vt 0.518519 1.000000
vt 0.592593 0.090909
vt 0.592593 0.181818
vt 0.592593 0.272727
vt 0.592593 0.363636
vt 0.592593 0.454545
vt 0.592593 0.545455
vt 0.592593 0.636364
vt 0.592593 0.727273
vt 0.592593 0.818182
vt 0.592593 0.909091
vt 0.629630 0.090909
vt 0.592593 0.000000
vt 0.629630 0.181818
vt 0.629630 0.272727
vt 0.629630 0.363636
vt 0.629630 0.454545
vt 0.629630 0.545455
vt 0.629630 0.636364
vt 0.629630 0.727273
vt 0.629630 0.818182
vt 0.592593 1.000000
vt 0.629630 0.909091
vt 0.629630 0.000000
vt 0.629630 1.000000
vt 0.703704 0.000000
vt 0.703704 0.090909
vt 0.703704 0.181818
vt 0.703704 0.272727
vt 0.703704 0.363636
vt 0.703704 0.545455
vt 0.703704 0.636364
vt 0.703704 0.727273
vt 0.703704 0.818182
vt 0.703704 0.909091
vt 0.703704 1.000000
vt 0.740741 0.000000
vt 0.740741 0.090909
vt 0.740741 0.181818
vt 0.740741 0.272727
vt 0.703704 0.454545
vt 0.740741 0.363636
vt 0.740741 0.545455
vt 0.740741 0.636364
vt 0.740741 0.727273
vt 0.740741 0.818182
vt 0.740741 0.909091
vt 0.740741 1.000000
vt 0.740741 0.454545
vt 0.814815 0.000000
vt 0.814815 0.090909
vt 0.814815 0.181818
vt 0.814815 0.272727
vt 0.814815 0.363636
vt 0.814815 0.545455
vt 0.814815 0.636364
vt 0.814815 0.727273
vt 0.814815 0.818182
vt 0.814815 0.909091
vt 0.814815 1.000000
vt 0.851852 0.000000
vt 0.851852 0.090909
vt 0.851852 0.181818
vt 0.851852 0.272727
vt 0.814815 0.454545
vt 0.851852 0.363636
vt 0.851852 0.545455
vt 0.851852 0.636364
vt 0.851852 0.727273
vt 0.851852 0.818182
vt 0.851852 0.909091
vt 0.851852 1.000000
vt 0.851852 0.454545
vt 0.925926 0.090909
vt 0.925926 0.181818
vt 0.925926 0.272727
vt 0.925926 0.363636
vt 0.925926 0.454545
vt 0.925926 0.545455
vt 0.925926 0.636364
vt 0.925926 0.727273
vt 0.925926 0.818182
vt 0.925926 0.909091
vt 0.962963 0.090909
vt 0.925926 0.000000
vt 0.962963 0.181818
vt 0.962963 0.272727
vt 0.962963 0.363636
vt 0.962963 0.454545
vt 0.962963 0.545455
vt 0.962963 0.636364
vt 0.962963 0.727273
vt 0.962963 0.818182
vt 0.962963 0.909091
vt 0.962963 1.000000
vt 0.925926 1.000000
vt 0.962963 0.000000
s 0
f 98/1/1 97/2/1 96/3/1
f 96/3/1 95/4/1 98/1/1
f 98/1/1 95/4/1 94/5/1
f 94/5/1 93/6/1 98/1/1
f 1/7/1 98/1/1 93/6/1
f 93/6/1 92/8/1 1/7/1
f 2/9/1 1/7/1 92/8/1
f 10/10/1 86/11/1 11/12/1
f 9/13/1 87/14/1 86/11/1
f 86/11/1 10/10/1 9/13/1
f 6/15/1 89/16/1 88/17/1
f 7/18/1 6/15/1 88/17/1
f 8/19/1 7/18/1 88/17/1
f 88/17/1 87/14/1 8/19/1
f 87/14/1 9/13/1 8/19/1
f 2/9/1 92/8/1 91/20/1
f 3/21/1 2/9/1 91/20/1
f 4/22/1 3/21/1 91/20/1
f 91/20/1 90/23/1 4/22/1
f 5/24/1 4/22/1 90/23/1
f 90/23/1 89/16/1 5/24/1
f 89/16/1 6/15/1 5/24/1
f 12/25/1 85/26/1 84/27/1
f 83/28/1 14/29/1 84/27/1
f 14/29/1 13/30/1 84/27/1
f 12/25/1 84/27/1 13/30/1
f 82/31/1 81/32/1 16/33/1
f 15/34/1 82/31/1 16/33/1
f 82/31/1 15/34/1 83/28/1
f 14/29/1 83/28/1 15/34/1
f 75/35/1 23/36/1 76/37/1
f 23/36/1 22/38/1 76/37/1
f 77/39/1 76/37/1 22/38/1
f 22/38/1 21/40/1 77/39/1
f 78/41/1 77/39/1 21/40/1
f 21/40/1 20/42/1 78/41/1
f 78/41/1 20/42/1 79/43/1
f 20/42/1 19/44/1 79/43/1
f 80/45/1 79/43/1 19/44/1
f 19/44/1 18/46/1 80/45/1
f 81/32/1 80/45/1 18/46/1
f 18/46/1 17/47/1 81/32/1
f 16/33/1 81/32/1 17/47/1
f 11/12/1 86/11/1 85/26/1
f 85/26/1 12/25/1 11/12/1
f 69/48/1 29/49/1 70/50/1
f 29/49/1 28/51/1 70/50/1
f 71/52/1 70/50/1 28/51/1
f 28/51/1 27/53/1 71/52/1
f 72/54/1 71/52/1 27/53/1
f 26/55/1 72/54/1 27/53/1
f 35/56/1 62/57/1 61/58/1
f 62/57/1 35/56/1 63/59/1
f 34/60/1 63/59/1 35/56/1
f 63/59/1 34/60/1 64/61/1
f 34/60/1 33/62/1 64/61/1
f 65/63/1 64/61/1 33/62/1
f 66/64/1 65/63/1 33/62/1
f 32/65/1 66/64/1 33/62/1
f 66/64/1 32/65/1 67/66/1
f 32/65/1 31/67/1 67/66/1
f 68/68/1 67/66/1 31/67/1
f 31/67/1 30/69/1 68/68/1
f 69/48/1 68/68/1 30/69/1
f 29/49/1 69/48/1 30/69/1
f 36/70/1 60/71/1 37/72/1
f 37/72/1 60/71/1 59/73/1
f 59/73/1 58/74/1 37/72/1
f 58/74/1 38/75/1 37/72/1
f 39/76/1 57/77/1 56/78/1
f 38/75/1 58/74/1 57/77/1
f 57/77/1 39/76/1 38/75/1
f 49/79/1 48/80/1 47/81/1
f 49/79/1 47/81/1 46/82/1
f 51/83/1 50/84/1 43/85/1
f 44/86/1 43/85/1 50/84/1
f 50/84/1 49/79/1 44/86/1
f 45/87/1 44/86/1 49/79/1
f 49/79/1 46/82/1 45/87/1
f 39/76/1 56/78/1 55/88/1
f 40/89/1 39/76/1 55/88/1
f 55/88/1 54/90/1 40/89/1
f 41/91/1 40/89/1 54/90/1
f 54/90/1 53/92/1 41/91/1
f 42/93/1 41/91/1 53/92/1
f 53/92/1 52/94/1 42/93/1
f 52/94/1 51/83/1 42/93/1
f 51/83/1 43/85/1 42/93/1
f 60/71/1 36/70/1 61/58/1
f 35/56/1 61/58/1 36/70/1
f 72/54/1 26/55/1 73/95/1
f 26/55/1 25/96/1 73/95/1
f 74/97/1 73/95/1 25/96/1
f 25/96/1 24/98/1 74/97/1
f 75/35/1 74/97/1 24/98/1
f 23/36/1 75/35/1 24/98/1
f 101/99/1 100/100/1 102/101/1
f 103/102/1 102/101/1 100/100/1
f 100/100/1 104/103/1 103/102/1
f 99/7/1 108/1/1 105/104/1
f 108/1/1 107/105/1 105/104/1
f 106/106/1 105/104/1 107/105/1
f 99/7/1 105/104/1 100/100/1
f 104/103/1 100/100/1 105/104/1
f 172/107/1 171/104/1 173/108/1
f 171/104/1 202/1/1 173/108/1
f 174/109/1 173/108/1 202/1/1
f 168/110/1 176/111/1 169/112/1
f 170/113/1 169/112/1 176/111/1
f 202/1/1 171/104/1 170/113/1
f 170/113/1 176/111/1 202/1/1
f 174/109/1 202/1/1 201/114/1
f 166/115/1 177/116/1 167/117/1
f 166/115/1 165/118/1 178/119/1
f 177/116/1 166/115/1 178/119/1
f 198/120/1 109/7/1 199/121/1
f 175/122/1 199/121/1 109/7/1
f 167/117/1 177/116/1 168/110/1
f 176/111/1 168/110/1 177/116/1
f 199/121/1 175/122/1 200/123/1
f 201/114/1 200/123/1 175/122/1
f 174/109/1 201/114/1 175/122/1
f 181/124/1 180/125/1 132/126/1
f 163/127/1 132/126/1 164/128/1
f 165/118/1 164/128/1 132/126/1
f 178/119/1 165/118/1 132/126/1
f 179/129/1 178/119/1 132/126/1
f 132/126/1 180/125/1 179/129/1
f 196/130/1 111/131/1 197/132/1
f 111/131/1 110/133/1 197/132/1
f 198/120/1 197/132/1 110/133/1
f 109/7/1 198/120/1 110/133/1
f 139/134/1 138/135/1 159/136/1
f 156/137/1 155/138/1 157/139/1
f 155/138/1 154/140/1 157/139/1
f 154/140/1 153/141/1 157/139/1
f 153/141/1 152/142/1 157/139/1
f 152/142/1 151/143/1 157/139/1
f 151/143/1 150/144/1 157/139/1
f 150/144/1 149/145/1 157/139/1
f 149/145/1 148/146/1 157/139/1
f 148/146/1 147/147/1 157/139/1
f 147/147/1 146/148/1 157/139/1
f 146/148/1 145/149/1 157/139/1
f 157/139/1 145/149/1 158/150/1
f 145/149/1 144/151/1 158/150/1
f 144/151/1 143/152/1 158/150/1
f 143/152/1 142/153/1 158/150/1
f 142/153/1 141/154/1 158/150/1
f 141/154/1 140/101/1 158/150/1
f 159/136/1 158/150/1 140/101/1
f 139/134/1 159/136/1 140/101/1
f 159/136/1 138/135/1 160/155/1
f 138/135/1 137/156/1 160/155/1
f 137/156/1 136/157/1 160/155/1
f 161/158/1 160/155/1 136/157/1
f 136/157/1 135/159/1 161/158/1
f 135/159/1 134/160/1 161/158/1
f 162/161/1 161/158/1 134/160/1
f 134/160/1 133/162/1 162/161/1
f 163/127/1 162/161/1 133/162/1
f 132/126/1 163/127/1 133/162/1
f 181/124/1 132/126/1 131/163/1
f 131/163/1 130/164/1 181/124/1
f 182/165/1 181/124/1 130/164/1
f 130/164/1 129/166/1 182/165/1
f 129/166/1 128/167/1 182/165/1
f 183/168/1 182/165/1 128/167/1
f 128/167/1 127/169/1 183/168/1
f 184/170/1 183/168/1 127/169/1
f 127/169/1 126/171/1 184/170/1
f 126/171/1 125/172/1 184/170/1
f 185/173/1 184/170/1 125/172/1
f 125/172/1 124/174/1 185/173/1
f 124/174/1 123/175/1 185/173/1
f 186/176/1 185/173/1 123/175/1
f 123/175/1 122/177/1 186/176/1
f 187/178/1 186/176/1 122/177/1
f 122/177/1 121/179/1 187/178/1
f 121/179/1 120/180/1 187/178/1
f 188/181/1 187/178/1 120/180/1
f 120/180/1 119/182/1 188/181/1
f 189/183/1 188/181/1 119/182/1
f 119/182/1 118/184/1 189/183/1
f 190/185/1 189/183/1 118/184/1
f 118/184/1 117/186/1 190/185/1
f 191/187/1 190/185/1 117/186/1
f 117/186/1 116/188/1 191/187/1
f 192/189/1 191/187/1 116/188/1
f 116/188/1 115/190/1 192/189/1
f 193/191/1 192/189/1 115/190/1
f 115/190/1 114/192/1 193/191/1
f 194/193/1 193/191/1 114/192/1
f 114/192/1 113/194/1 194/193/1
f 195/195/1 194/193/1 113/194/1
f 113/194/1 112/196/1 195/195/1
f 196/130/1 195/195/1 112/196/1
f 111/131/1 196/130/1 112/196/1
f 223/197/1 222/198/1 237/199/1
f 237/199/1 236/200/1 223/197/1
f 236/200/1 235/201/1 223/197/1
f 224/202/1 223/197/1 235/201/1
f 235/201/1 234/203/1 224/202/1
f 234/203/1 233/204/1 224/202/1
f 225/205/1 224/202/1 233/204/1
f 233/204/1 232/206/1 225/205/1
f 232/206/1 231/207/1 225/205/1
f 226/208/1 225/205/1 231/207/1
f 231/207/1 230/209/1 226/208/1
f 230/209/1 229/210/1 226/208/1
f 227/211/1 226/208/1 229/210/1
f 228/212/1 227/211/1 229/210/1
f 248/213/1 216/214/1 249/215/1
f 214/216/1 252/217/1 215/218/1
f 252/217/1 251/219/1 215/218/1
f 250/220/1 215/218/1 251/219/1
f 215/218/1 250/220/1 216/214/1
f 249/215/1 216/214/1 250/220/1
f 216/214/1 248/213/1 217/221/1
f 248/213/1 247/222/1 217/221/1
f 247/222/1 246/223/1 217/221/1
f 218/224/1 217/221/1 246/223/1
f 245/225/1 218/224/1 246/223/1
f 218/224/1 245/225/1 219/226/1
f 245/225/1 244/227/1 219/226/1
f 244/227/1 243/228/1 219/226/1
f 220/229/1 219/226/1 243/228/1
f 243/228/1 242/230/1 220/229/1
f 242/230/1 241/231/1 220/229/1
f 221/232/1 220/229/1 241/231/1
f 241/231/1 240/233/1 221/232/1
f 240/233/1 239/234/1 221/232/1
f 222/198/1 221/232/1 239/234/1
f 239/234/1 238/235/1 222/198/1
f 237/199/1 222/198/1 238/235/1
f 213/236/1 255/237/1 254/238/1
f 257/239/1 256/240/1 212/241/1
f 212/241/1 258/242/1 257/239/1
f 212/241/1 256/240/1 213/236/1
f 255/237/1 213/236/1 256/240/1
f 260/243/1 211/244/1 210/245/1
f 261/246/1 260/243/1 210/245/1
f 262/247/1 261/246/1 210/245/1
f 258/242/1 212/241/1 211/244/1
f 259/248/1 258/242/1 211/244/1
f 211/244/1 260/243/1 259/248/1
f 280/1/1 279/249/1 277/250/1
f 278/251/1 277/250/1 279/249/1
f 269/252/1 268/253/1 206/254/1
f 206/254/1 205/255/1 269/252/1
f 270/256/1 269/252/1 205/255/1
f 271/257/1 270/256/1 205/255/1
f 205/255/1 204/258/1 271/257/1
f 272/259/1 271/257/1 204/258/1
f 273/260/1 272/259/1 204/258/1
f 204/258/1 203/7/1 273/260/1
f 274/261/1 273/260/1 203/7/1
f 275/262/1 274/261/1 203/7/1
f 203/7/1 280/1/1 275/262/1
f 276/263/1 275/262/1 280/1/1
f 280/1/1 277/250/1 276/263/1
f 262/247/1 210/245/1 209/264/1
f 263/265/1 262/247/1 209/264/1
f 264/266/1 263/265/1 209/264/1
f 209/264/1 208/267/1 264/266/1
f 265/268/1 264/266/1 208/267/1
f 266/269/1 265/268/1 208/267/1
f 208/267/1 207/270/1 266/269/1
f 267/271/1 266/269/1 207/270/1
f 207/270/1 206/254/1 267/271/1
f 206/254/1 268/253/1 267/271/1
f 213/236/1 254/238/1 214/216/1
f 254/238/1 253/272/1 214/216/1
f 252/217/1 214/216/1 253/272/1
f 286/242/1 285/222/1 284/200/1
f 288/1/1 287/252/1 281/7/1
f 284/200/1 283/205/1 282/216/1
f 282/216/1 281/7/1 284/200/1
f 281/7/1 287/252/1 284/200/1
f 286/242/1 284/200/1 287/252/1
f 295/273/1 294/274/1 293/275/1
f 297/1/1 290/276/1 289/7/1
f 290/276/1 297/1/1 296/277/1
f 291/278/1 290/276/1 292/279/1
f 293/275/1 292/279/1 290/276/1
f 290/276/1 296/277/1 293/275/1
f 295/273/1 293/275/1 296/277/1
f 303/280/1 314/1/1 304/279/1
f 314/1/1 303/280/1 306/275/1
f 307/281/1 306/275/1 303/280/1
f 308/274/1 307/281/1 303/280/1
f 303/280/1 304/279/1 308/274/1
f 309/282/1 301/283/1 299/284/1
f 312/277/1 311/285/1 300/276/1
f 310/273/1 300/276/1 311/285/1
f 312/277/1 300/276/1 298/7/1
f 300/276/1 310/273/1 299/284/1
f 309/282/1 299/284/1 310/273/1
f 301/283/1 309/282/1 302/278/1
f 304/279/1 302/278/1 309/282/1
f 308/274/1 304/279/1 309/282/1
f 299/284/1 301/283/1 313/286/1
f 300/276/1 299/284/1 313/286/1
f 298/7/1 300/276/1 313/286/1
f 302/278/1 304/279/1 314/1/1
f 306/275/1 305/287/1 314/1/1
f 323/248/1 320/235/1 319/207/1
f 324/269/1 323/248/1 319/207/1
f 319/207/1 316/245/1 324/269/1
f 316/245/1 315/7/1 324/269/1
f 320/235/1 323/248/1 322/217/1
f 322/217/1 321/225/1 320/235/1
f 316/245/1 319/207/1 318/202/1
f 318/202/1 317/221/1 316/245/1
f 326/1/1 325/260/1 315/7/1
f 324/269/1 315/7/1 325/260/1
f 329/99/1 328/100/1 330/101/1
f 331/102/1 330/101/1 328/100/1
f 328/100/1 332/103/1 331/102/1
f 327/7/1 336/1/1 333/104/1
f 336/1/1 335/105/1 333/104/1
f 334/106/1 333/104/1 335/105/1
f 327/7/1 333/104/1 328/100/1
f 332/103/1 328/100/1 333/104/1
f 345/248/1 342/235/1 341/207/1
f 346/269/1 345/248/1 341/207/1
f 341/207/1 338/245/1 346/269/1
f 338/245/1 337/7/1 346/269/1
f 342/235/1 345/248/1 344/217/1
f 344/217/1 343/225/1 342/235/1
f 338/245/1 341/207/1 340/202/1
f 340/202/1 339/221/1 338/245/1
f 348/1/1 347/260/1 337/7/1
f 346/269/1 337/7/1 347/260/1
f 446/1/1 445/2/1 444/3/1
f 444/3/1 443/4/1 446/1/1
f 446/1/1 443/4/1 442/5/1
f 442/5/1 441/6/1 446/1/1
f 349/7/1 446/1/1 441/6/1
f 441/6/1 440/8/1 349/7/1
f 350/9/1 349/7/1 440/8/1
f 358/10/1 434/11/1 359/12/1
f 357/13/1 435/14/1 434/11/1
f 434/11/1 358/10/1 357/13/1
f 354/15/1 437/16/1 436/17/1
f 355/18/1 354/15/1 436/17/1
f 356/19/1 355/18/1 436/17/1
f 436/17/1 435/14/1 356/19/1
f 435/14/1 357/13/1 356/19/1
f 350/9/1 440/8/1 439/20/1
f 351/21/1 350/9/1 439/20/1
f 352/22/1 351/21/1 439/20/1
f 439/20/1 438/23/1 352/22/1
f 353/24/1 352/22/1 438/23/1
f 438/23/1 437/16/1 353/24/1
f 437/16/1 354/15/1 353/24/1
f 360/25/1 433/26/1 432/27/1
f 431/28/1 362/29/1 432/27/1
f 362/29/1 361/30/1 432/27/1
f 360/25/1 432/27/1 361/30/1
f 430/31/1 429/32/1 364/33/1
f 363/34/1 430/31/1 364/33/1
f 430/31/1 363/34/1 431/28/1
f 362/29/1 431/28/1 363/34/1
f 423/35/1 371/36/1 424/37/1
f 371/36/1 370/38/1 424/37/1
f 425/39/1 424/37/1 370/38/1
f 370/38/1 369/40/1 425/39/1
f 426/41/1 425/39/1 369/40/1
f 369/40/1 368/42/1 426/41/1
f 426/41/1 368/42/1 427/43/1
f 368/42/1 367/44/1 427/43/1
f 428/45/1 427/43/1 367/44/1
f 367/44/1 366/46/1 428/45/1
f 429/32/1 428/45/1 366/46/1
f 366/46/1 365/47/1 429/32/1
f 364/33/1 429/32/1 365/47/1
f 359/12/1 434/11/1 433/26/1
f 433/26/1 360/25/1 359/12/1
f 417/48/1 377/49/1 418/50/1
f 377/49/1 376/51/1 418/50/1
f 419/52/1 418/50/1 376/51/1
f 376/51/1 375/53/1 419/52/1
f 420/54/1 419/52/1 375/53/1
f 374/55/1 420/54/1 375/53/1
f 383/56/1 410/57/1 409/58/1
f 410/57/1 383/56/1 411/59/1
f 382/60/1 411/59/1 383/56/1
f 411/59/1 382/60/1 412/61/1
f 382/60/1 381/62/1 412/61/1
f 413/63/1 412/61/1 381/62/1
f 414/64/1 413/63/1 381/62/1
f 380/65/1 414/64/1 381/62/1
f 414/64/1 380/65/1 415/66/1
f 380/65/1 379/67/1 415/66/1
f 416/68/1 415/66/1 379/67/1
f 379/67/1 378/69/1 416/68/1
f 417/48/1 416/68/1 378/69/1
f 377/49/1 417/48/1 378/69/1
f 384/70/1 408/71/1 385/72/1
f 385/72/1 408/71/1 407/73/1
f 407/73/1 406/74/1 385/72/1
f 406/74/1 386/75/1 385/72/1
f 387/76/1 405/77/1 404/78/1
f 386/75/1 406/74/1 405/77/1
f 405/77/1 387/76/1 386/75/1
f 397/79/1 396/80/1 395/81/1
f 397/79/1 395/81/1 394/82/1
f 399/83/1 398/84/1 391/85/1
f 392/86/1 391/85/1 398/84/1
f 398/84/1 397/79/1 392/86/1
f 393/87/1 392/86/1 397/79/1
f 397/79/1 394/82/1 393/87/1
f 387/76/1 404/78/1 403/88/1
f 388/89/1 387/76/1 403/88/1
f 403/88/1 402/90/1 388/89/1
f 389/91/1 388/89/1 402/90/1
f 402/90/1 401/92/1 389/91/1
f 390/93/1 389/91/1 401/92/1
f 401/92/1 400/94/1 390/93/1
f 400/94/1 399/83/1 390/93/1
f 399/83/1 391/85/1 390/93/1
f 408/71/1 384/70/1 409/58/1
f 383/56/1 409/58/1 384/70/1
f 420/54/1 374/55/1 421/95/1
f 374/55/1 373/96/1 421/95/1
f 422/97/1 421/95/1 373/96/1
f 373/96/1 372/98/1 422/97/1
f 423/35/1 422/97/1 372/98/1
f 371/36/1 423/35/1 372/98/1
f 544/1/2 542/3/2 543/2/2
f 542/3/2 544/1/2 541/4/2
f 544/1/2 540/5/2 541/4/2
f 540/5/2 544/1/2 539/6/2
f 447/7/2 539/6/2 544/1/2
f 539/6/2 447/7/2 538/8/2
f 448/9/2 538/8/2 447/7/2
f 456/10/2 457/12/2 532/11/2
f 455/13/2 532/11/2 533/14/2
f 532/11/2 455/13/2 456/10/2
f 452/15/2 534/17/2 535/16/2
f 453/18/2 534/17/2 452/15/2
f 454/19/2 534/17/2 453/18/2
f 534/17/2 454/19/2 533/14/2
f 533/14/2 454/19/2 455/13/2
f 448/9/2 537/20/2 538/8/2
f 449/21/2 537/20/2 448/9/2
f 450/22/2 537/20/2 449/21/2
f 537/20/2 450/22/2 536/23/2
f 451/24/2 536/23/2 450/22/2
f 536/23/2 451/24/2 535/16/2
f 535/16/2 451/24/2 452/15/2
f 458/25/2 530/27/2 531/26/2
f 529/28/2 530/27/2 460/29/2
f 460/29/2 530/27/2 459/30/2
f 458/25/2 459/30/2 530/27/2
f 528/31/2 462/33/2 527/32/2
f 461/34/2 462/33/2 528/31/2
f 528/31/2 529/28/2 461/34/2
f 460/29/2 461/34/2 529/28/2
f 521/35/2 522/37/2 469/36/2
f 469/36/2 522/37/2 468/38/2
f 523/39/2 468/38/2 522/37/2
f 468/38/2 523/39/2 467/40/2
f 524/41/2 467/40/2 523/39/2
f 467/40/2 524/41/2 466/42/2
f 524/41/2 525/43/2 466/42/2
f 466/42/2 525/43/2 465/44/2
f 526/45/2 465/44/2 525/43/2
f 465/44/2 526/45/2 464/46/2
f 527/32/2 464/46/2 526/45/2
f 464/46/2 527/32/2 463/47/2
f 462/33/2 463/47/2 527/32/2
f 457/12/2 531/26/2 532/11/2
f 531/26/2 457/12/2 458/25/2
f 515/48/2 516/50/2 475/49/2
f 475/49/2 516/50/2 474/51/2
f 517/52/2 474/51/2 516/50/2
f 474/51/2 517/52/2 473/53/2
f 518/54/2 473/53/2 517/52/2
f 472/55/2 473/53/2 518/54/2
f 481/56/2 507/58/2 508/57/2
f 508/57/2 509/59/2 481/56/2
f 480/60/2 481/56/2 509/59/2
f 509/59/2 510/61/2 480/60/2
f 480/60/2 510/61/2 479/62/2
f 511/63/2 479/62/2 510/61/2
f 512/64/2 479/62/2 511/63/2
f 478/65/2 479/62/2 512/64/2
f 512/64/2 513/66/2 478/65/2
f 478/65/2 513/66/2 477/67/2
f 514/68/2 477/67/2 513/66/2
f 477/67/2 514/68/2 476/69/2
f 515/48/2 476/69/2 514/68/2
f 475/49/2 476/69/2 515/48/2
f 482/70/2 483/72/2 506/71/2
f 483/72/2 505/73/2 506/71/2
f 505/73/2 483/72/2 504/74/2
f 504/74/2 483/72/2 484/75/2
f 485/76/2 502/78/2 503/77/2
f 484/75/2 503/77/2 504/74/2
f 503/77/2 484/75/2 485/76/2
f 495/79/2 493/81/2 494/80/2
f 495/79/2 492/82/2 493/81/2
f 497/83/2 489/85/2 496/84/2
f 490/86/2 496/84/2 489/85/2
f 496/84/2 490/86/2 495/79/2
f 491/87/2 495/79/2 490/86/2
f 495/79/2 491/87/2 492/82/2
f 485/76/2 501/88/2 502/78/2
f 486/89/2 501/88/2 485/76/2
f 501/88/2 486/89/2 500/90/2
f 487/91/2 500/90/2 486/89/2
f 500/90/2 487/91/2 499/92/2
f 488/93/2 499/92/2 487/91/2
f 499/92/2 488/93/2 498/94/2
f 498/94/2 488/93/2 497/83/2
f 497/83/2 488/93/2 489/85/2
f 506/71/2 507/58/2 482/70/2
f 481/56/2 482/70/2 507/58/2
f 518/54/2 519/95/2 472/55/2
f 472/55/2 519/95/2 471/96/2
f 520/97/2 471/96/2 519/95/2
f 471/96/2 520/97/2 470/98/2
f 521/35/2 470/98/2 520/97/2
f 469/36/2 470/98/2 521/35/2
f 547/99/2 548/101/2 546/100/2
f 549/102/2 546/100/2 548/101/2
f 546/100/2 549/102/2 550/103/2
f 545/7/2 551/104/2 554/1/2
f 554/1/2 551/104/2 553/105/2
f 552/106/2 553/105/2 551/104/2
f 545/7/2 546/100/2 551/104/2
f 550/103/2 551/104/2 546/100/2
f 618/107/2 619/108/2 617/104/2
f 617/104/2 619/108/2 648/1/2
f 620/109/2 648/1/2 619/108/2
f 614/110/2 615/112/2 622/111/2
f 616/113/2 622/111/2 615/112/2
f 648/1/2 616/113/2 617/104/2
f 616/113/2 648/1/2 622/111/2
f 620/109/2 647/114/2 648/1/2
f 612/115/2 613/117/2 623/116/2
f 612/115/2 624/119/2 611/118/2
f 623/116/2 624/119/2 612/115/2
f 644/120/2 645/121/2 555/7/2
f 621/122/2 555/7/2 645/121/2
f 613/117/2 614/110/2 623/116/2
f 622/111/2 623/116/2 614/110/2
f 645/121/2 646/123/2 621/122/2
f 647/114/2 621/122/2 646/123/2
f 620/109/2 621/122/2 647/114/2
f 627/124/2 578/126/2 626/125/2
f 609/127/2 610/128/2 578/126/2
f 611/118/2 578/126/2 610/128/2
f 624/119/2 578/126/2 611/118/2
f 625/129/2 578/126/2 624/119/2
f 578/126/2 625/129/2 626/125/2
f 642/130/2 643/132/2 557/131/2
f 557/131/2 643/132/2 556/133/2
f 644/120/2 556/133/2 643/132/2
f 555/7/2 556/133/2 644/120/2
f 585/134/2 605/136/2 584/135/2
f 602/137/2 603/139/2 601/138/2
f 601/138/2 603/139/2 600/140/2
f 600/140/2 603/139/2 599/141/2
f 599/141/2 603/139/2 598/142/2
f 598/142/2 603/139/2 597/143/2
f 597/143/2 603/139/2 596/144/2
f 596/144/2 603/139/2 595/145/2
f 595/145/2 603/139/2 594/146/2
f 594/146/2 603/139/2 593/147/2
f 593/147/2 603/139/2 592/148/2
f 592/148/2 603/139/2 591/149/2
f 603/139/2 604/150/2 591/149/2
f 591/149/2 604/150/2 590/151/2
f 590/151/2 604/150/2 589/152/2
f 589/152/2 604/150/2 588/153/2
f 588/153/2 604/150/2 587/154/2
f 587/154/2 604/150/2 586/101/2
f 605/136/2 586/101/2 604/150/2
f 585/134/2 586/101/2 605/136/2
f 605/136/2 606/155/2 584/135/2
f 584/135/2 606/155/2 583/156/2
f 583/156/2 606/155/2 582/157/2
f 607/158/2 582/157/2 606/155/2
f 582/157/2 607/158/2 581/159/2
f 581/159/2 607/158/2 580/160/2
f 608/161/2 580/160/2 607/158/2
f 580/160/2 608/161/2 579/162/2
f 609/127/2 579/162/2 608/161/2
f 578/126/2 579/162/2 609/127/2
f 627/124/2 577/163/2 578/126/2
f 577/163/2 627/124/2 576/164/2
f 628/165/2 576/164/2 627/124/2
f 576/164/2 628/165/2 575/166/2
f 575/166/2 628/165/2 574/167/2
f 629/168/2 574/167/2 628/165/2
f 574/167/2 629/168/2 573/169/2
f 630/170/2 573/169/2 629/168/2
f 573/169/2 630/170/2 572/171/2
f 572/171/2 630/170/2 571/172/2
f 631/173/2 571/172/2 630/170/2
f 571/172/2 631/173/2 570/174/2
f 570/174/2 631/173/2 569/175/2
f 632/176/2 569/175/2 631/173/2
f 569/175/2 632/176/2 568/177/2
f 633/178/2 568/177/2 632/176/2
f 568/177/2 633/178/2 567/179/2
f 567/179/2 633/178/2 566/180/2
f 634/181/2 566/180/2 633/178/2
f 566/180/2 634/181/2 565/182/2
f 635/183/2 565/182/2 634/181/2
f 565/182/2 635/183/2 564/184/2
f 636/185/2 564/184/2 635/183/2
f 564/184/2 636/185/2 563/186/2
f 637/187/2 563/186/2 636/185/2
f 563/186/2 637/187/2 562/188/2
f 638/189/2 562/188/2 637/187/2
f 562/188/2 638/189/2 561/190/2
f 639/191/2 561/190/2 638/189/2
f 561/190/2 639/191/2 560/192/2
f 640/193/2 560/192/2 639/191/2
f 560/192/2 640/193/2 559/194/2
f 641/195/2 559/194/2 640/193/2
f 559/194/2 641/195/2 558/196/2
f 642/130/2 558/196/2 641/195/2
f 557/131/2 558/196/2 642/130/2
f 669/197/2 683/199/2 668/198/2
f 683/199/2 669/197/2 682/200/2
f 682/200/2 669/197/2 681/201/2
f 670/202/2 681/201/2 669/197/2
f 681/201/2 670/202/2 680/203/2
f 680/203/2 670/202/2 679/204/2
f 671/205/2 679/204/2 670/202/2
f 679/204/2 671/205/2 678/206/2
f 678/206/2 671/205/2 677/207/2
f 672/208/2 677/207/2 671/205/2
f 677/207/2 672/208/2 676/209/2
f 676/209/2 672/208/2 675/210/2
f 673/211/2 675/210/2 672/208/2
f 674/212/2 675/210/2 673/211/2
f 694/213/2 695/215/2 662/214/2
f 660/216/2 661/218/2 698/217/2
f 698/217/2 661/218/2 697/219/2
f 696/220/2 697/219/2 661/218/2
f 661/218/2 662/214/2 696/220/2
f 695/215/2 696/220/2 662/214/2
f 662/214/2 663/221/2 694/213/2
f 694/213/2 663/221/2 693/222/2
f 693/222/2 663/221/2 692/223/2
f 664/224/2 692/223/2 663/221/2
f 691/225/2 692/223/2 664/224/2
f 664/224/2 665/226/2 691/225/2
f 691/225/2 665/226/2 690/227/2
f 690/227/2 665/226/2 689/228/2
f 666/229/2 689/228/2 665/226/2
f 689/228/2 666/229/2 688/230/2
f 688/230/2 666/229/2 687/231/2
f 667/232/2 687/231/2 666/229/2
f 687/231/2 667/232/2 686/233/2
f 686/233/2 667/232/2 685/234/2
f 668/198/2 685/234/2 667/232/2
f 685/234/2 668/198/2 684/235/2
f 683/199/2 684/235/2 668/198/2
f 659/236/2 700/238/2 701/237/2
f 703/239/2 658/241/2 702/240/2
f 658/241/2 703/239/2 704/242/2
f 658/241/2 659/236/2 702/240/2
f 701/237/2 702/240/2 659/236/2
f 706/243/2 656/245/2 657/244/2
f 707/246/2 656/245/2 706/243/2
f 708/247/2 656/245/2 707/246/2
f 704/242/2 657/244/2 658/241/2
f 705/248/2 657/244/2 704/242/2
f 657/244/2 705/248/2 706/243/2
f 726/1/2 723/250/2 725/249/2
f 724/251/2 725/249/2 723/250/2
f 715/252/2 652/254/2 714/253/2
f 652/254/2 715/252/2 651/255/2
f 716/256/2 651/255/2 715/252/2
f 717/257/2 651/255/2 716/256/2
f 651/255/2 717/257/2 650/258/2
f 718/259/2 650/258/2 717/257/2
f 719/260/2 650/258/2 718/259/2
f 650/258/2 719/260/2 649/7/2
f 720/261/2 649/7/2 719/260/2
f 721/262/2 649/7/2 720/261/2
f 649/7/2 721/262/2 726/1/2
f 722/263/2 726/1/2 721/262/2
f 726/1/2 722/263/2 723/250/2
f 708/247/2 655/264/2 656/245/2
f 709/265/2 655/264/2 708/247/2
f 710/266/2 655/264/2 709/265/2
f 655/264/2 710/266/2 654/267/2
f 711/268/2 654/267/2 710/266/2
f 712/269/2 654/267/2 711/268/2
f 654/267/2 712/269/2 653/270/2
f 713/271/2 653/270/2 712/269/2
f 653/270/2 713/271/2 652/254/2
f 652/254/2 713/271/2 714/253/2
f 659/236/2 660/216/2 700/238/2
f 700/238/2 660/216/2 699/272/2
f 698/217/2 699/272/2 660/216/2
f 732/242/2 730/200/2 731/222/2
f 734/1/2 727/7/2 733/252/2
f 730/200/2 728/216/2 729/205/2
f 728/216/2 730/200/2 727/7/2
f 727/7/2 730/200/2 733/252/2
f 732/242/2 733/252/2 730/200/2
f 741/273/2 739/275/2 740/274/2
f 743/1/2 735/7/2 736/276/2
f 736/276/2 742/277/2 743/1/2
f 737/278/2 738/279/2 736/276/2
f 739/275/2 736/276/2 738/279/2
f 736/276/2 739/275/2 742/277/2
f 741/273/2 742/277/2 739/275/2
f 749/280/2 750/279/2 760/1/2
f 760/1/2 752/275/2 749/280/2
f 753/281/2 749/280/2 752/275/2
f 754/274/2 749/280/2 753/281/2
f 749/280/2 754/274/2 750/279/2
f 755/282/2 745/284/2 747/283/2
f 758/277/2 746/276/2 757/285/2
f 756/273/2 757/285/2 746/276/2
f 758/277/2 744/7/2 746/276/2
f 746/276/2 745/284/2 756/273/2
f 755/282/2 756/273/2 745/284/2
f 747/283/2 748/278/2 755/282/2
f 750/279/2 755/282/2 748/278/2
f 754/274/2 755/282/2 750/279/2
f 745/284/2 759/286/2 747/283/2
f 746/276/2 759/286/2 745/284/2
f 744/7/2 759/286/2 746/276/2
f 748/278/2 760/1/2 750/279/2
f 752/275/2 760/1/2 751/287/2
f 769/248/2 765/207/2 766/235/2
f 770/269/2 765/207/2 769/248/2
f 765/207/2 770/269/2 762/245/2
f 762/245/2 770/269/2 761/7/2
f 766/235/2 768/217/2 769/248/2
f 768/217/2 766/235/2 767/225/2
f 762/245/2 764/202/2 765/207/2
f 764/202/2 762/245/2 763/221/2
f 772/1/2 761/7/2 771/260/2
f 770/269/2 771/260/2 761/7/2
f 775/99/2 776/101/2 774/100/2
f 777/102/2 774/100/2 776/101/2
f 774/100/2 777/102/2 778/103/2
f 773/7/2 779/104/2 782/1/2
f 782/1/2 779/104/2 781/105/2
f 780/106/2 781/105/2 779/104/2
f 773/7/2 774/100/2 779/104/2
f 778/103/2 779/104/2 774/100/2
f 791/248/2 787/207/2 788/235/2
f 792/269/2 787/207/2 791/248/2
f 787/207/2 792/269/2 784/245/2
f 784/245/2 792/269/2 783/7/2
f 788/235/2 790/217/2 791/248/2
f 790/217/2 788/235/2 789/225/2
f 784/245/2 786/202/2 787/207/2
f 786/202/2 784/245/2 785/221/2
f 794/1/2 783/7/2 793/260/2
f 792/269/2 793/260/2 783/7/2
f 892/1/2 890/3/2 891/2/2
f 890/3/2 892/1/2 889/4/2
f 892/1/2 888/5/2 889/4/2
f 888/5/2 892/1/2 887/6/2
f 795/7/2 887/6/2 892/1/2
f 887/6/2 795/7/2 886/8/2
f 796/9/2 886/8/2 795/7/2
f 804/10/2 805/12/2 880/11/2
f 803/13/2 880/11/2 881/14/2
f 880/11/2 803/13/2 804/10/2
f 800/15/2 882/17/2 883/16/2
f 801/18/2 882/17/2 800/15/2
f 802/19/2 882/17/2 801/18/2
f 882/17/2 802/19/2 881/14/2
f 881/14/2 802/19/2 803/13/2
f 796/9/2 885/20/2 886/8/2
f 797/21/2 885/20/2 796/9/2
f 798/22/2 885/20/2 797/21/2
f 885/20/2 798/22/2 884/23/2
f 799/24/2 884/23/2 798/22/2
f 884/23/2 799/24/2 883/16/2
f 883/16/2 799/24/2 800/15/2
f 806/25/2 878/27/2 879/26/2
f 877/28/2 878/27/2 808/29/2
f 808/29/2 878/27/2 807/30/2
f 806/25/2 807/30/2 878/27/2
f 876/31/2 810/33/2 875/32/2
f 809/34/2 810/33/2 876/31/2
f 876/31/2 877/28/2 809/34/2
f 808/29/2 809/34/2 877/28/2
f 869/35/2 870/37/2 817/36/2
f 817/36/2 870/37/2 816/38/2
f 871/39/2 816/38/2 870/37/2
f 816/38/2 871/39/2 815/40/2
f 872/41/2 815/40/2 871/39/2
f 815/40/2 872/41/2 814/42/2
f 872/41/2 873/43/2 814/42/2
f 814/42/2 873/43/2 813/44/2
f 874/45/2 813/44/2 873/43/2
f 813/44/2 874/45/2 812/46/2
f 875/32/2 812/46/2 874/45/2
f 812/46/2 875/32/2 811/47/2
f 810/33/2 811/47/2 875/32/2
f 805/12/2 879/26/2 880/11/2
f 879/26/2 805/12/2 806/25/2
f 863/48/2 864/50/2 823/49/2
f 823/49/2 864/50/2 822/51/2
f 865/52/2 822/51/2 864/50/2
f 822/51/2 865/52/2 821/53/2
f 866/54/2 821/53/2 865/52/2
f 820/55/2 821/53/2 866/54/2
f 829/56/2 855/58/2 856/57/2
f 856/57/2 857/59/2 829/56/2
f 828/60/2 829/56/2 857/59/2
f 857/59/2 858/61/2 828/60/2
f 828/60/2 858/61/2 827/62/2
f 859/63/2 827/62/2 858/61/2
f 860/64/2 827/62/2 859/63/2
f 826/65/2 827/62/2 860/64/2
f 860/64/2 861/66/2 826/65/2
f 826/65/2 861/66/2 825/67/2
f 862/68/2 825/67/2 861/66/2
f 825/67/2 862/68/2 824/69/2
f 863/48/2 824/69/2 862/68/2
f 823/49/2 824/69/2 863/48/2
f 830/70/2 831/72/2 854/71/2
f 831/72/2 853/73/2 854/71/2
f 853/73/2 831/72/2 852/74/2
f 852/74/2 831/72/2 832/75/2
f 833/76/2 850/78/2 851/77/2
f 832/75/2 851/77/2 852/74/2
f 851/77/2 832/75/2 833/76/2
f 843/79/2 841/81/2 842/80/2
f 843/79/2 840/82/2 841/81/2
f 845/83/2 837/85/2 844/84/2
f 838/86/2 844/84/2 837/85/2
f 844/84/2 838/86/2 843/79/2
f 839/87/2 843/79/2 838/86/2
f 843/79/2 839/87/2 840/82/2
f 833/76/2 849/88/2 850/78/2
f 834/89/2 849/88/2 833/76/2
f 849/88/2 834/89/2 848/90/2
f 835/91/2 848/90/2 834/89/2
f 848/90/2 835/91/2 847/92/2
f 836/93/2 847/92/2 835/91/2
f 847/92/2 836/93/2 846/94/2
f 846/94/2 836/93/2 845/83/2
f 845/83/2 836/93/2 837/85/2
f 854/71/2 855/58/2 830/70/2
f 829/56/2 830/70/2 855/58/2
f 866/54/2 867/95/2 820/55/2
f 820/55/2 867/95/2 819/96/2
f 868/97/2 819/96/2 867/95/2
f 819/96/2 868/97/2 818/98/2
f 869/35/2 818/98/2 868/97/2
f 817/36/2 818/98/2 869/35/2
s 1
f 894/288/3 905/289/4 893/7/5
f 895/290/6 906/291/7 894/288/3
f 896/292/8 907/293/9 895/290/6
f 897/294/10 908/295/11 896/292/8
f 898/296/12 909/297/13 897/294/10
f 911/298/14 898/296/12 899/299/15
f 912/300/16 899/299/15 900/301/17
f 913/302/18 900/301/17 901/303/19
f 914/304/20 901/303/19 902/305/21
f 915/306/22 902/305/21 903/307/23
f 916/308/24 903/307/23 904/309/25
f 906/291/7 917/310/26 905/289/4
f 907/293/9 918/311/27 906/291/7
f 908/295/11 919/312/28 907/293/9
f 909/297/13 920/313/29 908/295/11
f 910/314/30 921/315/31 909/297/13
f 923/316/32 910/314/30 911/298/14
f 924/317/33 911/298/14 912/300/16
f 925/318/34 912/300/16 913/302/18
f 926/319/35 913/302/18 914/304/20
f 927/320/36 914/304/20 915/306/22
f 928/321/37 915/306/22 916/308/24
f 918/311/27 929/322/38 917/310/26
f 919/312/28 930/323/39 918/311/27
f 920/313/29 931/324/40 919/312/28
f 921/315/31 932/325/41 920/313/29
f 922/326/42 933/327/43 921/315/31
f 935/328/44 922/326/42 923/316/32
f 936/329/45 923/316/32 924/317/33
f 937/330/46 924/317/33 925/318/34
f 938/331/47 925/318/34 926/319/35
f 939/332/48 926/319/35 927/320/36
f 940/333/49 927/320/36 928/321/37
f 930/323/39 941/334/50 929/322/38
f 931/324/40 942/335/51 930/323/39
f 932/325/41 943/336/52 931/324/40
f 933/327/43 944/337/53 932/325/41
f 934/338/54 945/339/55 933/327/43
f 947/340/56 934/338/54 935/328/44
f 948/341/57 935/328/44 936/329/45
f 949/342/58 936/329/45 937/330/46
f 950/343/59 937/330/46 938/331/47
f 951/344/60 938/331/47 939/332/48
f 952/345/61 939/332/48 940/333/49
f 942/335/51 953/346/62 941/334/50
f 943/336/52 954/347/63 942/335/51
f 944/337/53 955/348/64 943/336/52
f 945/339/55 956/349/65 944/337/53
f 946/350/66 957/351/67 945/339/55
f 959/352/68 946/350/66 947/340/56
f 960/353/69 947/340/56 948/341/57
f 961/354/70 948/341/57 949/342/58
f 962/355/71 949/342/58 950/343/59
f 963/356/72 950/343/59 951/344/60
f 964/357/73 951/344/60 952/345/61
f 954/347/63 965/358/74 953/346/62
f 955/348/64 966/359/75 954/347/63
f 956/349/65 967/360/76 955/348/64
f 957/351/67 968/361/77 956/349/65
f 958/362/78 969/363/79 957/351/67
f 971/364/80 958/362/78 959/352/68
f 972/365/81 959/352/68 960/353/69
f 973/366/82 960/353/69 961/354/70
f 974/367/83 961/354/70 962/355/71
f 975/368/84 962/355/71 963/356/72
f 976/369/85 963/356/72 964/357/73
f 966/359/75 977/370/86 965/358/74
f 967/360/76 978/371/87 966/359/75
f 968/361/77 979/372/88 967/360/76
f 969/363/79 980/373/89 968/361/77
f 970/374/90 981/375/91 969/363/79
f 983/376/92 970/374/90 971/364/80
f 984/377/93 971/364/80 972/365/81
f 985/378/94 972/365/81 973/366/82
f 986/379/95 973/366/82 974/367/83
f 987/380/96 974/367/83 975/368/84
f 988/381/97 975/368/84 976/369/85
f 978/371/87 989/382/98 977/370/86
f 979/372/88 990/383/99 978/371/87
f 980/373/89 991/384/100 979/372/88
f 981/375/91 992/385/101 980/373/89
f 982/386/102 993/387/103 981/375/91
f 995/388/104 982/386/102 983/376/92
f 996/389/105 983/376/92 984/377/93
f 997/390/106 984/377/93 985/378/94
f 998/391/107 985/378/94 986/379/95
f 999/392/108 986/379/95 987/380/96
f 1000/393/109 987/380/96 988/381/97
f 990/383/99 1001/394/110 989/382/98
f 991/384/100 1002/395/111 990/383/99
f 992/385/101 1003/396/112 991/384/100
f 993/387/103 1004/397/113 992/385/101
f 994/398/114 1005/399/115 993/387/103
f 1007/400/116 994/398/114 995/388/104
f 1008/401/117 995/388/104 996/389/105
f 1009/402/118 996/389/105 997/390/106
f 1010/403/119 997/390/106 998/391/107
f 1011/404/120 998/391/107 999/392/108
f 1012/405/121 999/392/108 1000/393/109
f 1002/395/111 1013/406/122 1001/394/110
f 1003/396/112 1014/407/123 1002/395/111
f 1004/397/113 1015/408/124 1003/396/112
f 1005/399/115 1016/409/125 1004/397/113
f 1006/410/126 1017/411/127 1005/399/115
f 1019/412/128 1006/410/126 1007/400/116
f 1020/413/129 1007/400/116 1008/401/117
f 1021/414/130 1008/401/117 1009/402/118
f 1022/415/131 1009/402/118 1010/403/119
f 1023/416/132 1010/403/119 1011/404/120
f 1024/417/133 1011/404/120 1012/405/121
f 1026/418/134 1013/406/122 1014/407/123
f 1027/419/135 1014/407/123 1015/408/124
f 1028/420/136 1015/408/124 1016/409/125
f 1029/421/137 1016/409/125 1017/411/127
f 1030/422/138 1017/411/127 1018/423/139
f 1031/424/140 1018/423/139 1019/412/128
f 1020/413/129 1031/424/140 1019/412/128
f 1021/414/130 1032/425/141 1020/413/129
f 1022/415/131 1033/426/142 1021/414/130
f 1023/416/132 1034/427/143 1022/415/131
f 1024/417/133 1035/428/144 1023/416/132
f 1038/429/145 1025/430/146 1026/418/134
f 1039/431/147 1026/418/134 1027/419/135
f 1040/432/148 1027/419/135 1028/420/136
f 1041/433/149 1028/420/136 1029/421/137
f 1042/434/150 1029/421/137 1030/422/138
f 1043/435/151 1030/422/138 1031/424/140
f 1032/425/141 1043/435/151 1031/424/140
f 1033/426/142 1044/436/152 1032/425/141
f 1034/427/143 1045/437/153 1033/426/142
f 1035/428/144 1046/438/154 1034/427/143
f 1036/439/155 1047/440/156 1035/428/144
f 1050/441/157 1037/442/158 1038/429/145
f 1051/443/159 1038/429/145 1039/431/147
f 1052/444/160 1039/431/147 1040/432/148
f 1053/445/161 1040/432/148 1041/433/149
f 1054/446/162 1041/433/149 1042/434/150
f 1055/447/163 1042/434/150 1043/435/151
f 1044/436/152 1055/447/163 1043/435/151
f 1045/437/153 1056/448/164 1044/436/152
f 1046/438/154 1057/449/165 1045/437/153
f 1047/440/156 1058/450/166 1046/438/154
f 1048/451/167 1059/452/168 1047/440/156
f 1062/453/169 1049/454/170 1050/441/157
f 1063/455/171 1050/441/157 1051/443/159
f 1064/456/172 1051/443/159 1052/444/160
f 1065/457/173 1052/444/160 1053/445/161
f 1066/458/174 1053/445/161 1054/446/162
f 1067/459/175 1054/446/162 1055/447/163
f 1056/448/164 1067/459/175 1055/447/163
f 1057/449/165 1068/460/176 1056/448/164
f 1058/450/166 1069/461/177 1057/449/165
f 1059/452/168 1070/462/178 1058/450/166
f 1060/463/179 1071/464/180 1059/452/168
f 1074/465/181 1061/216/182 1062/453/169
f 1075/466/183 1062/453/169 1063/455/171
f 1076/467/184 1063/455/171 1064/456/172
f 1077/468/185 1064/456/172 1065/457/173
f 1078/469/186 1065/457/173 1066/458/174
f 1079/470/187 1066/458/174 1067/459/175
f 1068/460/176 1079/470/187 1067/459/175
f 1069/461/177 1080/471/188 1068/460/176
f 1070/462/178 1081/472/189 1069/461/177
f 1071/464/180 1082/473/190 1070/462/178
f 1072/474/191 1083/475/192 1071/464/180
f 1086/476/193 1073/477/194 1074/465/181
f 1087/478/195 1074/465/181 1075/466/183
f 1088/479/196 1075/466/183 1076/467/184
f 1089/480/197 1076/467/184 1077/468/185
f 1090/481/198 1077/468/185 1078/469/186
f 1091/482/199 1078/469/186 1079/470/187
f 1080/471/188 1091/482/199 1079/470/187
f 1081/472/189 1092/483/200 1080/471/188
f 1082/473/190 1093/484/201 1081/472/189
f 1083/475/192 1094/485/202 1082/473/190
f 1084/486/203 1095/487/204 1083/475/192
f 1098/488/205 1085/489/206 1086/476/193
f 1099/490/207 1086/476/193 1087/478/195
f 1100/491/208 1087/478/195 1088/479/196
f 1101/492/209 1088/479/196 1089/480/197
f 1102/493/210 1089/480/197 1090/481/198
f 1103/494/211 1090/481/198 1091/482/199
f 1092/483/200 1103/494/211 1091/482/199
f 1093/484/201 1104/495/212 1092/483/200
f 1094/485/202 1105/496/213 1093/484/201
f 1095/487/204 1106/497/214 1094/485/202
f 1096/498/215 1107/499/216 1095/487/204
f 1110/500/217 1097/501/218 1098/488/205
f 1111/502/219 1098/488/205 1099/490/207
f 1112/503/220 1099/490/207 1100/491/208
f 1113/504/221 1100/491/208 1101/492/209
f 1114/505/222 1101/492/209 1102/493/210
f 1115/506/223 1102/493/210 1103/494/211
f 1104/495/212 1115/506/223 1103/494/211
f 1105/496/213 1116/507/224 1104/495/212
f 1106/497/214 1117/508/225 1105/496/213
f 1107/499/216 1118/509/226 1106/497/214
f 1108/510/227 1119/511/228 1107/499/216
f 1122/512/229 1109/513/230 1110/500/217
f 1123/514/231 1110/500/217 1111/502/219
f 1124/515/232 1111/502/219 1112/503/220
f 1125/516/233 1112/503/220 1113/504/221
f 1126/517/234 1113/504/221 1114/505/222
f 1127/518/235 1114/505/222 1115/506/223
f 1116/507/224 1127/518/235 1115/506/223
f 1117/508/225 1128/519/236 1116/507/224
f 1118/509/226 1129/520/237 1117/508/225
f 1119/511/228 1130/521/238 1118/509/226
f 1120/522/239 1131/523/240 1119/511/228
f 1134/524/241 1121/525/242 1122/512/229
f 1135/526/243 1122/512/229 1123/514/231
f 1136/527/244 1123/514/231 1124/515/232
f 1137/528/245 1124/515/232 1125/516/233
f 1138/529/246 1125/516/233 1126/517/234
f 1139/530/247 1126/517/234 1127/518/235
f 1128/519/236 1139/530/247 1127/518/235
f 1129/520/237 1140/531/248 1128/519/236
f 1130/521/238 1141/532/249 1129/520/237
f 1131/523/240 1142/533/250 1130/521/238
f 1132/534/251 1143/535/252 1131/523/240
f 1146/536/253 1133/537/254 1134/524/241
f 1147/538/255 1134/524/241 1135/526/243
f 1148/539/256 1135/526/243 1136/527/244
f 1149/540/257 1136/527/244 1137/528/245
f 1150/541/258 1137/528/245 1138/529/246
f 1151/542/259 1138/529/246 1139/530/247
f 1140/531/248 1151/542/259 1139/530/247
f 1141/532/249 1152/543/260 1140/531/248
f 1142/533/250 1153/544/261 1141/532/249
f 1143/535/252 1154/545/262 1142/533/250
f 1144/546/263 1155/547/264 1143/535/252
f 1158/548/265 1145/549/266 1146/536/253
f 1159/550/267 1146/536/253 1147/538/255
f 1160/551/268 1147/538/255 1148/539/256
f 1161/552/269 1148/539/256 1149/540/257
f 1162/553/270 1149/540/257 1150/541/258
f 1163/554/271 1150/541/258 1151/542/259
f 1152/543/260 1163/554/271 1151/542/259
f 1153/544/261 1164/555/272 1152/543/260
f 1154/545/262 1165/556/273 1153/544/261
f 1155/547/264 1166/557/274 1154/545/262
f 1156/558/275 1167/559/276 1155/547/264
f 1170/560/277 1157/561/278 1158/548/265
f 1171/562/279 1158/548/265 1159/550/267
f 1172/563/280 1159/550/267 1160/551/268
f 1173/564/281 1160/551/268 1161/552/269
f 1174/565/282 1161/552/269 1162/553/270
f 1175/566/283 1162/553/270 1163/554/271
f 1164/555/272 1175/566/283 1163/554/271
f 1165/556/273 1176/567/284 1164/555/272
f 1166/557/274 1177/568/285 1165/556/273
f 1167/559/276 1178/569/286 1166/557/274
f 1168/570/287 1179/571/288 1167/559/276
f 1182/572/289 1169/573/290 1170/560/277
f 1183/574/291 1170/560/277 1171/562/279
f 1184/575/292 1171/562/279 1172/563/280
f 1185/576/293 1172/563/280 1173/564/281
f 1186/577/294 1173/564/281 1174/565/282
f 1187/578/295 1174/565/282 1175/566/283
f 1176/567/284 1187/578/295 1175/566/283
f 1177/568/285 1188/579/296 1176/567/284
f 1178/569/286 1189/580/297 1177/568/285
f 1179/571/288 1190/581/298 1178/569/286
f 1180/582/299 1191/583/300 1179/571/288
f 1194/584/301 1181/585/302 1182/572/289
f 1195/586/303 1182/572/289 1183/574/291
f 1196/587/304 1183/574/291 1184/575/292
f 1197/588/305 1184/575/292 1185/576/293
f 1198/589/306 1185/576/293 1186/577/294
f 1199/590/307 1186/577/294 1187/578/295
f 1188/579/296 1199/590/307 1187/578/295
f 1189/580/297 1200/591/308 1188/579/296
f 1190/581/298 1201/592/309 1189/580/297
f 1191/583/300 1202/593/310 1190/581/298
f 1192/594/311 1203/595/312 1191/583/300
f 1206/596/313 1193/597/314 1194/584/301
f 1207/598/315 1194/584/301 1195/586/303
f 1208/599/316 1195/586/303 1196/587/304
f 1209/600/317 1196/587/304 1197/588/305
f 1210/601/318 1197/588/305 1198/589/306
f 1211/602/319 1198/589/306 1199/590/307
f 1200/591/308 1211/602/319 1199/590/307
f 1201/592/309 1212/603/320 1200/591/308
f 1202/593/310 1213/604/321 1201/592/309
f 1203/595/312 1214/605/322 1202/593/310
f 1204/606/323 1215/607/324 1203/595/312
f 1218/608/325 1205/609/326 1206/596/313
f 1219/610/327 1206/596/313 1207/598/315
f 1220/611/328 1207/598/315 1208/599/316
f 1221/612/329 1208/599/316 1209/600/317
f 1222/613/330 1209/600/317 1210/601/318
f 1223/614/331 1210/601/318 1211/602/319
f 1212/603/320 1223/614/331 1211/602/319
f 1213/604/321 1224/615/332 1212/603/320
f 1214/605/322 1225/616/333 1213/604/321
f 1215/607/324 1226/617/334 1214/605/322
f 1216/618/335 1227/619/336 1215/607/324
f 1230/620/337 1217/621/338 1218/608/325
f 1231/622/339 1218/608/325 1219/610/327
f 1232/623/340 1219/610/327 1220/611/328
f 1233/624/341 1220/611/328 1221/612/329
f 1234/625/342 1221/612/329 1222/613/330
f 1235/626/343 1222/613/330 1223/614/331
f 1224/615/332 1235/626/343 1223/614/331
f 1225/616/333 1236/627/344 1224/615/332
f 1226/617/334 1237/628/345 1225/616/333
f 1227/619/336 1238/629/346 1226/617/334
f 1228/630/347 1239/631/348 1227/619/336
f 1242/632/349 1229/205/350 1230/620/337
f 1243/633/351 1230/620/337 1231/622/339
f 1244/634/352 1231/622/339 1232/623/340
f 1245/635/353 1232/623/340 1233/624/341
f 1246/636/354 1233/624/341 1234/625/342
f 1247/637/355 1234/625/342 1235/626/343
f 1236/627/344 1247/637/355 1235/626/343
f 1237/628/345 1248/638/356 1236/627/344
f 1238/629/346 1249/639/357 1237/628/345
f 1239/631/348 1250/640/358 1238/629/346
f 1240/641/359 1251/642/360 1239/631/348
f 1254/643/361 1241/644/362 1242/632/349
f 1255/645/363 1242/632/349 1243/633/351
f 1256/646/364 1243/633/351 1244/634/352
f 1257/647/365 1244/634/352 1245/635/353
f 1258/648/366 1245/635/353 1246/636/354
f 1259/649/367 1246/636/354 1247/637/355
f 1248/638/356 1259/649/367 1247/637/355
f 1249/639/357 1260/650/368 1248/638/356
f 1250/640/358 1261/651/369 1249/639/357
f 1251/642/360 1262/652/370 1250/640/358
f 1252/653/371 1263/654/372 1251/642/360
f 1266/655/373 1253/656/374 1254/643/361
f 1267/657/375 1254/643/361 1255/645/363
f 1268/658/376 1255/645/363 1256/646/364
f 1269/659/377 1256/646/364 1257/647/365
f 1270/660/378 1257/647/365 1258/648/366
f 1271/661/379 1258/648/366 1259/649/367
f 1260/650/368 1271/661/379 1259/649/367
f 1261/651/369 1272/662/380 1260/650/368
f 1262/652/370 1273/663/381 1261/651/369
f 1263/654/372 1274/664/382 1262/652/370
f 1264/665/383 1275/666/384 1263/654/372
f 1278/667/385 1265/668/386 1266/655/373
f 1279/669/387 1266/655/373 1267/657/375
f 1280/670/388 1267/657/375 1268/658/376
f 1281/671/389 1268/658/376 1269/659/377
f 1282/672/390 1269/659/377 1270/660/378
f 1283/673/391 1270/660/378 1271/661/379
f 1272/662/380 1283/673/391 1271/661/379
f 1273/663/381 1284/674/392 1272/662/380
f 1274/664/382 1285/675/393 1273/663/381
f 1275/666/384 1286/676/394 1274/664/382
f 1276/677/395 1287/678/396 1275/666/384
f 1290/679/397 1277/680/398 1278/667/385
f 1291/681/399 1278/667/385 1279/669/387
f 1292/682/400 1279/669/387 1280/670/388
f 1293/683/401 1280/670/388 1281/671/389
f 1294/684/402 1281/671/389 1282/672/390
f 1295/685/403 1282/672/390 1283/673/391
f 1284/674/392 1295/685/403 1283/673/391
f 1285/675/393 1296/686/404 1284/674/392
f 1286/676/394 1297/687/405 1285/675/393
f 1287/678/396 1298/688/406 1286/676/394
f 1288/689/407 1299/690/408 1287/678/396
f 1302/691/409 1289/692/410 1290/679/397
f 1303/693/411 1290/679/397 1291/681/399
f 1304/694/412 1291/681/399 1292/682/400
f 1305/695/413 1292/682/400 1293/683/401
f 1306/696/414 1293/683/401 1294/684/402
f 1307/697/415 1294/684/402 1295/685/403
f 1296/686/404 1307/697/415 1295/685/403
f 1297/687/405 1308/698/416 1296/686/404
f 1298/688/406 1309/699/417 1297/687/405
f 1299/690/408 1310/700/418 1298/688/406
f 1300/701/419 1311/702/420 1299/690/408
f 1314/703/421 1301/704/422 1302/691/409
f 1315/705/423 1302/691/409 1303/693/411
f 1316/706/424 1303/693/411 1304/694/412
f 1317/707/425 1304/694/412 1305/695/413
f 1318/708/426 1305/695/413 1306/696/414
f 1319/709/427 1306/696/414 1307/697/415
f 1308/698/416 1319/709/427 1307/697/415
f 1309/699/417 1320/710/428 1308/698/416
f 1310/700/418 1321/711/429 1309/699/417
f 1311/702/420 1322/712/430 1310/700/418
f 1312/713/431 1323/714/432 1311/702/420
f 1326/715/433 1313/716/434 1314/703/421
f 1327/717/435 1314/703/421 1315/705/423
f 1328/718/436 1315/705/423 1316/706/424
f 1329/719/437 1316/706/424 1317/707/425
f 1330/720/438 1317/707/425 1318/708/426
f 1331/721/439 1318/708/426 1319/709/427
f 1320/710/428 1331/721/439 1319/709/427
f 1321/711/429 1332/722/440 1320/710/428
f 1322/712/430 1333/723/441 1321/711/429
f 1323/714/432 1334/724/442 1322/712/430
f 1324/725/443 1335/726/444 1323/714/432
f 1326/715/433 1337/727/445 1325/728/446
f 1327/717/435 1338/729/447 1326/715/433
f 1328/718/436 1339/730/448 1327/717/435
f 1329/719/437 1340/731/449 1328/718/436
f 1330/720/438 1341/732/450 1329/719/437
f 1343/733/451 1330/720/438 1331/721/439
f 1344/734/452 1331/721/439 1332/722/440
f 1345/735/453 1332/722/440 1333/723/441
f 1346/736/454 1333/723/441 1334/724/442
f 1347/737/455 1334/724/442 1335/726/444
f 1348/738/456 1335/726/444 1336/739/457
f 1338/729/447 1349/740/458 1337/727/445
f 1339/730/448 1350/741/459 1338/729/447
f 1340/731/449 1351/742/460 1339/730/448
f 1341/732/450 1352/743/461 1340/731/449
f 1342/744/462 1353/745/463 1341/732/450
f 1355/746/464 1342/744/462 1343/733/451
f 1356/747/465 1343/733/451 1344/734/452
f 1357/748/466 1344/734/452 1345/735/453
f 1358/749/467 1345/735/453 1346/736/454
f 1359/750/468 1346/736/454 1347/737/455
f 1360/751/469 1347/737/455 1348/738/456
f 1350/741/459 1361/752/470 1349/740/458
f 1351/742/460 1362/753/471 1350/741/459
f 1352/743/461 1363/754/472 1351/742/460
f 1353/745/463 1364/755/473 1352/743/461
f 1354/756/474 1365/757/475 1353/745/463
f 1367/758/476 1354/756/474 1355/746/464
f 1368/759/477 1355/746/464 1356/747/465
f 1369/760/478 1356/747/465 1357/748/466
f 1370/761/479 1357/748/466 1358/749/467
f 1371/762/480 1358/749/467 1359/750/468
f 1372/763/481 1359/750/468 1360/751/469
f 1362/753/471 1373/764/482 1361/752/470
f 1363/754/472 1374/765/483 1362/753/471
f 1364/755/473 1375/766/484 1363/754/472
f 1365/757/475 1376/767/485 1364/755/473
f 1366/768/486 1377/769/487 1365/757/475
f 1379/770/488 1366/768/486 1367/758/476
f 1380/771/489 1367/758/476 1368/759/477
f 1381/772/490 1368/759/477 1369/760/478
f 1382/773/491 1369/760/478 1370/761/479
f 1383/774/492 1370/761/479 1371/762/480
f 1384/775/493 1371/762/480 1372/763/481
f 1374/765/483 1385/776/494 1373/764/482
f 1375/766/484 1386/777/495 1374/765/483
f 1376/767/485 1387/778/496 1375/766/484
f 1377/769/487 1388/779/497 1376/767/485
f 1378/780/498 1389/781/499 1377/769/487
f 1391/782/500 1378/780/498 1379/770/488
f 1392/783/501 1379/770/488 1380/771/489
f 1393/784/502 1380/771/489 1381/772/490
f 1394/785/503 1381/772/490 1382/773/491
f 1395/786/504 1382/773/491 1383/774/492
f 1396/787/505 1383/774/492 1384/775/493
f 1386/777/495 1397/200/506 1385/776/494
f 1387/778/496 1398/788/507 1386/777/495
f 1388/779/497 1399/789/508 1387/778/496
f 1389/781/499 1400/790/509 1388/779/497
f 1390/791/510 1401/792/511 1389/781/499
f 1403/793/512 1390/791/510 1391/782/500
f 1404/794/513 1391/782/500 1392/783/501
f 1405/795/514 1392/783/501 1393/784/502
f 1406/796/515 1393/784/502 1394/785/503
f 1407/797/516 1394/785/503 1395/786/504
f 1408/798/517 1395/786/504 1396/787/505
f 1398/788/507 1409/799/518 1397/200/506
f 1399/789/508 1410/800/519 1398/788/507
f 1400/790/509 1411/801/520 1399/789/508
f 1401/792/511 1412/802/521 1400/790/509
f 1402/803/522 1413/804/523 1401/792/511
f 1415/805/524 1402/803/522 1403/793/512
f 1416/806/525 1403/793/512 1404/794/513
f 1417/807/526 1404/794/513 1405/795/514
f 1418/808/527 1405/795/514 1406/796/515
f 1419/809/528 1406/796/515 1407/797/516
f 1420/810/529 1407/797/516 1408/798/517
f 1410/800/519 1421/811/530 1409/799/518
f 1411/801/520 1422/812/531 1410/800/519
f 1412/802/521 1423/813/532 1411/801/520
f 1413/804/523 1424/814/533 1412/802/521
f 1414/815/534 1425/816/535 1413/804/523
f 1427/817/536 1414/815/534 1415/805/524
f 1428/818/537 1415/805/524 1416/806/525
f 1429/819/538 1416/806/525 1417/807/526
f 1430/820/539 1417/807/526 1418/808/527
f 1431/821/540 1418/808/527 1419/809/528
f 1432/822/541 1419/809/528 1420/810/529
f 1422/812/531 1433/823/542 1421/811/530
f 1423/813/532 1434/824/543 1422/812/531
f 1424/814/533 1435/825/544 1423/813/532
f 1425/816/535 1436/826/545 1424/814/533
f 1426/827/546 1437/828/547 1425/816/535
f 1439/829/548 1426/827/546 1427/817/536
f 1440/830/549 1427/817/536 1428/818/537
f 1441/831/550 1428/818/537 1429/819/538
f 1442/832/551 1429/819/538 1430/820/539
f 1443/833/552 1430/820/539 1431/821/540
f 1444/834/553 1431/821/540 1432/822/541
f 1434/824/543 1445/835/554 1433/823/542
f 1435/825/544 1446/836/555 1434/824/543
f 1436/826/545 1447/837/556 1435/825/544
f 1437/828/547 1448/838/557 1436/826/545
f 1438/839/558 1449/840/559 1437/828/547
f 1451/841/560 1438/839/558 1439/829/548
f 1452/842/561 1439/829/548 1440/830/549
f 1453/843/562 1440/830/549 1441/831/550
f 1454/844/563 1441/831/550 1442/832/551
f 1455/845/564 1442/832/551 1443/833/552
f 1456/846/565 1443/833/552 1444/834/553
f 1446/836/555 1457/847/566 1445/835/554
f 1447/837/556 1458/848/567 1446/836/555
f 1448/838/557 1459/849/568 1447/837/556
f 1449/840/559 1460/850/569 1448/838/557
f 1450/851/570 1461/852/571 1449/840/559
f 1463/853/572 1450/851/570 1451/841/560
f 1464/854/573 1451/841/560 1452/842/561
f 1465/855/574 1452/842/561 1453/843/562
f 1466/856/575 1453/843/562 1454/844/563
f 1467/857/576 1454/844/563 1455/845/564
f 1468/858/577 1455/845/564 1456/846/565
f 1470/859/578 1457/847/566 1458/848/567
f 1471/860/579 1458/848/567 1459/849/568
f 1472/861/580 1459/849/568 1460/850/569
f 1473/862/581 1460/850/569 1461/852/571
f 1474/863/582 1461/852/571 1462/864/583
f 1475/865/584 1462/864/583 1463/853/572
f 1464/854/573 1475/865/584 1463/853/572
f 1465/855/574 1476/866/585 1464/854/573
f 1466/856/575 1477/867/586 1465/855/574
f 1467/857/576 1478/868/587 1466/856/575
f 1468/858/577 1479/869/588 1467/857/576
f 1482/870/589 1469/871/590 1470/859/578
f 1483/872/591 1470/859/578 1471/860/579
f 1484/873/592 1471/860/579 1472/861/580
f 1485/874/593 1472/861/580 1473/862/581
f 1486/875/594 1473/862/581 1474/863/582
f 1487/876/595 1474/863/582 1475/865/584
f 1476/866/585 1487/876/595 1475/865/584
f 1477/867/586 1488/877/596 1476/866/585
f 1478/868/587 1489/878/597 1477/867/586
f 1479/869/588 1490/879/598 1478/868/587
f 1480/880/599 1491/881/600 1479/869/588
f 1482/870/589 1493/882/601 1481/275/602
f 1483/872/591 1494/883/603 1482/870/589
f 1484/873/592 1495/884/604 1483/872/591
f 1485/874/593 1496/885/605 1484/873/592
f 1486/875/594 1497/886/606 1485/874/593
f 1499/887/607 1486/875/594 1487/876/595
f 1500/888/608 1487/876/595 1488/877/596
f 1501/889/609 1488/877/596 1489/878/597
f 1502/890/610 1489/878/597 1490/879/598
f 1503/891/611 1490/879/598 1491/881/600
f 1504/892/612 1491/881/600 1492/893/613
f 1494/883/603 1505/894/614 1493/882/601
f 1495/884/604 1506/895/615 1494/883/603
f 1496/885/605 1507/896/616 1495/884/604
f 1497/886/606 1508/897/617 1496/885/605
f 1498/898/618 1509/899/619 1497/886/606
f 1511/900/620 1498/898/618 1499/887/607
f 1512/901/621 1499/887/607 1500/888/608
f 1513/902/622 1500/888/608 1501/889/609
f 1514/903/623 1501/889/609 1502/890/610
f 1515/904/624 1502/890/610 1503/891/611
f 1516/905/625 1503/891/611 1504/892/612
f 1506/895/615 1517/906/626 1505/894/614
f 1507/896/616 1518/907/627 1506/895/615
f 1508/897/617 1519/908/628 1507/896/616
f 1509/899/619 1520/909/629 1508/897/617
f 1510/910/630 1521/911/631 1509/899/619
f 1523/912/632 1510/910/630 1511/900/620
f 1524/913/633 1511/900/620 1512/901/621
f 1525/914/634 1512/901/621 1513/902/622
f 1526/915/635 1513/902/622 1514/903/623
f 1527/916/636 1514/903/623 1515/904/624
f 1528/917/637 1515/904/624 1516/905/625
f 1518/907/627 1529/918/638 1517/906/626
f 1519/908/628 1530/919/639 1518/907/627
f 1520/909/629 1531/920/640 1519/908/628
f 1521/911/631 1532/921/641 1520/909/629
f 1522/922/642 1533/923/643 1521/911/631
f 1535/924/644 1522/922/642 1523/912/632
f 1536/925/645 1523/912/632 1524/913/633
f 1537/926/646 1524/913/633 1525/914/634
f 1538/927/647 1525/914/634 1526/915/635
f 1539/928/648 1526/915/635 1527/916/636
f 1540/929/649 1527/916/636 1528/917/637
f 1530/919/639 1541/930/650 1529/918/638
f 1531/920/640 1542/931/651 1530/919/639
f 1532/921/641 1543/932/652 1531/920/640
f 1533/923/643 1544/933/653 1532/921/641
f 1534/934/654 1545/935/655 1533/923/643
f 1547/936/656 1534/934/654 1535/924/644
f 1548/937/657 1535/924/644 1536/925/645
f 1549/938/658 1536/925/645 1537/926/646
f 1550/939/659 1537/926/646 1538/927/647
f 1551/940/660 1538/927/647 1539/928/648
f 1552/941/661 1539/928/648 1540/929/649
f 1542/931/651 1553/942/662 1541/930/650
f 1543/932/652 1554/943/663 1542/931/651
f 1544/933/653 1555/944/664 1543/932/652
f 1545/935/655 1556/945/665 1544/933/653
f 1546/946/666 1557/947/667 1545/935/655
f 1559/948/668 1546/946/666 1547/936/656
f 1560/949/669 1547/936/656 1548/937/657
f 1561/950/670 1548/937/657 1549/938/658
f 1562/951/671 1549/938/658 1550/939/659
f 1563/952/672 1550/939/659 1551/940/660
f 1564/953/673 1551/940/660 1552/941/661
f 1554/943/663 1565/222/674 1553/942/662
f 1555/944/664 1566/954/675 1554/943/663
f 1556/945/665 1567/955/676 1555/944/664
f 1557/947/667 1568/956/677 1556/945/665
f 1558/957/678 1569/958/679 1557/947/667
f 1571/959/680 1558/957/678 1559/948/668
f 1572/960/681 1559/948/668 1560/949/669
f 1573/961/682 1560/949/669 1561/950/670
f 1574/962/683 1561/950/670 1562/951/671
f 1575/963/684 1562/951/671 1563/952/672
f 1576/964/685 1563/952/672 1564/953/673
f 1566/954/675 1577/965/686 1565/222/674
f 1567/955/676 1578/966/687 1566/954/675
f 1568/956/677 1579/967/688 1567/955/676
f 1569/958/679 1580/968/689 1568/956/677
f 1570/969/690 1581/970/691 1569/958/679
f 1583/971/692 1570/969/690 1571/959/680
f 1584/972/693 1571/959/680 1572/960/681
f 1585/973/694 1572/960/681 1573/961/682
f 1586/974/695 1573/961/682 1574/962/683
f 1587/975/696 1574/962/683 1575/963/684
f 1588/976/697 1575/963/684 1576/964/685
f 1578/966/687 1589/977/698 1577/965/686
f 1579/967/688 1590/978/699 1578/966/687
f 1580/968/689 1591/979/700 1579/967/688
f 1581/970/691 1592/980/701 1580/968/689
f 1582/981/702 1593/982/703 1581/970/691
f 1595/983/704 1582/981/702 1583/971/692
f 1596/984/705 1583/971/692 1584/972/693
f 1597/985/706 1584/972/693 1585/973/694
f 1598/986/707 1585/973/694 1586/974/695
f 1599/987/708 1586/974/695 1587/975/696
f 1600/988/709 1587/975/696 1588/976/697
f 1590/978/699 1601/989/710 1589/977/698
f 1591/979/700 1602/990/711 1590/978/699
f 1592/980/701 1603/991/712 1591/979/700
f 1593/982/703 1604/992/713 1592/980/701
f 1594/993/714 1605/994/715 1593/982/703
f 1607/995/716 1594/993/714 1595/983/704
f 1608/996/717 1595/983/704 1596/984/705
f 1609/997/718 1596/984/705 1597/985/706
f 1610/998/719 1597/985/706 1598/986/707
f 1611/999/720 1598/986/707 1599/987/708
f 1612/1000/721 1599/987/708 1600/988/709
f 1614/1001/722 1601/989/710 1602/990/711
f 1615/1002/723 1602/990/711 1603/991/712
f 1616/1003/724 1603/991/712 1604/992/713
f 1617/1004/725 1604/992/713 1605/994/715
f 1618/1005/726 1605/994/715 1606/1006/727
f 1619/1007/728 1606/1006/727 1607/995/716
f 1608/996/717 1619/1007/728 1607/995/716
f 1609/997/718 1620/1008/729 1608/996/717
f 1610/998/719 1621/1009/730 1609/997/718
f 1611/999/720 1622/1010/731 1610/998/719
f 1612/1000/721 1623/1011/732 1611/999/720
f 1626/1012/733 1613/1013/734 1614/1001/722
f 1627/1014/735 1614/1001/722 1615/1002/723
f 1628/1015/736 1615/1002/723 1616/1003/724
f 1629/1016/737 1616/1003/724 1617/1004/725
f 1630/1017/738 1617/1004/725 1618/1005/726
f 1631/1018/739 1618/1005/726 1619/1007/728
f 1620/1008/729 1631/1018/739 1619/1007/728
f 1621/1009/730 1632/1019/740 1620/1008/729
f 1622/1010/731 1633/1020/741 1621/1009/730
f 1623/1011/732 1634/1021/742 1622/1010/731
f 1624/1022/743 1635/1023/744 1623/1011/732
f 1638/1024/745 1625/1025/746 1626/1012/733
f 1639/1026/747 1626/1012/733 1627/1014/735
f 1640/1027/748 1627/1014/735 1628/1015/736
f 1641/1028/749 1628/1015/736 1629/1016/737
f 1642/1029/750 1629/1016/737 1630/1017/738
f 1643/1030/751 1630/1017/738 1631/1018/739
f 1632/1019/740 1643/1030/751 1631/1018/739
f 1633/1020/741 1644/1031/752 1632/1019/740
f 1634/1021/742 1645/1032/753 1633/1020/741
f 1635/1023/744 1646/1033/754 1634/1021/742
f 1636/1034/755 1647/1035/756 1635/1023/744
f 1650/1036/757 1637/1037/758 1638/1024/745
f 1651/1038/759 1638/1024/745 1639/1026/747
f 1652/1039/760 1639/1026/747 1640/1027/748
f 1653/1040/761 1640/1027/748 1641/1028/749
f 1654/1041/762 1641/1028/749 1642/1029/750
f 1655/1042/763 1642/1029/750 1643/1030/751
f 1644/1031/752 1655/1042/763 1643/1030/751
f 1645/1032/753 1656/1043/764 1644/1031/752
f 1646/1033/754 1657/1044/765 1645/1032/753
f 1647/1035/756 1658/1045/766 1646/1033/754
f 1648/1046/767 1659/1047/768 1647/1035/756
f 1662/1048/769 1649/1049/770 1650/1036/757
f 1663/1050/771 1650/1036/757 1651/1038/759
f 1664/1051/772 1651/1038/759 1652/1039/760
f 1665/1052/773 1652/1039/760 1653/1040/761
f 1666/1053/774 1653/1040/761 1654/1041/762
f 1667/1054/775 1654/1041/762 1655/1042/763
f 1656/1043/764 1667/1054/775 1655/1042/763
f 1657/1044/765 1668/1055/776 1656/1043/764
f 1658/1045/766 1669/1056/777 1657/1044/765
f 1659/1047/768 1670/1057/778 1658/1045/766
f 1660/1058/779 1671/1059/780 1659/1047/768
f 1674/1060/781 1661/1061/782 1662/1048/769
f 1675/1062/783 1662/1048/769 1663/1050/771
f 1676/1063/784 1663/1050/771 1664/1051/772
f 1677/1064/785 1664/1051/772 1665/1052/773
f 1678/1065/786 1665/1052/773 1666/1053/774
f 1679/1066/787 1666/1053/774 1667/1054/775
f 1668/1055/776 1679/1066/787 1667/1054/775
f 1669/1056/777 1680/1067/788 1668/1055/776
f 1670/1057/778 1681/1068/789 1669/1056/777
f 1671/1059/780 1682/1069/790 1670/1057/778
f 1672/1070/791 1683/1071/792 1671/1059/780
f 1686/1072/793 1673/1073/794 1674/1060/781
f 1687/1074/795 1674/1060/781 1675/1062/783
f 1688/1075/796 1675/1062/783 1676/1063/784
f 1689/1076/797 1676/1063/784 1677/1064/785
f 1690/1077/798 1677/1064/785 1678/1065/786
f 1691/1078/799 1678/1065/786 1679/1066/787
f 1680/1067/788 1691/1078/799 1679/1066/787
f 1681/1068/789 1692/1079/800 1680/1067/788
f 1682/1069/790 1693/1080/801 1681/1068/789
f 1683/1071/792 1694/1081/802 1682/1069/790
f 1684/1082/803 1695/1083/804 1683/1071/792
f 1698/1084/805 1685/1085/806 1686/1072/793
f 1699/1086/807 1686/1072/793 1687/1074/795
f 1700/1087/808 1687/1074/795 1688/1075/796
f 1701/1088/809 1688/1075/796 1689/1076/797
f 1702/1089/810 1689/1076/797 1690/1077/798
f 1703/1090/811 1690/1077/798 1691/1078/799
f 1692/1079/800 1703/1090/811 1691/1078/799
f 1693/1080/801 1704/1091/812 1692/1079/800
f 1694/1081/802 1705/1092/813 1693/1080/801
f 1695/1083/804 1706/1093/814 1694/1081/802
f 1696/1094/815 1707/1095/816 1695/1083/804
f 1710/1096/817 1697/1097/818 1698/1084/805
f 1711/1098/819 1698/1084/805 1699/1086/807
f 1712/1099/820 1699/1086/807 1700/1087/808
f 1713/1100/821 1700/1087/808 1701/1088/809
f 1714/1101/822 1701/1088/809 1702/1089/810
f 1715/1102/823 1702/1089/810 1703/1090/811
f 1704/1091/812 1715/1102/823 1703/1090/811
f 1705/1092/813 1716/1103/824 1704/1091/812
f 1706/1093/814 1717/1104/825 1705/1092/813
f 1707/1095/816 1718/1105/826 1706/1093/814
f 1708/1106/827 1719/1107/828 1707/1095/816
f 1722/1108/829 1709/1109/830 1710/1096/817
f 1723/1110/831 1710/1096/817 1711/1098/819
f 1724/1111/832 1711/1098/819 1712/1099/820
f 1725/1112/833 1712/1099/820 1713/1100/821
f 1726/1113/834 1713/1100/821 1714/1101/822
f 1727/1114/835 1714/1101/822 1715/1102/823
f 1716/1103/824 1727/1114/835 1715/1102/823
f 1717/1104/825 1728/1115/836 1716/1103/824
f 1718/1105/826 1729/1116/837 1717/1104/825
f 1719/1107/828 1730/1117/838 1718/1105/826
f 1720/1118/839 1731/1119/840 1719/1107/828
f 1734/1120/841 1721/1121/842 1722/1108/829
f 1735/1122/843 1722/1108/829 1723/1110/831
f 1736/1123/844 1723/1110/831 1724/1111/832
f 1737/1124/845 1724/1111/832 1725/1112/833
f 1738/1125/846 1725/1112/833 1726/1113/834
f 1739/1126/847 1726/1113/834 1727/1114/835
f 1728/1115/836 1739/1126/847 1727/1114/835
f 1729/1116/837 1740/1127/848 1728/1115/836
f 1730/1117/838 1741/1128/849 1729/1116/837
f 1731/1119/840 1742/1129/850 1730/1117/838
f 1732/1130/851 1743/1131/852 1731/1119/840
f 1746/1132/853 1733/242/854 1734/1120/841
f 1747/1133/855 1734/1120/841 1735/1122/843
f 1748/1134/856 1735/1122/843 1736/1123/844
f 1749/1135/857 1736/1123/844 1737/1124/845
f 1750/1136/858 1737/1124/845 1738/1125/846
f 1751/1137/859 1738/1125/846 1739/1126/847
f 1740/1127/848 1751/1137/859 1739/1126/847
f 1741/1128/849 1752/1138/860 1740/1127/848
f 1742/1129/850 1753/1139/861 1741/1128/849
f 1743/1131/852 1754/1140/862 1742/1129/850
f 1744/1141/863 1755/1142/864 1743/1131/852
f 1758/1143/865 1745/1144/866 1746/1132/853
f 1759/1145/867 1746/1132/853 1747/1133/855
f 1760/1146/868 1747/1133/855 1748/1134/856
f 1761/1147/869 1748/1134/856 1749/1135/857
f 1762/1148/870 1749/1135/857 1750/1136/858
f 1763/1149/871 1750/1136/858 1751/1137/859
f 1752/1138/860 1763/1149/871 1751/1137/859
f 1753/1139/861 1764/1150/872 1752/1138/860
f 1754/1140/862 1765/1151/873 1753/1139/861
f 1755/1142/864 1766/1152/874 1754/1140/862
f 1756/1153/875 1767/1154/876 1755/1142/864
f 1758/1143/865 1769/1155/877 1757/1156/878
f 1759/1145/867 1770/1157/879 1758/1143/865
f 1760/1146/868 1771/1158/880 1759/1145/867
f 1761/1147/869 1772/1159/881 1760/1146/868
f 1762/1148/870 1773/1160/882 1761/1147/869
f 1775/1161/883 1762/1148/870 1763/1149/871
f 1776/1162/884 1763/1149/871 1764/1150/872
f 1777/1163/885 1764/1150/872 1765/1151/873
f 1778/1164/886 1765/1151/873 1766/1152/874
f 1779/1165/887 1766/1152/874 1767/1154/876
f 1780/1166/888 1767/1154/876 1768/1167/889
f 1782/1168/890 1769/1155/877 1770/1157/879
f 1783/1169/891 1770/1157/879 1771/1158/880
f 1784/1170/892 1771/1158/880 1772/1159/881
f 1785/1171/893 1772/1159/881 1773/1160/882
f 1786/1172/894 1773/1160/882 1774/1173/895
f 1787/1174/896 1774/1173/895 1775/1161/883
f 1776/1162/884 1787/1174/896 1775/1161/883
f 1777/1163/885 1788/1175/897 1776/1162/884
f 1778/1164/886 1789/1176/898 1777/1163/885
f 1779/1165/887 1790/1177/899 1778/1164/886
f 1780/1166/888 1791/1178/900 1779/1165/887
f 1794/1179/901 1781/1180/902 1782/1168/890
f 1795/1181/903 1782/1168/890 1783/1169/891
f 1796/1182/904 1783/1169/891 1784/1170/892
f 1797/1183/905 1784/1170/892 1785/1171/893
f 1798/1184/906 1785/1171/893 1786/1172/894
f 1799/1185/907 1786/1172/894 1787/1174/896
f 1788/1175/897 1799/1185/907 1787/1174/896
f 1789/1176/898 1800/1186/908 1788/1175/897
f 1790/1177/899 1801/1187/909 1789/1176/898
f 1791/1178/900 1802/1188/910 1790/1177/899
f 1792/1189/911 1803/1190/912 1791/1178/900
f 1806/1191/913 1793/1192/914 1794/1179/901
f 1807/1193/915 1794/1179/901 1795/1181/903
f 1808/1194/916 1795/1181/903 1796/1182/904
f 1809/1195/917 1796/1182/904 1797/1183/905
f 1810/1196/918 1797/1183/905 1798/1184/906
f 1811/1197/919 1798/1184/906 1799/1185/907
f 1800/1186/908 1811/1197/919 1799/1185/907
f 1801/1187/909 1812/1198/920 1800/1186/908
f 1802/1188/910 1813/1199/921 1801/1187/909
f 1803/1190/912 1814/1200/922 1802/1188/910
f 1804/1201/923 1815/1202/924 1803/1190/912
f 1818/1203/925 1805/1204/926 1806/1191/913
f 1819/1205/927 1806/1191/913 1807/1193/915
f 1820/1206/928 1807/1193/915 1808/1194/916
f 1821/1207/929 1808/1194/916 1809/1195/917
f 1822/1208/930 1809/1195/917 1810/1196/918
f 1823/1209/931 1810/1196/918 1811/1197/919
f 1812/1198/920 1823/1209/931 1811/1197/919
f 1813/1199/921 1824/1210/932 1812/1198/920
f 1814/1200/922 1825/1211/933 1813/1199/921
f 1815/1202/924 1826/1212/934 1814/1200/922
f 1816/1213/935 1827/1214/936 1815/1202/924
f 1830/1215/937 1817/1216/938 1818/1203/925
f 1831/1217/939 1818/1203/925 1819/1205/927
f 1832/1218/940 1819/1205/927 1820/1206/928
f 1833/1219/941 1820/1206/928 1821/1207/929
f 1834/1220/942 1821/1207/929 1822/1208/930
f 1835/1221/943 1822/1208/930 1823/1209/931
f 1824/1210/932 1835/1221/943 1823/1209/931
f 1825/1211/933 1836/1222/944 1824/1210/932
f 1826/1212/934 1837/1223/945 1825/1211/933
f 1827/1214/936 1838/1224/946 1826/1212/934
f 1828/1225/947 1839/1226/948 1827/1214/936
f 1842/1227/949 1829/1228/950 1830/1215/937
f 1843/1229/951 1830/1215/937 1831/1217/939
f 1844/1230/952 1831/1217/939 1832/1218/940
f 1845/1231/953 1832/1218/940 1833/1219/941
f 1846/1232/954 1833/1219/941 1834/1220/942
f 1847/1233/955 1834/1220/942 1835/1221/943
f 1836/1222/944 1847/1233/955 1835/1221/943
f 1837/1223/945 1848/1234/956 1836/1222/944
f 1838/1224/946 1849/1235/957 1837/1223/945
f 1839/1226/948 1850/1236/958 1838/1224/946
f 1840/1237/959 1851/1238/960 1839/1226/948
f 1854/1239/961 1841/1240/962 1842/1227/949
f 1855/1241/963 1842/1227/949 1843/1229/951
f 1856/1242/964 1843/1229/951 1844/1230/952
f 1857/1243/965 1844/1230/952 1845/1231/953
f 1858/1244/966 1845/1231/953 1846/1232/954
f 1859/1245/967 1846/1232/954 1847/1233/955
f 1848/1234/956 1859/1245/967 1847/1233/955
f 1849/1235/957 1860/1246/968 1848/1234/956
f 1850/1236/958 1861/1247/969 1849/1235/957
f 1851/1238/960 1862/1248/970 1850/1236/958
f 1852/1249/971 1863/1250/972 1851/1238/960
f 1866/1251/973 1853/1252/974 1854/1239/961
f 1867/1253/975 1854/1239/961 1855/1241/963
f 1868/1254/976 1855/1241/963 1856/1242/964
f 1869/1255/977 1856/1242/964 1857/1243/965
f 1870/1256/978 1857/1243/965 1858/1244/966
f 1871/1257/979 1858/1244/966 1859/1245/967
f 1860/1246/968 1871/1257/979 1859/1245/967
f 1861/1247/969 1872/1258/980 1860/1246/968
f 1862/1248/970 1873/1259/981 1861/1247/969
f 1863/1250/972 1874/1260/982 1862/1248/970
f 1864/1261/983 1875/1262/984 1863/1250/972
f 1878/1263/985 1865/1264/986 1866/1251/973
f 1879/1265/987 1866/1251/973 1867/1253/975
f 1880/1266/988 1867/1253/975 1868/1254/976
f 1881/1267/989 1868/1254/976 1869/1255/977
f 1882/1268/990 1869/1255/977 1870/1256/978
f 1883/1269/991 1870/1256/978 1871/1257/979
f 1872/1258/980 1883/1269/991 1871/1257/979
f 1873/1259/981 1884/1270/992 1872/1258/980
f 1874/1260/982 1885/1271/993 1873/1259/981
f 1875/1262/984 1886/1272/994 1874/1260/982
f 1876/1273/995 1887/1274/996 1875/1262/984
f 1890/1275/997 1877/1276/998 1878/1263/985
f 1891/1277/999 1878/1263/985 1879/1265/987
f 1892/1278/1000 1879/1265/987 1880/1266/988
f 1893/1279/1001 1880/1266/988 1881/1267/989
f 1894/1280/1002 1881/1267/989 1882/1268/990
f 1895/1281/1003 1882/1268/990 1883/1269/991
f 1884/1270/992 1895/1281/1003 1883/1269/991
f 1885/1271/993 1896/1282/1004 1884/1270/992
f 1886/1272/994 1897/1283/1005 1885/1271/993
f 1887/1274/996 1898/1284/1006 1886/1272/994
f 1888/1285/1007 1899/1286/1008 1887/1274/996
f 1902/1287/1009 1889/1288/1010 1890/1275/997
f 1903/1289/1011 1890/1275/997 1891/1277/999
f 1904/1290/1012 1891/1277/999 1892/1278/1000
f 1905/1291/1013 1892/1278/1000 1893/1279/1001
f 1906/1292/1014 1893/1279/1001 1894/1280/1002
f 1907/1293/1015 1894/1280/1002 1895/1281/1003
f 1896/1282/1004 1907/1293/1015 1895/1281/1003
f 1897/1283/1005 1908/1294/1016 1896/1282/1004
f 1898/1284/1006 1909/1295/1017 1897/1283/1005
f 1899/1286/1008 1910/1296/1018 1898/1284/1006
f 1900/1297/1019 1911/1298/1020 1899/1286/1008
f 1914/1299/1021 1901/252/1022 1902/1287/1009
f 1915/1300/1023 1902/1287/1009 1903/1289/1011
f 1916/1301/1024 1903/1289/1011 1904/1290/1012
f 1917/1302/1025 1904/1290/1012 1905/1291/1013
f 1918/1303/1026 1905/1291/1013 1906/1292/1014
f 1919/1304/1027 1906/1292/1014 1907/1293/1015
f 1908/1294/1016 1919/1304/1027 1907/1293/1015
f 1909/1295/1017 1920/1305/1028 1908/1294/1016
f 1910/1296/1018 1921/1306/1029 1909/1295/1017
f 1911/1298/1020 1922/1307/1030 1910/1296/1018
f 1912/1308/1031 1923/1309/1032 1911/1298/1020
f 1914/1299/1021 1925/1310/1033 1913/1311/1034
f 1915/1300/1023 1926/1312/1035 1914/1299/1021
f 1916/1301/1024 1927/1313/1036 1915/1300/1023
f 1917/1302/1025 1928/1314/1037 1916/1301/1024
f 1918/1303/1026 1929/1315/1038 1917/1302/1025
f 1931/1316/1039 1918/1303/1026 1919/1304/1027
f 1932/1317/1040 1919/1304/1027 1920/1305/1028
f 1933/1318/1041 1920/1305/1028 1921/1306/1029
f 1934/1319/1042 1921/1306/1029 1922/1307/1030
f 1935/1320/1043 1922/1307/1030 1923/1309/1032
f 1936/1321/1044 1923/1309/1032 1924/1322/1045
f 1926/1312/1035 1937/1323/1046 1925/1310/1033
f 1927/1313/1036 1938/1324/1047 1926/1312/1035
f 1928/1314/1037 1939/1325/1048 1927/1313/1036
f 1929/1315/1038 1940/1326/1049 1928/1314/1037
f 1930/1327/1050 1941/1328/1051 1929/1315/1038
f 1943/1329/1052 1930/1327/1050 1931/1316/1039
f 1944/1330/1053 1931/1316/1039 1932/1317/1040
f 1945/1331/1054 1932/1317/1040 1933/1318/1041
f 1946/1332/1055 1933/1318/1041 1934/1319/1042
f 1947/1333/1056 1934/1319/1042 1935/1320/1043
f 1948/1334/1057 1935/1320/1043 1936/1321/1044
f 1938/1324/1047 1949/1335/1058 1937/1323/1046
f 1939/1325/1048 1950/1336/1059 1938/1324/1047
f 1940/1326/1049 1951/1337/1060 1939/1325/1048
f 1941/1328/1051 1952/1338/1061 1940/1326/1049
f 1942/1339/1062 1953/1340/1063 1941/1328/1051
f 1955/1341/1064 1942/1339/1062 1943/1329/1052
f 1956/1342/1065 1943/1329/1052 1944/1330/1053
f 1957/1343/1066 1944/1330/1053 1945/1331/1054
f 1958/1344/1067 1945/1331/1054 1946/1332/1055
f 1959/1345/1068 1946/1332/1055 1947/1333/1056
f 1960/1346/1069 1947/1333/1056 1948/1334/1057
f 1950/1336/1059 1961/1347/1070 1949/1335/1058
f 1951/1337/1060 1962/1348/1071 1950/1336/1059
f 1952/1338/1061 1963/1349/1072 1951/1337/1060
f 1953/1340/1063 1964/1350/1073 1952/1338/1061
f 1954/1351/1074 1965/1352/1075 1953/1340/1063
f 1967/1353/1076 1954/1351/1074 1955/1341/1064
f 1968/1354/1077 1955/1341/1064 1956/1342/1065
f 1969/1355/1078 1956/1342/1065 1957/1343/1066
f 1970/1356/1079 1957/1343/1066 1958/1344/1067
f 1971/1357/1080 1958/1344/1067 1959/1345/1068
f 1972/1358/1081 1959/1345/1068 1960/1346/1069
f 1962/1348/1071 1973/1359/1082 1961/1347/1070
f 1963/1349/1072 1974/1360/1083 1962/1348/1071
f 1964/1350/1073 1975/1361/1084 1963/1349/1072
f 1965/1352/1075 1976/1362/1085 1964/1350/1073
f 1966/1363/1086 1977/1364/1087 1965/1352/1075
f 1979/1365/1088 1966/1363/1086 1967/1353/1076
f 1980/1366/1089 1967/1353/1076 1968/1354/1077
f 1981/1367/1090 1968/1354/1077 1969/1355/1078
f 1982/1368/1091 1969/1355/1078 1970/1356/1079
f 1983/1369/1092 1970/1356/1079 1971/1357/1080
f 1984/1370/1093 1971/1357/1080 1972/1358/1081
f 1974/1360/1083 1985/1371/1094 1973/1359/1082
f 1975/1361/1084 1986/1372/1095 1974/1360/1083
f 1976/1362/1085 1987/1373/1096 1975/1361/1084
f 1977/1364/1087 1988/1374/1097 1976/1362/1085
f 1978/1375/1098 1989/1376/1099 1977/1364/1087
f 1991/1377/1100 1978/1375/1098 1979/1365/1088
f 1992/1378/1101 1979/1365/1088 1980/1366/1089
f 1993/1379/1102 1980/1366/1089 1981/1367/1090
f 1994/1380/1103 1981/1367/1090 1982/1368/1091
f 1995/1381/1104 1982/1368/1091 1983/1369/1092
f 1996/1382/1105 1983/1369/1092 1984/1370/1093
f 1986/1372/1095 1997/1383/1106 1985/1371/1094
f 1987/1373/1096 1998/1384/1107 1986/1372/1095
f 1988/1374/1097 1999/1385/1108 1987/1373/1096
f 1989/1376/1099 2000/1386/1109 1988/1374/1097
f 1990/1387/1110 2001/1388/1111 1989/1376/1099
f 2003/1389/1112 1990/1387/1110 1991/1377/1100
f 2004/1390/1113 1991/1377/1100 1992/1378/1101
f 2005/1391/1114 1992/1378/1101 1993/1379/1102
f 2006/1392/1115 1993/1379/1102 1994/1380/1103
f 2007/1393/1116 1994/1380/1103 1995/1381/1104
f 2008/1394/1117 1995/1381/1104 1996/1382/1105
f 1998/1384/1107 2009/1395/1118 1997/1383/1106
f 1999/1385/1108 2010/1396/1119 1998/1384/1107
f 2000/1386/1109 2011/1397/1120 1999/1385/1108
f 2001/1388/1111 2012/1398/1121 2000/1386/1109
f 2002/1399/1122 2013/1400/1123 2001/1388/1111
f 2015/1401/1124 2002/1399/1122 2003/1389/1112
f 2016/1402/1125 2003/1389/1112 2004/1390/1113
f 2017/1403/1126 2004/1390/1113 2005/1391/1114
f 2018/1404/1127 2005/1391/1114 2006/1392/1115
f 2019/1405/1128 2006/1392/1115 2007/1393/1116
f 2020/1406/1129 2007/1393/1116 2008/1394/1117
f 2010/1396/1119 2021/1407/1130 2009/1395/1118
f 2011/1397/1120 2022/1408/1131 2010/1396/1119
f 2012/1398/1121 2023/1409/1132 2011/1397/1120
f 2013/1400/1123 2024/1410/1133 2012/1398/1121
f 2014/1411/1134 2025/1412/1135 2013/1400/1123
f 2027/1413/1136 2014/1411/1134 2015/1401/1124
f 2028/1414/1137 2015/1401/1124 2016/1402/1125
f 2029/1415/1138 2016/1402/1125 2017/1403/1126
f 2030/1416/1139 2017/1403/1126 2018/1404/1127
f 2031/1417/1140 2018/1404/1127 2019/1405/1128
f 2032/1418/1141 2019/1405/1128 2020/1406/1129
f 2022/1408/1131 2033/1419/1142 2021/1407/1130
f 2023/1409/1132 2034/1420/1143 2022/1408/1131
f 2024/1410/1133 2035/1421/1144 2023/1409/1132
f 2025/1412/1135 2036/1422/1145 2024/1410/1133
f 2026/1423/1146 2037/1424/1147 2025/1412/1135
f 2039/1425/1148 2026/1423/1146 2027/1413/1136
f 2040/1426/1149 2027/1413/1136 2028/1414/1137
f 2041/1427/1150 2028/1414/1137 2029/1415/1138
f 2042/1428/1151 2029/1415/1138 2030/1416/1139
f 2043/1429/1152 2030/1416/1139 2031/1417/1140
f 2044/1430/1153 2031/1417/1140 2032/1418/1141
f 2034/1420/1143 2045/1431/1154 2033/1419/1142
f 2035/1421/1144 2046/1432/1155 2034/1420/1143
f 2036/1422/1145 2047/1433/1156 2035/1421/1144
f 2037/1424/1147 2048/1434/1157 2036/1422/1145
f 2038/1435/1158 2049/1436/1159 2037/1424/1147
f 2051/1437/1160 2038/1435/1158 2039/1425/1148
f 2052/1438/1161 2039/1425/1148 2040/1426/1149
f 2053/1439/1162 2040/1426/1149 2041/1427/1150
f 2054/1440/1163 2041/1427/1150 2042/1428/1151
f 2055/1441/1164 2042/1428/1151 2043/1429/1152
f 2056/1442/1165 2043/1429/1152 2044/1430/1153
f 2058/1443/1166 2045/1431/1154 2046/1432/1155
f 2059/1444/1167 2046/1432/1155 2047/1433/1156
f 2060/1445/1168 2047/1433/1156 2048/1434/1157
f 2061/1446/1169 2048/1434/1157 2049/1436/1159
f 2062/1447/1170 2049/1436/1159 2050/1448/1171
f 2063/1449/1172 2050/1448/1171 2051/1437/1160
f 2052/1438/1161 2063/1449/1172 2051/1437/1160
f 2053/1439/1162 2064/1450/1173 2052/1438/1161
f 2054/1440/1163 2065/1451/1174 2053/1439/1162
f 2055/1441/1164 2066/1452/1175 2054/1440/1163
f 2056/1442/1165 2067/1453/1176 2055/1441/1164
f 894/1454/3 2057/1455/1177 2058/1443/1166
f 895/1456/6 2058/1443/1166 2059/1444/1167
f 896/1457/8 2059/1444/1167 2060/1445/1168
f 897/1458/10 2060/1445/1168 2061/1446/1169
f 898/1459/12 2061/1446/1169 2062/1447/1170
f 899/1460/15 2062/1447/1170 2063/1449/1172
f 2064/1450/1173 899/1460/15 2063/1449/1172
f 2065/1451/1174 900/1461/17 2064/1450/1173
f 2066/1452/1175 901/1462/19 2065/1451/1174
f 2067/1453/1176 902/1463/21 2066/1452/1175
f 2068/1464/1178 903/1465/23 2067/1453/1176
f 2082/1466/1179 2069/7/1180 2070/288/1181
f 2083/1467/1182 2070/288/1181 2071/290/1183
f 2084/1468/1184 2071/290/1183 2072/292/1185
f 2085/1469/1186 2072/292/1185 2073/294/1187
f 2086/1470/1188 2073/294/1187 2074/296/1189
f 2087/1471/1190 2074/296/1189 2075/299/1191
f 2088/1472/1192 2075/299/1191 2076/301/1193
f 2089/1473/1194 2076/301/1193 2077/303/1195
f 2090/1474/1196 2077/303/1195 2078/305/1197
f 2091/1475/1198 2078/305/1197 2079/307/1199
f 2092/1476/1200 2079/307/1199 2080/309/1201
f 2082/1466/1179 2093/1477/1202 2081/1478/1202
f 2083/1467/1182 2094/1479/1203 2082/1466/1179
f 2084/1468/1184 2095/1480/1204 2083/1467/1182
f 2085/1469/1186 2096/1481/1205 2084/1468/1184
f 2086/1470/1188 2097/1482/1206 2085/1469/1186
f 2099/1483/1207 2086/1470/1188 2087/1471/1190
f 2100/1484/1208 2087/1471/1190 2088/1472/1192
f 2101/1485/1209 2088/1472/1192 2089/1473/1194
f 2102/1486/1210 2089/1473/1194 2090/1474/1196
f 2103/1487/1211 2090/1474/1196 2091/1475/1198
f 2104/1488/1200 2091/1475/1198 2092/1476/1200
f 2106/1489/1212 2093/1477/1202 2094/1479/1203
f 2107/1490/1213 2094/1479/1203 2095/1480/1204
f 2108/1491/1214 2095/1480/1204 2096/1481/1205
f 2109/1492/1215 2096/1481/1205 2097/1482/1206
f 2110/1493/1216 2097/1482/1206 2098/1494/1217
f 2111/1495/1218 2098/1494/1217 2099/1483/1207
f 2112/1496/1219 2099/1483/1207 2100/1484/1208
f 2113/1497/1220 2100/1484/1208 2101/1485/1209
f 2114/1498/1221 2101/1485/1209 2102/1486/1210
f 2115/1499/1222 2102/1486/1210 2103/1487/1211
f 2116/1500/1201 2103/1487/1211 2104/1488/1200
f 2118/1501/1181 2105/278/1180 2106/1489/1212
f 2119/1502/1183 2106/1489/1212 2107/1490/1213
f 2120/1503/1185 2107/1490/1213 2108/1491/1214
f 2121/1504/1187 2108/1491/1214 2109/1492/1215
f 2122/1505/1189 2109/1492/1215 2110/1493/1216
f 2123/1506/1191 2110/1493/1216 2111/1495/1218
f 2112/1496/1219 2123/1506/1191 2111/1495/1218
f 2113/1497/1220 2124/1507/1193 2112/1496/1219
f 2114/1498/1221 2125/1508/1195 2113/1497/1220
f 2115/1499/1222 2126/1509/1197 2114/1498/1221
f 2116/1500/1201 2127/1510/1199 2115/1499/1222
f 2118/1501/1181 2129/1511/1202 2117/101/1180
f 2131/1512/1182 2118/1501/1181 2119/1502/1183
f 2132/1513/1184 2119/1502/1183 2120/1503/1185
f 2133/1514/1186 2120/1503/1185 2121/1504/1187
f 2134/1515/1188 2121/1504/1187 2122/1505/1189
f 2135/1516/1223 2122/1505/1189 2123/1506/1191
f 2136/1517/1192 2123/1506/1191 2124/1507/1193
f 2137/1518/1194 2124/1507/1193 2125/1508/1195
f 2138/1519/1196 2125/1508/1195 2126/1509/1197
f 2127/1510/1199 2138/1519/1196 2126/1509/1197
f 2140/1520/1200 2127/1510/1199 2128/1521/1201
f 2130/1522/1179 2141/275/1202 2129/1511/1202
f 2131/1512/1182 2142/870/1203 2130/1522/1179
f 2132/1513/1184 2143/872/1204 2131/1512/1182
f 2133/1514/1186 2144/873/1205 2132/1513/1184
f 2134/1515/1188 2145/874/1206 2133/1514/1186
f 2147/876/1207 2134/1515/1188 2135/1516/1223
f 2148/877/1208 2135/1516/1223 2136/1517/1192
f 2149/878/1209 2136/1517/1192 2137/1518/1194
f 2150/879/1210 2137/1518/1194 2138/1519/1196
f 2151/881/1211 2138/1519/1196 2139/1523/1198
f 2152/893/1200 2139/1523/1198 2140/1520/1200
f 2154/1524/1212 2141/275/1202 2142/870/1203
f 2155/1525/1213 2142/870/1203 2143/872/1204
f 2156/1526/1214 2143/872/1204 2144/873/1205
f 2145/874/1206 2156/1526/1214 2144/873/1205
f 2158/1527/1216 2145/874/1206 2146/875/1217
f 2159/1528/1218 2146/875/1217 2147/876/1207
f 2148/877/1208 2159/1528/1218 2147/876/1207
f 2161/1529/1220 2148/877/1208 2149/878/1209
f 2150/879/1210 2161/1529/1220 2149/878/1209
f 2163/1530/1222 2150/879/1210 2151/881/1211
f 2164/1531/1201 2151/881/1211 2152/893/1200
f 2166/1532/1224 2153/1533/1180 2154/1524/1212
f 2167/1534/1225 2154/1524/1212 2155/1525/1213
f 2168/1535/1226 2155/1525/1213 2156/1526/1214
f 2169/1536/1227 2156/1526/1214 2157/1537/1215
f 2170/1538/1228 2157/1537/1215 2158/1527/1216
f 2171/1539/1229 2158/1527/1216 2159/1528/1218
f 2172/1540/1230 2159/1528/1218 2160/1541/1219
f 2173/1542/1231 2160/1541/1219 2161/1529/1220
f 2174/1543/1232 2161/1529/1220 2162/1544/1221
f 2175/1545/1233 2162/1544/1221 2163/1530/1222
f 2176/1546/1234 2163/1530/1222 2164/1531/1201
f 2178/1547/1235 2165/104/1236 2166/1532/1224
f 2179/1548/1237 2166/1532/1224 2167/1534/1225
f 2180/1549/1238 2167/1534/1225 2168/1535/1226
f 2181/1550/1239 2168/1535/1226 2169/1536/1227
f 2182/1551/1240 2169/1536/1227 2170/1538/1228
f 2183/1552/1241 2170/1538/1228 2171/1539/1229
f 2184/1553/1242 2171/1539/1229 2172/1540/1230
f 2185/1554/1243 2172/1540/1230 2173/1542/1231
f 2186/1555/1244 2173/1542/1231 2174/1543/1232
f 2187/1556/1245 2174/1543/1232 2175/1545/1233
f 2188/1557/1246 2175/1545/1233 2176/1546/1234
f 2190/1558/1203 2177/273/1247 2178/1547/1235
f 2191/1559/1204 2178/1547/1235 2179/1548/1237
f 2192/1560/1205 2179/1548/1237 2180/1549/1238
f 2193/1561/1206 2180/1549/1238 2181/1550/1239
f 2194/1562/1217 2181/1550/1239 2182/1551/1240
f 2195/1563/1207 2182/1551/1240 2183/1552/1241
f 2196/1564/1208 2183/1552/1241 2184/1553/1242
f 2197/1565/1209 2184/1553/1242 2185/1554/1243
f 2198/1566/1210 2185/1554/1243 2186/1555/1244
f 2199/1567/1211 2186/1555/1244 2187/1556/1245
f 2200/1568/1200 2187/1556/1245 2188/1557/1246
f 2202/1569/1212 2189/1570/1202 2190/1558/1203
f 2203/1571/1213 2190/1558/1203 2191/1559/1204
f 2192/1560/1205 2203/1571/1213 2191/1559/1204
f 2205/1572/1215 2192/1560/1205 2193/1561/1206
f 2194/1562/1217 2205/1572/1215 2193/1561/1206
f 2207/1573/1218 2194/1562/1217 2195/1563/1207
f 2208/1574/1219 2195/1563/1207 2196/1564/1208
f 2197/1565/1209 2208/1574/1219 2196/1564/1208
f 2210/1575/1221 2197/1565/1209 2198/1566/1210
f 2211/1576/1222 2198/1566/1210 2199/1567/1211
f 2212/1577/1201 2199/1567/1211 2200/1568/1200
f 2070/1454/1181 2201/1578/1180 2202/1569/1212
f 2071/1456/1183 2202/1569/1212 2203/1571/1213
f 2072/1457/1185 2203/1571/1213 2204/1579/1214
f 2073/1458/1187 2204/1579/1214 2205/1572/1215
f 2074/1459/1189 2205/1572/1215 2206/1580/1216
f 2075/1460/1191 2206/1580/1216 2207/1573/1218
f 2208/1574/1219 2075/1460/1191 2207/1573/1218
f 2209/1581/1220 2076/1461/1193 2208/1574/1219
f 2210/1575/1221 2077/1462/1195 2209/1581/1220
f 2211/1576/1222 2078/1463/1197 2210/1575/1221
f 2212/1577/1201 2079/1465/1199 2211/1576/1222
f 2226/1582/1248 2213/7/1249 2214/288/1250
f 2227/1583/1251 2214/288/1250 2215/290/1252
f 2228/1584/1253 2215/290/1252 2216/292/1254
f 2229/1585/1255 2216/292/1254 2217/294/1256
f 2230/1586/1257 2217/294/1256 2218/296/1258
f 2231/1587/1259 2218/296/1258 2219/299/1260
f 2220/301/1261 2231/1587/1259 2219/299/1260
f 2221/303/1262 2232/1588/1263 2220/301/1261
f 2222/305/1264 2233/1589/1265 2221/303/1262
f 2223/307/1266 2234/1590/1267 2222/305/1264
f 2224/309/1268 2235/1591/1269 2223/307/1266
f 2226/1582/1248 2237/1592/1180 2225/1593/1270
f 2227/1583/1251 2238/1594/1212 2226/1582/1248
f 2228/1584/1253 2239/1595/1213 2227/1583/1251
f 2229/1585/1255 2240/1596/1214 2228/1584/1253
f 2230/1586/1257 2241/1597/1215 2229/1585/1255
f 2243/1598/1218 2230/1586/1257 2231/1587/1259
f 2244/1599/1219 2231/1587/1259 2232/1588/1263
f 2245/1600/1220 2232/1588/1263 2233/1589/1265
f 2246/1601/1221 2233/1589/1265 2234/1590/1267
f 2247/1602/1222 2234/1590/1267 2235/1591/1269
f 2248/1603/1201 2235/1591/1269 2236/1604/1271
f 2250/1605/1224 2237/1592/1180 2238/1594/1212
f 2251/1606/1225 2238/1594/1212 2239/1595/1213
f 2252/1607/1226 2239/1595/1213 2240/1596/1214
f 2253/1608/1272 2240/1596/1214 2241/1597/1215
f 2254/1609/1228 2241/1597/1215 2242/1610/1216
f 2255/1611/1229 2242/1610/1216 2243/1598/1218
f 2256/1612/1230 2243/1598/1218 2244/1599/1219
f 2257/1613/1231 2244/1599/1219 2245/1600/1220
f 2258/1614/1232 2245/1600/1220 2246/1601/1221
f 2259/1615/1233 2246/1601/1221 2247/1602/1222
f 2260/1616/1234 2247/1602/1222 2248/1603/1201
f 2262/1617/1235 2249/1618/1236 2250/1605/1224
f 2263/1619/1237 2250/1605/1224 2251/1606/1225
f 2264/1620/1238 2251/1606/1225 2252/1607/1226
f 2265/1621/1239 2252/1607/1226 2253/1608/1272
f 2266/1622/1240 2253/1608/1272 2254/1609/1228
f 2267/1623/1241 2254/1609/1228 2255/1611/1229
f 2268/1624/1242 2255/1611/1229 2256/1612/1230
f 2269/1625/1243 2256/1612/1230 2257/1613/1231
f 2270/1626/1244 2257/1613/1231 2258/1614/1232
f 2271/1627/1245 2258/1614/1232 2259/1615/1233
f 2272/1628/1246 2259/1615/1233 2260/1616/1234
f 2274/870/1273 2261/1629/1247 2262/1617/1235
f 2275/872/1274 2262/1617/1235 2263/1619/1237
f 2276/873/1275 2263/1619/1237 2264/1620/1238
f 2277/874/1276 2264/1620/1238 2265/1621/1239
f 2278/875/1277 2265/1621/1239 2266/1622/1240
f 2279/876/1278 2266/1622/1240 2267/1623/1241
f 2268/1624/1242 2279/876/1278 2267/1623/1241
f 2269/1625/1243 2280/877/1279 2268/1624/1242
f 2270/1626/1244 2281/878/1280 2269/1625/1243
f 2271/1627/1245 2282/879/1281 2270/1626/1244
f 2272/1628/1246 2283/881/1282 2271/1627/1245
f 2286/1630/1283 2273/275/1284 2274/870/1273
f 2287/1631/1285 2274/870/1273 2275/872/1274
f 2288/1632/1286 2275/872/1274 2276/873/1275
f 2289/1633/1287 2276/873/1275 2277/874/1276
f 2290/1634/1288 2277/874/1276 2278/875/1277
f 2291/1635/1289 2278/875/1277 2279/876/1278
f 2280/877/1279 2291/1635/1289 2279/876/1278
f 2281/878/1280 2292/1636/1290 2280/877/1279
f 2282/879/1281 2293/1637/1291 2281/878/1280
f 2283/881/1282 2294/1638/1292 2282/879/1281
f 2284/893/1293 2295/1639/1294 2283/881/1282
f 2286/1630/1283 2297/1640/1247 2285/1641/1295
f 2287/1631/1285 2298/1642/1235 2286/1630/1283
f 2288/1632/1286 2299/1643/1237 2287/1631/1285
f 2289/1633/1287 2300/1644/1238 2288/1632/1286
f 2290/1634/1288 2301/1645/1239 2289/1633/1287
f 2303/1646/1241 2290/1634/1288 2291/1635/1289
f 2304/1647/1296 2291/1635/1289 2292/1636/1290
f 2305/1648/1243 2292/1636/1290 2293/1637/1291
f 2306/1649/1244 2293/1637/1291 2294/1638/1292
f 2307/1650/1245 2294/1638/1292 2295/1639/1294
f 2308/1651/1246 2295/1639/1294 2296/1652/1297
f 2298/1642/1235 2309/1653/1202 2297/1640/1247
f 2311/1654/1204 2298/1642/1235 2299/1643/1237
f 2312/1655/1205 2299/1643/1237 2300/1644/1238
f 2313/1656/1298 2300/1644/1238 2301/1645/1239
f 2314/1657/1217 2301/1645/1239 2302/1658/1240
f 2315/1659/1207 2302/1658/1240 2303/1646/1241
f 2316/1660/1208 2303/1646/1241 2304/1647/1296
f 2317/1661/1209 2304/1647/1296 2305/1648/1243
f 2318/1662/1210 2305/1648/1243 2306/1649/1244
f 2319/1663/1211 2306/1649/1244 2307/1650/1245
f 2320/1664/1200 2307/1650/1245 2308/1651/1246
f 2322/1665/1212 2309/1653/1202 2310/1666/1203
f 2323/1667/1213 2310/1666/1203 2311/1654/1204
f 2324/1668/1214 2311/1654/1204 2312/1655/1205
f 2325/1669/1215 2312/1655/1205 2313/1656/1298
f 2326/1670/1216 2313/1656/1298 2314/1657/1217
f 2327/1671/1218 2314/1657/1217 2315/1659/1207
f 2328/1672/1219 2315/1659/1207 2316/1660/1208
f 2329/1673/1220 2316/1660/1208 2317/1661/1209
f 2330/1674/1221 2317/1661/1209 2318/1662/1210
f 2331/1675/1222 2318/1662/1210 2319/1663/1211
f 2332/1676/1201 2319/1663/1211 2320/1664/1200
f 2214/1454/1250 2321/1677/1180 2322/1665/1212
f 2215/1456/1252 2322/1665/1212 2323/1667/1213
f 2216/1457/1254 2323/1667/1213 2324/1668/1214
f 2217/1458/1256 2324/1668/1214 2325/1669/1215
f 2218/1459/1258 2325/1669/1215 2326/1670/1216
f 2219/1460/1260 2326/1670/1216 2327/1671/1218
f 2328/1672/1219 2219/1460/1260 2327/1671/1218
f 2329/1673/1220 2220/1461/1261 2328/1672/1219
f 2330/1674/1221 2221/1462/1262 2329/1673/1220
f 2331/1675/1222 2222/1463/1264 2330/1674/1221
f 2332/1676/1201 2223/1465/1266 2331/1675/1222
f 2346/1466/1179 2333/7/1180 2334/288/1181
f 2347/1467/1182 2334/288/1181 2335/290/1183
f 2348/1468/1184 2335/290/1183 2336/292/1185
f 2349/1469/1186 2336/292/1185 2337/294/1187
f 2350/1470/1299 2337/294/1187 2338/296/1300
f 2351/1471/1301 2338/296/1300 2339/299/1302
f 2352/1472/1192 2339/299/1302 2340/301/1193
f 2353/1473/1194 2340/301/1193 2341/303/1195
f 2354/1474/1196 2341/303/1195 2342/305/1197
f 2355/1475/1198 2342/305/1197 2343/307/1199
f 2356/1476/1200 2343/307/1199 2344/309/1201
f 2346/1466/1179 2357/1477/1202 2345/1478/1202
f 2347/1467/1182 2358/1479/1203 2346/1466/1179
f 2348/1468/1184 2359/1480/1204 2347/1467/1182
f 2349/1469/1186 2360/1481/1205 2348/1468/1184
f 2350/1470/1299 2361/1482/1206 2349/1469/1186
f 2363/1483/1207 2350/1470/1299 2351/1471/1301
f 2364/1484/1208 2351/1471/1301 2352/1472/1192
f 2365/1485/1209 2352/1472/1192 2353/1473/1194
f 2366/1486/1210 2353/1473/1194 2354/1474/1196
f 2367/1487/1211 2354/1474/1196 2355/1475/1198
f 2368/1488/1200 2355/1475/1198 2356/1476/1200
f 2370/1489/1212 2357/1477/1202 2358/1479/1203
f 2371/1490/1213 2358/1479/1203 2359/1480/1204
f 2372/1491/1214 2359/1480/1204 2360/1481/1205
f 2373/1492/1215 2360/1481/1205 2361/1482/1206
f 2374/1493/1216 2361/1482/1206 2362/1494/1217
f 2375/1495/1218 2362/1494/1217 2363/1483/1207
f 2376/1496/1219 2363/1483/1207 2364/1484/1208
f 2377/1497/1220 2364/1484/1208 2365/1485/1209
f 2378/1498/1221 2365/1485/1209 2366/1486/1210
f 2379/1499/1222 2366/1486/1210 2367/1487/1211
f 2380/1500/1201 2367/1487/1211 2368/1488/1200
f 2382/1501/1181 2369/278/1180 2370/1489/1212
f 2383/1502/1183 2370/1489/1212 2371/1490/1213
f 2384/1503/1185 2371/1490/1213 2372/1491/1214
f 2385/1504/1187 2372/1491/1214 2373/1492/1215
f 2386/1505/1300 2373/1492/1215 2374/1493/1216
f 2387/1506/1302 2374/1493/1216 2375/1495/1218
f 2376/1496/1219 2387/1506/1302 2375/1495/1218
f 2377/1497/1220 2388/1507/1193 2376/1496/1219
f 2378/1498/1221 2389/1508/1195 2377/1497/1220
f 2379/1499/1222 2390/1509/1197 2378/1498/1221
f 2380/1500/1201 2391/1510/1199 2379/1499/1222
f 2382/1501/1181 2393/1511/1202 2381/101/1180
f 2395/1512/1182 2382/1501/1181 2383/1502/1183
f 2396/1513/1184 2383/1502/1183 2384/1503/1185
f 2397/1514/1186 2384/1503/1185 2385/1504/1187
f 2398/1515/1299 2385/1504/1187 2386/1505/1300
f 2399/1516/1301 2386/1505/1300 2387/1506/1302
f 2400/1517/1192 2387/1506/1302 2388/1507/1193
f 2401/1518/1194 2388/1507/1193 2389/1508/1195
f 2402/1519/1196 2389/1508/1195 2390/1509/1197
f 2391/1510/1199 2402/1519/1196 2390/1509/1197
f 2404/1520/1200 2391/1510/1199 2392/1521/1201
f 2394/1522/1179 2405/275/1202 2393/1511/1202
f 2395/1512/1182 2406/870/1203 2394/1522/1179
f 2396/1513/1184 2407/872/1204 2395/1512/1182
f 2397/1514/1186 2408/873/1205 2396/1513/1184
f 2398/1515/1299 2409/874/1206 2397/1514/1186
f 2411/876/1207 2398/1515/1299 2399/1516/1301
f 2412/877/1208 2399/1516/1301 2400/1517/1192
f 2413/878/1209 2400/1517/1192 2401/1518/1194
f 2414/879/1210 2401/1518/1194 2402/1519/1196
f 2415/881/1211 2402/1519/1196 2403/1523/1198
f 2416/893/1200 2403/1523/1198 2404/1520/1200
f 2418/1524/1212 2405/275/1202 2406/870/1203
f 2419/1525/1213 2406/870/1203 2407/872/1204
f 2420/1526/1214 2407/872/1204 2408/873/1205
f 2409/874/1206 2420/1526/1214 2408/873/1205
f 2422/1527/1216 2409/874/1206 2410/875/1217
f 2423/1528/1218 2410/875/1217 2411/876/1207
f 2412/877/1208 2423/1528/1218 2411/876/1207
f 2425/1529/1220 2412/877/1208 2413/878/1209
f 2414/879/1210 2425/1529/1220 2413/878/1209
f 2427/1530/1222 2414/879/1210 2415/881/1211
f 2428/1531/1201 2415/881/1211 2416/893/1200
f 2418/1524/1212 2429/104/1236 2417/1533/1180
f 2431/1534/1225 2418/1524/1212 2419/1525/1213
f 2432/1535/1226 2419/1525/1213 2420/1526/1214
f 2433/1536/1272 2420/1526/1214 2421/1537/1303
f 2434/1538/1228 2421/1537/1303 2422/1527/1216
f 2435/1539/1229 2422/1527/1216 2423/1528/1218
f 2436/1540/1304 2423/1528/1218 2424/1541/1219
f 2437/1542/1231 2424/1541/1219 2425/1529/1220
f 2438/1543/1232 2425/1529/1220 2426/1544/1221
f 2439/1545/1233 2426/1544/1221 2427/1530/1222
f 2440/1546/1234 2427/1530/1222 2428/1531/1201
f 2442/1547/1235 2429/104/1236 2430/1532/1224
f 2443/1548/1237 2430/1532/1224 2431/1534/1225
f 2444/1549/1238 2431/1534/1225 2432/1535/1226
f 2445/1550/1239 2432/1535/1226 2433/1536/1272
f 2446/1551/1240 2433/1536/1272 2434/1538/1228
f 2447/1552/1241 2434/1538/1228 2435/1539/1229
f 2448/1553/1296 2435/1539/1229 2436/1540/1304
f 2449/1554/1243 2436/1540/1304 2437/1542/1231
f 2450/1555/1244 2437/1542/1231 2438/1543/1232
f 2451/1556/1245 2438/1543/1232 2439/1545/1233
f 2452/1557/1246 2439/1545/1233 2440/1546/1234
f 2454/1558/1203 2441/273/1247 2442/1547/1235
f 2455/1559/1204 2442/1547/1235 2443/1548/1237
f 2456/1560/1205 2443/1548/1237 2444/1549/1238
f 2457/1561/1298 2444/1549/1238 2445/1550/1239
f 2458/1562/1217 2445/1550/1239 2446/1551/1240
f 2459/1563/1207 2446/1551/1240 2447/1552/1241
f 2460/1564/1208 2447/1552/1241 2448/1553/1296
f 2461/1565/1209 2448/1553/1296 2449/1554/1243
f 2462/1566/1210 2449/1554/1243 2450/1555/1244
f 2463/1567/1211 2450/1555/1244 2451/1556/1245
f 2452/1557/1246 2463/1567/1211 2451/1556/1245
f 2466/1569/1212 2453/1570/1202 2454/1558/1203
f 2467/1571/1213 2454/1558/1203 2455/1559/1204
f 2456/1560/1205 2467/1571/1213 2455/1559/1204
f 2469/1572/1215 2456/1560/1205 2457/1561/1298
f 2458/1562/1217 2469/1572/1215 2457/1561/1298
f 2471/1573/1218 2458/1562/1217 2459/1563/1207
f 2472/1574/1219 2459/1563/1207 2460/1564/1208
f 2461/1565/1209 2472/1574/1219 2460/1564/1208
f 2474/1575/1221 2461/1565/1209 2462/1566/1210
f 2475/1576/1222 2462/1566/1210 2463/1567/1211
f 2476/1577/1201 2463/1567/1211 2464/1568/1200
f 2334/1454/1181 2465/1578/1180 2466/1569/1212
f 2335/1456/1183 2466/1569/1212 2467/1571/1213
f 2336/1457/1185 2467/1571/1213 2468/1579/1214
f 2337/1458/1187 2468/1579/1214 2469/1572/1215
f 2338/1459/1300 2469/1572/1215 2470/1580/1216
f 2339/1460/1302 2470/1580/1216 2471/1573/1218
f 2472/1574/1219 2339/1460/1302 2471/1573/1218
f 2473/1581/1220 2340/1461/1193 2472/1574/1219
f 2474/1575/1221 2341/1462/1195 2473/1581/1220
f 2475/1576/1222 2342/1463/1197 2474/1575/1221
f 2476/1577/1201 2343/1465/1199 2475/1576/1222
f 2490/1678/1305 2477/7/1236 2478/288/1224
f 2491/1679/1306 2478/288/1224 2479/290/1225
f 2492/1680/1307 2479/290/1225 2480/292/1226
f 2493/1681/1308 2480/292/1226 2481/294/1227
f 2494/1682/1309 2481/294/1227 2482/296/1228
f 2495/1683/1310 2482/296/1228 2483/299/1229
f 2484/301/1230 2495/1683/1310 2483/299/1229
f 2485/303/1231 2496/1684/1311 2484/301/1230
f 2486/305/1232 2497/1685/1312 2485/303/1231
f 2487/307/1233 2498/1686/1313 2486/305/1232
f 2488/309/1234 2499/1687/1314 2487/307/1233
f 2502/1688/1315 2489/1689/1316 2490/1678/1305
f 2503/1690/1317 2490/1678/1305 2491/1679/1306
f 2504/1691/1318 2491/1679/1306 2492/1680/1307
f 2505/1692/1319 2492/1680/1307 2493/1681/1308
f 2506/1693/1320 2493/1681/1308 2494/1682/1309
f 2507/1694/1321 2494/1682/1309 2495/1683/1310
f 2496/1684/1311 2507/1694/1321 2495/1683/1310
f 2497/1685/1312 2508/1695/1322 2496/1684/1311
f 2498/1686/1313 2509/1696/1323 2497/1685/1312
f 2499/1687/1314 2510/1697/1324 2498/1686/1313
f 2500/1698/1325 2511/1699/1326 2499/1687/1314
f 2502/1688/1315 2513/1592/1327 2501/1700/1328
f 2503/1690/1317 2514/1594/1329 2502/1688/1315
f 2504/1691/1318 2515/1595/1330 2503/1690/1317
f 2505/1692/1319 2516/1596/1331 2504/1691/1318
f 2506/1693/1320 2517/1597/1332 2505/1692/1319
f 2519/1598/1333 2506/1693/1320 2507/1694/1321
f 2520/1599/1334 2507/1694/1321 2508/1695/1322
f 2521/1600/1335 2508/1695/1322 2509/1696/1323
f 2522/1601/1336 2509/1696/1323 2510/1697/1324
f 2523/1602/1337 2510/1697/1324 2511/1699/1326
f 2524/1603/1338 2511/1699/1326 2512/1701/1339
f 2514/1594/1329 2525/1702/1340 2513/1592/1327
f 2515/1595/1330 2526/1703/1341 2514/1594/1329
f 2528/1704/1342 2515/1595/1330 2516/1596/1331
f 2529/1705/1343 2516/1596/1331 2517/1597/1332
f 2530/1706/1344 2517/1597/1332 2518/1610/1345
f 2531/1707/1346 2518/1610/1345 2519/1598/1333
f 2532/1708/1347 2519/1598/1333 2520/1599/1334
f 2533/1709/1348 2520/1599/1334 2521/1600/1335
f 2534/1710/1349 2521/1600/1335 2522/1601/1336
f 2535/1711/1350 2522/1601/1336 2523/1602/1337
f 2536/1712/1351 2523/1602/1337 2524/1603/1338
f 2538/1501/1352 2525/1702/1340 2526/1703/1341
f 2539/1502/1353 2526/1703/1341 2527/1713/1354
f 2540/1503/1355 2527/1713/1354 2528/1704/1342
f 2541/1504/1356 2528/1704/1342 2529/1705/1343
f 2542/1505/1357 2529/1705/1343 2530/1706/1344
f 2543/1506/1358 2530/1706/1344 2531/1707/1346
f 2532/1708/1347 2543/1506/1358 2531/1707/1346
f 2533/1709/1348 2544/1507/1359 2532/1708/1347
f 2534/1710/1349 2545/1508/1360 2533/1709/1348
f 2535/1711/1350 2546/1509/1361 2534/1710/1349
f 2536/1712/1351 2547/1510/1362 2535/1711/1350
f 2538/1501/1352 2549/1629/1363 2537/101/1364
f 2539/1502/1353 2550/1617/1365 2538/1501/1352
f 2540/1503/1355 2551/1619/1366 2539/1502/1353
f 2541/1504/1356 2552/1620/1367 2540/1503/1355
f 2542/1505/1357 2553/1621/1368 2541/1504/1356
f 2555/1623/1369 2542/1505/1357 2543/1506/1358
f 2556/1624/1370 2543/1506/1358 2544/1507/1359
f 2557/1625/1371 2544/1507/1359 2545/1508/1360
f 2558/1626/1372 2545/1508/1360 2546/1509/1361
f 2559/1627/1373 2546/1509/1361 2547/1510/1362
f 2560/1628/1374 2547/1510/1362 2548/1521/1375
f 2550/1617/1365 2561/1714/1180 2549/1629/1363
f 2551/1619/1366 2562/1715/1212 2550/1617/1365
f 2552/1620/1367 2563/1716/1213 2551/1619/1366
f 2553/1621/1368 2564/1717/1214 2552/1620/1367
f 2554/1622/1376 2565/1718/1303 2553/1621/1368
f 2567/1719/1218 2554/1622/1376 2555/1623/1369
f 2568/1720/1219 2555/1623/1369 2556/1624/1370
f 2569/1721/1220 2556/1624/1370 2557/1625/1371
f 2570/1722/1221 2557/1625/1371 2558/1626/1372
f 2571/1723/1222 2558/1626/1372 2559/1627/1373
f 2572/1724/1201 2559/1627/1373 2560/1628/1374
f 2562/1715/1212 2573/1725/1236 2561/1714/1180
f 2575/1726/1225 2562/1715/1212 2563/1716/1213
f 2576/1727/1226 2563/1716/1213 2564/1717/1214
f 2577/1728/1272 2564/1717/1214 2565/1718/1303
f 2578/1729/1228 2565/1718/1303 2566/1730/1216
f 2579/1731/1229 2566/1730/1216 2567/1719/1218
f 2580/1732/1230 2567/1719/1218 2568/1720/1219
f 2581/1733/1231 2568/1720/1219 2569/1721/1220
f 2582/1734/1232 2569/1721/1220 2570/1722/1221
f 2583/1735/1233 2570/1722/1221 2571/1723/1222
f 2584/1736/1234 2571/1723/1222 2572/1724/1201
f 2586/1630/1235 2573/1725/1236 2574/1737/1224
f 2587/1631/1237 2574/1737/1224 2575/1726/1225
f 2588/1632/1238 2575/1726/1225 2576/1727/1226
f 2589/1633/1377 2576/1727/1226 2577/1728/1272
f 2590/1634/1240 2577/1728/1272 2578/1729/1228
f 2591/1635/1241 2578/1729/1228 2579/1731/1229
f 2592/1636/1296 2579/1731/1229 2580/1732/1230
f 2593/1637/1243 2580/1732/1230 2581/1733/1231
f 2594/1638/1244 2581/1733/1231 2582/1734/1232
f 2595/1639/1245 2582/1734/1232 2583/1735/1233
f 2596/1652/1246 2583/1735/1233 2584/1736/1234
f 2598/1532/1378 2585/1641/1247 2586/1630/1235
f 2599/1534/1379 2586/1630/1235 2587/1631/1237
f 2600/1535/1380 2587/1631/1237 2588/1632/1238
f 2601/1536/1381 2588/1632/1238 2589/1633/1377
f 2602/1538/1382 2589/1633/1377 2590/1634/1240
f 2603/1539/1383 2590/1634/1240 2591/1635/1241
f 2592/1636/1296 2603/1539/1383 2591/1635/1241
f 2593/1637/1243 2604/1540/1384 2592/1636/1296
f 2594/1638/1244 2605/1542/1385 2593/1637/1243
f 2595/1639/1245 2606/1543/1386 2594/1638/1244
f 2596/1652/1246 2607/1545/1387 2595/1639/1245
f 2610/1738/1388 2597/104/1389 2598/1532/1378
f 2611/1739/1390 2598/1532/1378 2599/1534/1379
f 2612/1740/1391 2599/1534/1379 2600/1535/1380
f 2613/1741/1392 2600/1535/1380 2601/1536/1381
f 2614/1742/1393 2601/1536/1381 2602/1538/1382
f 2615/1743/1394 2602/1538/1382 2603/1539/1383
f 2604/1540/1384 2615/1743/1394 2603/1539/1383
f 2605/1542/1385 2616/1744/1395 2604/1540/1384
f 2606/1543/1386 2617/1745/1396 2605/1542/1385
f 2607/1545/1387 2618/1746/1397 2606/1543/1386
f 2608/1546/1398 2619/1747/1399 2607/1545/1387
f 2610/1738/1388 2621/1653/1400 2609/1748/1401
f 2611/1739/1390 2622/1666/1402 2610/1738/1388
f 2612/1740/1391 2623/1654/1403 2611/1739/1390
f 2613/1741/1392 2624/1655/1404 2612/1740/1391
f 2614/1742/1393 2625/1656/1405 2613/1741/1392
f 2627/1659/1406 2614/1742/1393 2615/1743/1394
f 2628/1660/1407 2615/1743/1394 2616/1744/1395
f 2629/1661/1408 2616/1744/1395 2617/1745/1396
f 2630/1662/1409 2617/1745/1396 2618/1746/1397
f 2631/1663/1410 2618/1746/1397 2619/1747/1399
f 2632/1664/1411 2619/1747/1399 2620/1749/1412
f 2622/1666/1402 2633/1750/1202 2621/1653/1400
f 2623/1654/1403 2634/1751/1203 2622/1666/1402
f 2624/1655/1404 2635/1752/1204 2623/1654/1403
f 2625/1656/1405 2636/1753/1205 2624/1655/1404
f 2626/1657/1413 2637/1754/1298 2625/1656/1405
f 2639/1755/1207 2626/1657/1413 2627/1659/1406
f 2640/1756/1414 2627/1659/1406 2628/1660/1407
f 2641/1757/1209 2628/1660/1407 2629/1661/1408
f 2642/1758/1210 2629/1661/1408 2630/1662/1409
f 2643/1759/1211 2630/1662/1409 2631/1663/1410
f 2644/1760/1200 2631/1663/1410 2632/1664/1411
f 2646/1761/1212 2633/1750/1202 2634/1751/1203
f 2647/1762/1213 2634/1751/1203 2635/1752/1204
f 2648/1763/1214 2635/1752/1204 2636/1753/1205
f 2649/1764/1303 2636/1753/1205 2637/1754/1298
f 2650/1765/1216 2637/1754/1298 2638/1766/1217
f 2651/1767/1218 2638/1766/1217 2639/1755/1207
f 2652/1768/1415 2639/1755/1207 2640/1756/1414
f 2653/1769/1220 2640/1756/1414 2641/1757/1209
f 2654/1770/1221 2641/1757/1209 2642/1758/1210
f 2655/1771/1222 2642/1758/1210 2643/1759/1211
f 2656/1772/1201 2643/1759/1211 2644/1760/1200
f 2478/1454/1224 2645/1773/1180 2646/1761/1212
f 2479/1456/1225 2646/1761/1212 2647/1762/1213
f 2480/1457/1226 2647/1762/1213 2648/1763/1214
f 2481/1458/1227 2648/1763/1214 2649/1764/1303
f 2482/1459/1228 2649/1764/1303 2650/1765/1216
f 2483/1460/1229 2650/1765/1216 2651/1767/1218
f 2484/1461/1230 2651/1767/1218 2652/1768/1415
f 2485/1462/1231 2652/1768/1415 2653/1769/1220
f 2486/1463/1232 2653/1769/1220 2654/1770/1221
f 2487/1465/1233 2654/1770/1221 2655/1771/1222
f 2488/1774/1234 2655/1771/1222 2656/1772/1201
f 2670/1775/1416 2657/7/1417 2658/288/1418
f 2671/1776/1419 2658/288/1418 2659/290/1420
f 2672/1777/1421 2659/290/1420 2660/292/1422
f 2673/1778/1423 2660/292/1422 2661/294/1424
f 2674/1779/1425 2661/294/1424 2662/296/1426
f 2675/1780/1427 2662/296/1426 2663/299/1428
f 2664/301/1429 2675/1780/1427 2663/299/1428
f 2665/303/1430 2676/1781/1431 2664/301/1429
f 2666/305/1432 2677/1782/1433 2665/303/1430
f 2667/307/1434 2678/1783/1435 2666/305/1432
f 2668/309/1436 2679/1784/1437 2667/307/1434
f 2670/1775/1416 2681/99/1180 2669/100/1438
f 2671/1776/1419 2682/1785/1212 2670/1775/1416
f 2672/1777/1421 2683/1786/1213 2671/1776/1419
f 2673/1778/1423 2684/1787/1214 2672/1777/1421
f 2674/1779/1425 2685/1788/1303 2673/1778/1423
f 2687/1789/1218 2674/1779/1425 2675/1780/1427
f 2688/1790/1219 2675/1780/1427 2676/1781/1431
f 2689/1791/1220 2676/1781/1431 2677/1782/1433
f 2690/1792/1221 2677/1782/1433 2678/1783/1435
f 2691/1793/1222 2678/1783/1435 2679/1784/1437
f 2692/1794/1201 2679/1784/1437 2680/1795/1439
f 2694/1501/1224 2681/99/1180 2682/1785/1212
f 2695/1502/1225 2682/1785/1212 2683/1786/1213
f 2684/1787/1214 2695/1502/1225 2683/1786/1213
f 2697/1504/1272 2684/1787/1214 2685/1788/1303
f 2686/1796/1216 2697/1504/1272 2685/1788/1303
f 2699/1506/1229 2686/1796/1216 2687/1789/1218
f 2700/1507/1230 2687/1789/1218 2688/1790/1219
f 2689/1791/1220 2700/1507/1230 2688/1790/1219
f 2702/1509/1232 2689/1791/1220 2690/1792/1221
f 2691/1793/1222 2702/1509/1232 2690/1792/1221
f 2704/1521/1234 2691/1793/1222 2692/1794/1201
f 2706/1797/1440 2693/101/1236 2694/1501/1224
f 2707/1798/1441 2694/1501/1224 2695/1502/1225
f 2708/1799/1442 2695/1502/1225 2696/1503/1226
f 2709/1800/1443 2696/1503/1226 2697/1504/1272
f 2710/1801/1444 2697/1504/1272 2698/1505/1228
f 2711/1802/1445 2698/1505/1228 2699/1506/1229
f 2700/1507/1230 2711/1802/1445 2699/1506/1229
f 2701/1508/1231 2712/1803/1446 2700/1507/1230
f 2702/1509/1232 2713/1804/1447 2701/1508/1231
f 2703/1510/1233 2714/1805/1448 2702/1509/1232
f 2704/1521/1234 2715/1806/1449 2703/1510/1233
f 2706/1797/1440 2717/103/1450 2705/102/1451
f 2707/1798/1441 2718/1807/1452 2706/1797/1440
f 2708/1799/1442 2719/1808/1453 2707/1798/1441
f 2709/1800/1443 2720/1809/1454 2708/1799/1442
f 2710/1801/1444 2721/1810/1455 2709/1800/1443
f 2723/1811/1456 2710/1801/1444 2711/1802/1445
f 2724/1812/1457 2711/1802/1445 2712/1803/1446
f 2725/1813/1458 2712/1803/1446 2713/1804/1447
f 2726/1814/1459 2713/1804/1447 2714/1805/1448
f 2727/1815/1460 2714/1805/1448 2715/1806/1449
f 2728/1816/1461 2715/1806/1449 2716/1817/1462
f 2730/1532/1463 2717/103/1450 2718/1807/1452
f 2731/1534/1464 2718/1807/1452 2719/1808/1453
f 2732/1535/1465 2719/1808/1453 2720/1809/1454
f 2733/1536/1466 2720/1809/1454 2721/1810/1455
f 2734/1538/1467 2721/1810/1455 2722/1818/1468
f 2735/1539/1469 2722/1818/1468 2723/1811/1456
f 2724/1812/1457 2735/1539/1469 2723/1811/1456
f 2725/1813/1458 2736/1540/1470 2724/1812/1457
f 2726/1814/1459 2737/1542/1471 2725/1813/1458
f 2727/1815/1460 2738/1543/1472 2726/1814/1459
f 2728/1816/1461 2739/1545/1473 2727/1815/1460
f 2742/1819/1474 2729/104/1475 2730/1532/1463
f 2743/1820/1476 2730/1532/1463 2731/1534/1464
f 2744/1821/1477 2731/1534/1464 2732/1535/1465
f 2745/1822/1478 2732/1535/1465 2733/1536/1466
f 2746/1823/1479 2733/1536/1466 2734/1538/1467
f 2747/1824/1480 2734/1538/1467 2735/1539/1469
f 2736/1540/1470 2747/1824/1480 2735/1539/1469
f 2737/1542/1471 2748/1825/1481 2736/1540/1470
f 2738/1543/1472 2749/1826/1482 2737/1542/1471
f 2739/1545/1473 2750/1827/1483 2738/1543/1472
f 2740/1546/1484 2751/1828/1485 2739/1545/1473
f 2742/1819/1474 2753/105/1486 2741/106/1487
f 2743/1820/1476 2754/1829/1488 2742/1819/1474
f 2744/1821/1477 2755/1830/1489 2743/1820/1476
f 2745/1822/1478 2756/1831/1490 2744/1821/1477
f 2746/1823/1479 2757/1832/1491 2745/1822/1478
f 2759/1833/1492 2746/1823/1479 2747/1824/1480
f 2760/1834/1493 2747/1824/1480 2748/1825/1481
f 2761/1835/1494 2748/1825/1481 2749/1826/1482
f 2762/1836/1495 2749/1826/1482 2750/1827/1483
f 2763/1837/1496 2750/1827/1483 2751/1828/1485
f 2764/1838/1497 2751/1828/1485 2752/1839/1498
f 2754/1829/1488 2657/1/1417 2753/105/1486
f 2755/1830/1489 2658/1454/1418 2754/1829/1488
f 2756/1831/1490 2659/1456/1420 2755/1830/1489
f 2757/1832/1491 2660/1457/1422 2756/1831/1490
f 2758/1840/1499 2661/1458/1424 2757/1832/1491
f 2663/1460/1428 2758/1840/1499 2759/1833/1492
f 2664/1461/1429 2759/1833/1492 2760/1834/1493
f 2665/1462/1430 2760/1834/1493 2761/1835/1494
f 2666/1463/1432 2761/1835/1494 2762/1836/1495
f 2667/1465/1434 2762/1836/1495 2763/1837/1496
f 2668/1774/1436 2763/1837/1496 2764/1838/1497
f 2766/288/1181 2777/276/1180 2765/7/1180
f 2767/290/1183 2778/1841/1212 2766/288/1181
f 2768/292/1185 2779/1842/1213 2767/290/1183
f 2769/294/1187 2780/1843/1214 2768/292/1185
f 2770/296/1189 2781/1844/1303 2769/294/1187
f 2783/1845/1218 2770/296/1189 2771/299/1302
f 2784/1846/1415 2771/299/1302 2772/301/1193
f 2785/1847/1220 2772/301/1193 2773/303/1195
f 2786/1848/1221 2773/303/1195 2774/305/1197
f 2787/1849/1222 2774/305/1197 2775/307/1199
f 2788/1850/1201 2775/307/1199 2776/309/1201
f 2790/1489/1224 2777/276/1180 2778/1841/1212
f 2791/1490/1225 2778/1841/1212 2779/1842/1213
f 2792/1491/1226 2779/1842/1213 2780/1843/1214
f 2793/1492/1227 2780/1843/1214 2781/1844/1303
f 2794/1493/1228 2781/1844/1303 2782/1851/1216
f 2795/1495/1229 2782/1851/1216 2783/1845/1218
f 2796/1496/1230 2783/1845/1218 2784/1846/1415
f 2797/1497/1231 2784/1846/1415 2785/1847/1220
f 2798/1498/1232 2785/1847/1220 2786/1848/1221
f 2799/1499/1233 2786/1848/1221 2787/1849/1222
f 2800/1500/1234 2787/1849/1222 2788/1850/1201
f 2802/1852/1500 2789/278/1236 2790/1489/1224
f 2803/1853/1501 2790/1489/1224 2791/1490/1225
f 2804/1854/1502 2791/1490/1225 2792/1491/1226
f 2805/1855/1503 2792/1491/1226 2793/1492/1227
f 2806/1856/1504 2793/1492/1227 2794/1493/1228
f 2807/1857/1505 2794/1493/1228 2795/1495/1229
f 2796/1496/1230 2807/1857/1505 2795/1495/1229
f 2797/1497/1231 2808/1858/1506 2796/1496/1230
f 2798/1498/1232 2809/1859/1507 2797/1497/1231
f 2799/1499/1233 2810/1860/1508 2798/1498/1232
f 2800/1500/1234 2811/1861/1509 2799/1499/1233
f 2802/1852/1500 2813/275/1236 2801/279/1236
f 2803/1853/1501 2814/870/1224 2802/1852/1500
f 2804/1854/1502 2815/872/1225 2803/1853/1501
f 2805/1855/1503 2816/873/1226 2804/1854/1502
f 2806/1856/1504 2817/874/1227 2805/1855/1503
f 2819/876/1229 2806/1856/1504 2807/1857/1505
f 2820/877/1304 2807/1857/1505 2808/1858/1506
f 2821/878/1231 2808/1858/1506 2809/1859/1507
f 2822/879/1232 2809/1859/1507 2810/1860/1508
f 2823/881/1233 2810/1860/1508 2811/1861/1509
f 2824/893/1234 2811/1861/1509 2812/1862/1234
f 2826/1863/1235 2813/275/1236 2814/870/1224
f 2827/1864/1237 2814/870/1224 2815/872/1225
f 2828/1865/1238 2815/872/1225 2816/873/1226
f 2817/874/1227 2828/1865/1238 2816/873/1226
f 2830/1866/1240 2817/874/1227 2818/875/1228
f 2831/1867/1241 2818/875/1228 2819/876/1229
f 2820/877/1304 2831/1867/1241 2819/876/1229
f 2833/1868/1243 2820/877/1304 2821/878/1231
f 2822/879/1232 2833/1868/1243 2821/878/1231
f 2835/1869/1245 2822/879/1232 2823/881/1233
f 2836/1870/1246 2823/881/1233 2824/893/1234
f 2838/1547/1203 2825/274/1247 2826/1863/1235
f 2839/1548/1204 2826/1863/1235 2827/1864/1237
f 2828/1865/1238 2839/1548/1204 2827/1864/1237
f 2841/1550/1298 2828/1865/1238 2829/1871/1377
f 2842/1551/1217 2829/1871/1377 2830/1866/1240
f 2843/1552/1207 2830/1866/1240 2831/1867/1241
f 2844/1553/1414 2831/1867/1241 2832/1872/1296
f 2845/1554/1209 2832/1872/1296 2833/1868/1243
f 2846/1555/1210 2833/1868/1243 2834/1873/1244
f 2835/1869/1245 2846/1555/1210 2834/1873/1244
f 2848/1557/1200 2835/1869/1245 2836/1870/1246
f 2850/1874/1212 2837/273/1202 2838/1547/1203
f 2851/1875/1213 2838/1547/1203 2839/1548/1204
f 2840/1549/1205 2851/1875/1213 2839/1548/1204
f 2853/1876/1303 2840/1549/1205 2841/1550/1298
f 2842/1551/1217 2853/1876/1303 2841/1550/1298
f 2855/1877/1218 2842/1551/1217 2843/1552/1207
f 2856/1878/1415 2843/1552/1207 2844/1553/1414
f 2845/1554/1209 2856/1878/1415 2844/1553/1414
f 2858/1879/1221 2845/1554/1209 2846/1555/1210
f 2859/1880/1222 2846/1555/1210 2847/1556/1211
f 2860/1881/1201 2847/1556/1211 2848/1557/1200
f 2766/1454/1181 2849/277/1180 2850/1874/1212
f 2767/1456/1183 2850/1874/1212 2851/1875/1213
f 2768/1457/1185 2851/1875/1213 2852/1882/1214
f 2769/1458/1187 2852/1882/1214 2853/1876/1303
f 2770/1459/1189 2853/1876/1303 2854/1883/1216
f 2771/1460/1302 2854/1883/1216 2855/1877/1218
f 2856/1878/1415 2771/1460/1302 2855/1877/1218
f 2857/1884/1220 2772/1461/1193 2856/1878/1415
f 2858/1879/1221 2773/1462/1195 2857/1884/1220
f 2859/1880/1222 2774/1463/1197 2858/1879/1221
f 2860/1881/1201 2775/1465/1199 2859/1880/1222
f 2862/288/1510 2873/1885/1511 2861/7/1512
f 2863/290/1513 2874/1886/1514 2862/288/1510
f 2864/292/1515 2875/1887/1516 2863/290/1513
f 2865/294/1517 2876/1888/1518 2864/292/1515
f 2866/296/1519 2877/1889/1520 2865/294/1517
f 2879/1890/1521 2866/296/1519 2867/299/1522
f 2880/1891/1523 2867/299/1522 2868/301/1524
f 2881/1892/1525 2868/301/1524 2869/303/1526
f 2882/1893/1527 2869/303/1526 2870/305/1528
f 2883/1894/1529 2870/305/1528 2871/307/1530
f 2884/1895/1531 2871/307/1530 2872/309/1532
f 2874/1886/1514 2885/1896/1533 2873/1885/1511
f 2875/1887/1516 2886/1897/1534 2874/1886/1514
f 2876/1888/1518 2887/1898/1535 2875/1887/1516
f 2877/1889/1520 2888/1899/1536 2876/1888/1518
f 2878/1900/1537 2889/1901/1538 2877/1889/1520
f 2891/1902/1539 2878/1900/1537 2879/1890/1521
f 2892/1903/1540 2879/1890/1521 2880/1891/1523
f 2893/1904/1541 2880/1891/1523 2881/1892/1525
f 2894/1905/1542 2881/1892/1525 2882/1893/1527
f 2895/1906/1543 2882/1893/1527 2883/1894/1529
f 2896/1907/1544 2883/1894/1529 2884/1895/1531
f 2886/1897/1534 2897/1908/1545 2885/1896/1533
f 2887/1898/1535 2898/1909/1546 2886/1897/1534
f 2888/1899/1536 2899/1910/1547 2887/1898/1535
f 2889/1901/1538 2900/1911/1548 2888/1899/1536
f 2890/1912/1549 2901/1913/1550 2889/1901/1538
f 2903/1914/1551 2890/1912/1549 2891/1902/1539
f 2904/1915/1552 2891/1902/1539 2892/1903/1540
f 2905/1916/1553 2892/1903/1540 2893/1904/1541
f 2906/1917/1554 2893/1904/1541 2894/1905/1542
f 2907/1918/1555 2894/1905/1542 2895/1906/1543
f 2908/1919/1556 2895/1906/1543 2896/1907/1544
f 2898/1909/1546 2909/1920/1557 2897/1908/1545
f 2899/1910/1547 2910/1921/1558 2898/1909/1546
f 2900/1911/1548 2911/1922/1559 2899/1910/1547
f 2901/1913/1550 2912/1923/1560 2900/1911/1548
f 2902/1924/1561 2913/1925/1562 2901/1913/1550
f 2915/1926/1563 2902/1924/1561 2903/1914/1551
f 2916/1927/1564 2903/1914/1551 2904/1915/1552
f 2917/1928/1565 2904/1915/1552 2905/1916/1553
f 2918/1929/1566 2905/1916/1553 2906/1917/1554
f 2919/1930/1567 2906/1917/1554 2907/1918/1555
f 2920/1931/1568 2907/1918/1555 2908/1919/1556
f 2910/1921/1558 2921/1932/1569 2909/1920/1557
f 2911/1922/1559 2922/1933/1570 2910/1921/1558
f 2912/1923/1560 2923/1934/1571 2911/1922/1559
f 2913/1925/1562 2924/1935/1572 2912/1923/1560
f 2914/1936/1573 2925/1937/1574 2913/1925/1562
f 2927/1938/1575 2914/1936/1573 2915/1926/1563
f 2928/1939/1576 2915/1926/1563 2916/1927/1564
f 2929/1940/1577 2916/1927/1564 2917/1928/1565
f 2930/1941/1578 2917/1928/1565 2918/1929/1566
f 2931/1942/1579 2918/1929/1566 2919/1930/1567
f 2932/1943/1580 2919/1930/1567 2920/1931/1568
f 2934/1944/1581 2921/1932/1569 2922/1933/1570
f 2935/1945/1582 2922/1933/1570 2923/1934/1571
f 2936/1946/1583 2923/1934/1571 2924/1935/1572
f 2937/1947/1584 2924/1935/1572 2925/1937/1574
f 2938/1948/1585 2925/1937/1574 2926/1949/1586
f 2939/1950/1587 2926/1949/1586 2927/1938/1575
f 2928/1939/1576 2939/1950/1587 2927/1938/1575
f 2929/1940/1577 2940/1951/1588 2928/1939/1576
f 2930/1941/1578 2941/1952/1589 2929/1940/1577
f 2931/1942/1579 2942/1953/1590 2930/1941/1578
f 2932/1943/1580 2943/1954/1591 2931/1942/1579
f 2946/1955/1592 2933/1956/1593 2934/1944/1581
f 2947/1957/1594 2934/1944/1581 2935/1945/1582
f 2948/1958/1595 2935/1945/1582 2936/1946/1583
f 2949/1959/1596 2936/1946/1583 2937/1947/1584
f 2950/1960/1597 2937/1947/1584 2938/1948/1585
f 2951/1961/1598 2938/1948/1585 2939/1950/1587
f 2940/1951/1588 2951/1961/1598 2939/1950/1587
f 2941/1952/1589 2952/1962/1599 2940/1951/1588
f 2942/1953/1590 2953/1963/1600 2941/1952/1589
f 2943/1954/1591 2954/1964/1601 2942/1953/1590
f 2944/1965/1602 2955/1966/1603 2943/1954/1591
f 2958/1967/1604 2945/1968/1605 2946/1955/1592
f 2959/1969/1606 2946/1955/1592 2947/1957/1594
f 2960/1970/1607 2947/1957/1594 2948/1958/1595
f 2961/1971/1608 2948/1958/1595 2949/1959/1596
f 2962/1972/1609 2949/1959/1596 2950/1960/1597
f 2963/1973/1610 2950/1960/1597 2951/1961/1598
f 2952/1962/1599 2963/1973/1610 2951/1961/1598
f 2953/1963/1600 2964/1974/1611 2952/1962/1599
f 2954/1964/1601 2965/1975/1612 2953/1963/1600
f 2955/1966/1603 2966/1976/1613 2954/1964/1601
f 2956/1977/1614 2967/1978/1615 2955/1966/1603
f 2970/1979/1616 2957/1980/1617 2958/1967/1604
f 2971/1981/1618 2958/1967/1604 2959/1969/1606
f 2972/1982/1619 2959/1969/1606 2960/1970/1607
f 2973/1983/1620 2960/1970/1607 2961/1971/1608
f 2974/1984/1621 2961/1971/1608 2962/1972/1609
f 2975/1985/1622 2962/1972/1609 2963/1973/1610
f 2964/1974/1611 2975/1985/1622 2963/1973/1610
f 2965/1975/1612 2976/1986/1623 2964/1974/1611
f 2966/1976/1613 2977/1987/1624 2965/1975/1612
f 2967/1978/1615 2978/1988/1625 2966/1976/1613
f 2968/1989/1626 2979/1990/1627 2967/1978/1615
f 2982/1991/1628 2969/1992/1629 2970/1979/1616
f 2983/1993/1630 2970/1979/1616 2971/1981/1618
f 2984/1994/1631 2971/1981/1618 2972/1982/1619
f 2985/1995/1632 2972/1982/1619 2973/1983/1620
f 2986/1996/1633 2973/1983/1620 2974/1984/1621
f 2987/1997/1634 2974/1984/1621 2975/1985/1622
f 2976/1986/1623 2987/1997/1634 2975/1985/1622
f 2977/1987/1624 2988/1998/1635 2976/1986/1623
f 2978/1988/1625 2989/1999/1636 2977/1987/1624
f 2979/1990/1627 2990/2000/1637 2978/1988/1625
f 2980/2001/1638 2991/2002/1639 2979/1990/1627
f 2994/2003/1640 2981/2004/1641 2982/1991/1628
f 2995/2005/1642 2982/1991/1628 2983/1993/1630
f 2996/2006/1643 2983/1993/1630 2984/1994/1631
f 2997/2007/1644 2984/1994/1631 2985/1995/1632
f 2998/2008/1645 2985/1995/1632 2986/1996/1633
f 2999/2009/1646 2986/1996/1633 2987/1997/1634
f 2988/1998/1635 2999/2009/1646 2987/1997/1634
f 2989/1999/1636 3000/2010/1647 2988/1998/1635
f 2990/2000/1637 3001/2011/1648 2989/1999/1636
f 2991/2002/1639 3002/2012/1649 2990/2000/1637
f 2992/2013/1650 3003/2014/1651 2991/2002/1639
f 2994/2003/1640 3005/2015/1652 2993/2016/1653
f 2995/2005/1642 3006/2017/1654 2994/2003/1640
f 2996/2006/1643 3007/2018/1655 2995/2005/1642
f 2997/2007/1644 3008/2019/1656 2996/2006/1643
f 2998/2008/1645 3009/2020/1657 2997/2007/1644
f 3011/2021/1658 2998/2008/1645 2999/2009/1646
f 3012/2022/1659 2999/2009/1646 3000/2010/1647
f 3013/2023/1660 3000/2010/1647 3001/2011/1648
f 3014/2024/1661 3001/2011/1648 3002/2012/1649
f 3015/2025/1662 3002/2012/1649 3003/2014/1651
f 3016/2026/1663 3003/2014/1651 3004/2027/1664
f 3006/2017/1654 3017/1477/1665 3005/2015/1652
f 3007/2018/1655 3018/1479/1666 3006/2017/1654
f 3008/2019/1656 3019/1480/1667 3007/2018/1655
f 3009/2020/1657 3020/1481/1668 3008/2019/1656
f 3010/2028/1669 3021/1482/1670 3009/2020/1657
f 3023/1483/1671 3010/2028/1669 3011/2021/1658
f 3024/1484/1672 3011/2021/1658 3012/2022/1659
f 3025/1485/1673 3012/2022/1659 3013/2023/1660
f 3026/1486/1674 3013/2023/1660 3014/2024/1661
f 3027/1487/1675 3014/2024/1661 3015/2025/1662
f 3028/1488/1676 3015/2025/1662 3016/2026/1663
f 3018/1479/1666 3029/2029/1677 3017/1477/1665
f 3019/1480/1667 3030/2030/1678 3018/1479/1666
f 3020/1481/1668 3031/2031/1679 3019/1480/1667
f 3021/1482/1670 3032/2032/1680 3020/1481/1668
f 3022/1494/1681 3033/2033/1682 3021/1482/1670
f 3035/2034/1683 3022/1494/1681 3023/1483/1671
f 3036/2035/1684 3023/1483/1671 3024/1484/1672
f 3037/2036/1685 3024/1484/1672 3025/1485/1673
f 3038/2037/1686 3025/1485/1673 3026/1486/1674
f 3039/2038/1687 3026/1486/1674 3027/1487/1675
f 3040/2039/1688 3027/1487/1675 3028/1488/1676
f 3030/2030/1678 3041/2040/1689 3029/2029/1677
f 3031/2031/1679 3042/2041/1690 3030/2030/1678
f 3032/2032/1680 3043/2042/1691 3031/2031/1679
f 3033/2033/1682 3044/2043/1692 3032/2032/1680
f 3034/2044/1693 3045/2045/1694 3033/2033/1682
f 3047/2046/1695 3034/2044/1693 3035/2034/1683
f 3048/2047/1696 3035/2034/1683 3036/2035/1684
f 3049/2048/1697 3036/2035/1684 3037/2036/1685
f 3050/2049/1698 3037/2036/1685 3038/2037/1686
f 3051/2050/1699 3038/2037/1686 3039/2038/1687
f 3052/2051/1700 3039/2038/1687 3040/2039/1688
f 3042/2041/1690 3053/2052/1701 3041/2040/1689
f 3043/2042/1691 3054/2053/1702 3042/2041/1690
f 3044/2043/1692 3055/2054/1703 3043/2042/1691
f 3045/2045/1694 3056/2055/1704 3044/2043/1692
f 3046/2056/1705 3057/2057/1706 3045/2045/1694
f 3059/2058/1707 3046/2056/1705 3047/2046/1695
f 3060/2059/1708 3047/2046/1695 3048/2047/1696
f 3061/2060/1709 3048/2047/1696 3049/2048/1697
f 3062/2061/1710 3049/2048/1697 3050/2049/1698
f 3063/2062/1711 3050/2049/1698 3051/2050/1699
f 3064/2063/1712 3051/2050/1699 3052/2051/1700
f 3054/2053/1702 3065/2064/1713 3053/2052/1701
f 3055/2054/1703 3066/2065/1714 3054/2053/1702
f 3056/2055/1704 3067/2066/1715 3055/2054/1703
f 3057/2057/1706 3068/2067/1716 3056/2055/1704
f 3058/2068/1717 3069/2069/1718 3057/2057/1706
f 3071/2070/1719 3058/2068/1717 3059/2058/1707
f 3072/2071/1720 3059/2058/1707 3060/2059/1708
f 3073/2072/1721 3060/2059/1708 3061/2060/1709
f 3074/2073/1722 3061/2060/1709 3062/2061/1710
f 3075/2074/1723 3062/2061/1710 3063/2062/1711
f 3076/2075/1724 3063/2062/1711 3064/2063/1712
f 3066/2065/1714 3077/2076/1725 3065/2064/1713
f 3067/2066/1715 3078/2077/1726 3066/2065/1714
f 3068/2067/1716 3079/2078/1727 3067/2066/1715
f 3069/2069/1718 3080/2079/1728 3068/2067/1716
f 3070/2080/1729 3081/2081/1730 3069/2069/1718
f 3083/2082/1731 3070/2080/1729 3071/2070/1719
f 3084/2083/1732 3071/2070/1719 3072/2071/1720
f 3085/2084/1733 3072/2071/1720 3073/2072/1721
f 3086/2085/1734 3073/2072/1721 3074/2073/1722
f 3087/2086/1735 3074/2073/1722 3075/2074/1723
f 3088/2087/1736 3075/2074/1723 3076/2075/1724
f 3078/2077/1726 3089/2088/1737 3077/2076/1725
f 3079/2078/1727 3090/2089/1738 3078/2077/1726
f 3080/2079/1728 3091/2090/1739 3079/2078/1727
f 3081/2081/1730 3092/2091/1740 3080/2079/1728
f 3082/2092/1741 3093/2093/1742 3081/2081/1730
f 3095/2094/1743 3082/2092/1741 3083/2082/1731
f 3096/2095/1744 3083/2082/1731 3084/2083/1732
f 3097/2096/1745 3084/2083/1732 3085/2084/1733
f 3098/2097/1746 3085/2084/1733 3086/2085/1734
f 3099/2098/1747 3086/2085/1734 3087/2086/1735
f 3100/2099/1748 3087/2086/1735 3088/2087/1736
f 3102/2100/1749 3089/2088/1737 3090/2089/1738
f 3103/2101/1750 3090/2089/1738 3091/2090/1739
f 3104/2102/1751 3091/2090/1739 3092/2091/1740
f 3105/2103/1752 3092/2091/1740 3093/2093/1742
f 3106/2104/1753 3093/2093/1742 3094/2105/1754
f 3107/2106/1755 3094/2105/1754 3095/2094/1743
f 3096/2095/1744 3107/2106/1755 3095/2094/1743
f 3097/2096/1745 3108/2107/1756 3096/2095/1744
f 3098/2097/1746 3109/2108/1757 3097/2096/1745
f 3099/2098/1747 3110/2109/1758 3098/2097/1746
f 3100/2099/1748 3111/2110/1759 3099/2098/1747
f 3114/2111/1760 3101/2112/1761 3102/2100/1749
f 3115/2113/1762 3102/2100/1749 3103/2101/1750
f 3116/2114/1763 3103/2101/1750 3104/2102/1751
f 3117/2115/1764 3104/2102/1751 3105/2103/1752
f 3118/2116/1765 3105/2103/1752 3106/2104/1753
f 3119/2117/1766 3106/2104/1753 3107/2106/1755
f 3108/2107/1756 3119/2117/1766 3107/2106/1755
f 3109/2108/1757 3120/2118/1767 3108/2107/1756
f 3110/2109/1758 3121/2119/1768 3109/2108/1757
f 3111/2110/1759 3122/2120/1769 3110/2109/1758
f 3112/2121/1770 3123/2122/1771 3111/2110/1759
f 3126/2123/1772 3113/2124/1773 3114/2111/1760
f 3127/2125/1774 3114/2111/1760 3115/2113/1762
f 3128/2126/1775 3115/2113/1762 3116/2114/1763
f 3129/2127/1776 3116/2114/1763 3117/2115/1764
f 3130/2128/1777 3117/2115/1764 3118/2116/1765
f 3131/2129/1778 3118/2116/1765 3119/2117/1766
f 3120/2118/1767 3131/2129/1778 3119/2117/1766
f 3121/2119/1768 3132/2130/1779 3120/2118/1767
f 3122/2120/1769 3133/2131/1780 3121/2119/1768
f 3123/2122/1771 3134/2132/1781 3122/2120/1769
f 3124/2133/1782 3135/2134/1783 3123/2122/1771
f 3138/2135/1784 3125/2136/1785 3126/2123/1772
f 3139/2137/1786 3126/2123/1772 3127/2125/1774
f 3140/2138/1787 3127/2125/1774 3128/2126/1775
f 3141/2139/1788 3128/2126/1775 3129/2127/1776
f 3142/2140/1789 3129/2127/1776 3130/2128/1777
f 3143/2141/1790 3130/2128/1777 3131/2129/1778
f 3132/2130/1779 3143/2141/1790 3131/2129/1778
f 3133/2131/1780 3144/2142/1791 3132/2130/1779
f 3134/2132/1781 3145/2143/1792 3133/2131/1780
f 3135/2134/1783 3146/2144/1793 3134/2132/1781
f 3136/2145/1794 3147/2146/1795 3135/2134/1783
f 3138/2135/1784 3149/2147/1247 3137/2148/1796
f 3139/2137/1786 3150/2149/1235 3138/2135/1784
f 3140/2138/1787 3151/2150/1237 3139/2137/1786
f 3141/2139/1788 3152/2151/1238 3140/2138/1787
f 3142/2140/1789 3153/2152/1377 3141/2139/1788
f 3155/2153/1241 3142/2140/1789 3143/2141/1790
f 3156/2154/1296 3143/2141/1790 3144/2142/1791
f 3157/2155/1243 3144/2142/1791 3145/2143/1792
f 3158/2156/1244 3145/2143/1792 3146/2144/1793
f 3159/2157/1245 3146/2144/1793 3147/2146/1795
f 3160/2158/1246 3147/2146/1795 3148/2159/1797
f 3162/2160/1203 3149/2147/1247 3150/2149/1235
f 3151/2150/1237 3162/2160/1203 3150/2149/1235
f 3164/2161/1205 3151/2150/1237 3152/2151/1238
f 3165/2162/1298 3152/2151/1238 3153/2152/1377
f 3166/2163/1217 3153/2152/1377 3154/2164/1240
f 3167/2165/1207 3154/2164/1240 3155/2153/1241
f 3168/2166/1414 3155/2153/1241 3156/2154/1296
f 3169/2167/1209 3156/2154/1296 3157/2155/1243
f 3170/2168/1210 3157/2155/1243 3158/2156/1244
f 3171/2169/1211 3158/2156/1244 3159/2157/1245
f 3172/2170/1200 3159/2157/1245 3160/2158/1246
f 3174/1501/1798 3161/2171/1202 3162/2160/1203
f 3175/1502/1799 3162/2160/1203 3163/2172/1204
f 3176/1503/1800 3163/2172/1204 3164/2161/1205
f 3177/1504/1801 3164/2161/1205 3165/2162/1298
f 3178/1505/1802 3165/2162/1298 3166/2163/1217
f 3179/1506/1803 3166/2163/1217 3167/2165/1207
f 3168/2166/1414 3179/1506/1803 3167/2165/1207
f 3169/2167/1209 3180/1507/1804 3168/2166/1414
f 3170/2168/1210 3181/1508/1805 3169/2167/1209
f 3171/2169/1211 3182/1509/1806 3170/2168/1210
f 3172/2170/1200 3183/1510/1807 3171/2169/1211
f 3186/2173/1808 3173/101/1809 3174/1501/1798
f 3187/2174/1810 3174/1501/1798 3175/1502/1799
f 3188/2175/1811 3175/1502/1799 3176/1503/1800
f 3189/2176/1812 3176/1503/1800 3177/1504/1801
f 3190/2177/1813 3177/1504/1801 3178/1505/1802
f 3191/2178/1814 3178/1505/1802 3179/1506/1803
f 3180/1507/1804 3191/2178/1814 3179/1506/1803
f 3181/1508/1805 3192/2179/1815 3180/1507/1804
f 3182/1509/1806 3193/2180/1816 3181/1508/1805
f 3183/1510/1807 3194/2181/1817 3182/1509/1806
f 3184/1521/1818 3195/2182/1819 3183/1510/1807
f 3198/2183/1820 3185/2184/1821 3186/2173/1808
f 3199/2185/1822 3186/2173/1808 3187/2174/1810
f 3200/2186/1823 3187/2174/1810 3188/2175/1811
f 3201/2187/1824 3188/2175/1811 3189/2176/1812
f 3202/2188/1825 3189/2176/1812 3190/2177/1813
f 3203/2189/1826 3190/2177/1813 3191/2178/1814
f 3192/2179/1815 3203/2189/1826 3191/2178/1814
f 3193/2180/1816 3204/2190/1827 3192/2179/1815
f 3194/2181/1817 3205/2191/1828 3193/2180/1816
f 3195/2182/1819 3206/2192/1829 3194/2181/1817
f 3196/2193/1830 3207/2194/1831 3195/2182/1819
f 3210/2195/1832 3197/2196/1833 3198/2183/1820
f 3211/2197/1834 3198/2183/1820 3199/2185/1822
f 3212/2198/1835 3199/2185/1822 3200/2186/1823
f 3213/2199/1836 3200/2186/1823 3201/2187/1824
f 3214/2200/1837 3201/2187/1824 3202/2188/1825
f 3215/2201/1838 3202/2188/1825 3203/2189/1826
f 3204/2190/1827 3215/2201/1838 3203/2189/1826
f 3205/2191/1828 3216/2202/1839 3204/2190/1827
f 3206/2192/1829 3217/2203/1840 3205/2191/1828
f 3207/2194/1831 3218/2204/1841 3206/2192/1829
f 3208/2205/1842 3219/2206/1843 3207/2194/1831
f 3222/2207/1844 3209/2208/1845 3210/2195/1832
f 3223/2209/1846 3210/2195/1832 3211/2197/1834
f 3224/2210/1847 3211/2197/1834 3212/2198/1835
f 3225/2211/1848 3212/2198/1835 3213/2199/1836
f 3226/2212/1849 3213/2199/1836 3214/2200/1837
f 3227/2213/1850 3214/2200/1837 3215/2201/1838
f 3216/2202/1839 3227/2213/1850 3215/2201/1838
f 3217/2203/1840 3228/2214/1851 3216/2202/1839
f 3218/2204/1841 3229/2215/1852 3217/2203/1840
f 3219/2206/1843 3230/2216/1853 3218/2204/1841
f 3220/2217/1854 3231/2218/1855 3219/2206/1843
f 3234/2219/1856 3221/2220/1857 3222/2207/1844
f 3235/2221/1858 3222/2207/1844 3223/2209/1846
f 3236/2222/1859 3223/2209/1846 3224/2210/1847
f 3237/2223/1860 3224/2210/1847 3225/2211/1848
f 3238/2224/1861 3225/2211/1848 3226/2212/1849
f 3239/2225/1862 3226/2212/1849 3227/2213/1850
f 3228/2214/1851 3239/2225/1862 3227/2213/1850
f 3229/2215/1852 3240/2226/1863 3228/2214/1851
f 3230/2216/1853 3241/2227/1864 3229/2215/1852
f 3231/2218/1855 3242/2228/1865 3230/2216/1853
f 3232/2229/1866 3243/2230/1867 3231/2218/1855
f 3246/2231/1868 3233/2232/1869 3234/2219/1856
f 3247/2233/1870 3234/2219/1856 3235/2221/1858
f 3248/2234/1871 3235/2221/1858 3236/2222/1859
f 3249/2235/1872 3236/2222/1859 3237/2223/1860
f 3250/2236/1873 3237/2223/1860 3238/2224/1861
f 3251/2237/1874 3238/2224/1861 3239/2225/1862
f 3240/2226/1863 3251/2237/1874 3239/2225/1862
f 3241/2227/1864 3252/2238/1875 3240/2226/1863
f 3242/2228/1865 3253/2239/1876 3241/2227/1864
f 3243/2230/1867 3254/2240/1877 3242/2228/1865
f 3244/2241/1878 3255/2242/1879 3243/2230/1867
f 3258/2243/1880 3245/2244/1881 3246/2231/1868
f 3259/2245/1882 3246/2231/1868 3247/2233/1870
f 3260/2246/1883 3247/2233/1870 3248/2234/1871
f 3261/2247/1884 3248/2234/1871 3249/2235/1872
f 3262/2248/1885 3249/2235/1872 3250/2236/1873
f 3263/2249/1886 3250/2236/1873 3251/2237/1874
f 3252/2238/1875 3263/2249/1886 3251/2237/1874
f 3253/2239/1876 3264/2250/1887 3252/2238/1875
f 3254/2240/1877 3265/2251/1888 3253/2239/1876
f 3255/2242/1879 3266/2252/1889 3254/2240/1877
f 3256/2253/1890 3267/2254/1891 3255/2242/1879
f 3270/2255/1892 3257/2256/1893 3258/2243/1880
f 3271/2257/1894 3258/2243/1880 3259/2245/1882
f 3272/2258/1895 3259/2245/1882 3260/2246/1883
f 3273/2259/1896 3260/2246/1883 3261/2247/1884
f 3274/2260/1897 3261/2247/1884 3262/2248/1885
f 3275/2261/1898 3262/2248/1885 3263/2249/1886
f 3264/2250/1887 3275/2261/1898 3263/2249/1886
f 3265/2251/1888 3276/2262/1899 3264/2250/1887
f 3266/2252/1889 3277/2263/1900 3265/2251/1888
f 3267/2254/1891 3278/2264/1901 3266/2252/1889
f 3268/2265/1902 3279/2266/1903 3267/2254/1891
f 3270/2255/1892 3281/2267/1904 3269/2268/1905
f 3271/2257/1894 3282/2269/1906 3270/2255/1892
f 3272/2258/1895 3283/2270/1907 3271/2257/1894
f 3273/2259/1896 3284/2271/1908 3272/2258/1895
f 3274/2260/1897 3285/2272/1909 3273/2259/1896
f 3287/2273/1910 3274/2260/1897 3275/2261/1898
f 3288/2274/1911 3275/2261/1898 3276/2262/1899
f 3289/2275/1912 3276/2262/1899 3277/2263/1900
f 3290/2276/1913 3277/2263/1900 3278/2264/1901
f 3291/2277/1914 3278/2264/1901 3279/2266/1903
f 3292/2278/1915 3279/2266/1903 3280/2279/1916
f 3282/2269/1906 3293/2280/1917 3281/2267/1904
f 3283/2270/1907 3294/2281/1918 3282/2269/1906
f 3284/2271/1908 3295/2282/1919 3283/2270/1907
f 3285/2272/1909 3296/2283/1920 3284/2271/1908
f 3286/2284/1921 3297/2285/1922 3285/2272/1909
f 3299/2286/1923 3286/2284/1921 3287/2273/1910
f 3300/2287/1924 3287/2273/1910 3288/2274/1911
f 3301/2288/1925 3288/2274/1911 3289/2275/1912
f 3302/2289/1926 3289/2275/1912 3290/2276/1913
f 3303/2290/1927 3290/2276/1913 3291/2277/1914
f 3304/2291/1928 3291/2277/1914 3292/2278/1915
f 3294/2281/1918 3305/2292/1929 3293/2280/1917
f 3295/2282/1919 3306/2293/1930 3294/2281/1918
f 3296/2283/1920 3307/2294/1931 3295/2282/1919
f 3297/2285/1922 3308/2295/1932 3296/2283/1920
f 3298/2296/1933 3309/2297/1934 3297/2285/1922
f 3311/2298/1935 3298/2296/1933 3299/2286/1923
f 3312/2299/1936 3299/2286/1923 3300/2287/1924
f 3313/2300/1937 3300/2287/1924 3301/2288/1925
f 3314/2301/1938 3301/2288/1925 3302/2289/1926
f 3315/2302/1939 3302/2289/1926 3303/2290/1927
f 3316/2303/1940 3303/2290/1927 3304/2291/1928
f 3306/2293/1930 3317/2304/1941 3305/2292/1929
f 3307/2294/1931 3318/2305/1942 3306/2293/1930
f 3308/2295/1932 3319/2306/1943 3307/2294/1931
f 3309/2297/1934 3320/2307/1944 3308/2295/1932
f 3310/2308/1945 3321/2309/1946 3309/2297/1934
f 3323/2310/1947 3310/2308/1945 3311/2298/1935
f 3324/2311/1948 3311/2298/1935 3312/2299/1936
f 3325/2312/1949 3312/2299/1936 3313/2300/1937
f 3326/2313/1950 3313/2300/1937 3314/2301/1938
f 3327/2314/1951 3314/2301/1938 3315/2302/1939
f 3328/2315/1952 3315/2302/1939 3316/2303/1940
f 3330/870/1953 3317/2304/1941 3318/2305/1942
f 3331/872/1954 3318/2305/1942 3319/2306/1943
f 3332/873/1955 3319/2306/1943 3320/2307/1944
f 3333/874/1956 3320/2307/1944 3321/2309/1946
f 3334/875/1957 3321/2309/1946 3322/2316/1958
f 3335/876/1959 3322/2316/1958 3323/2310/1947
f 3324/2311/1948 3335/876/1959 3323/2310/1947
f 3325/2312/1949 3336/877/1960 3324/2311/1948
f 3326/2313/1950 3337/878/1961 3325/2312/1949
f 3327/2314/1951 3338/879/1962 3326/2313/1950
f 3328/2315/1952 3339/881/1963 3327/2314/1951
f 3342/2317/1964 3329/275/1965 3330/870/1953
f 3343/2318/1966 3330/870/1953 3331/872/1954
f 3344/2319/1967 3331/872/1954 3332/873/1955
f 3345/2320/1968 3332/873/1955 3333/874/1956
f 3346/2321/1969 3333/874/1956 3334/875/1957
f 3347/2322/1970 3334/875/1957 3335/876/1959
f 3336/877/1960 3347/2322/1970 3335/876/1959
f 3337/878/1961 3348/2323/1971 3336/877/1960
f 3338/879/1962 3349/2324/1972 3337/878/1961
f 3339/881/1963 3350/2325/1973 3338/879/1962
f 3340/893/1974 3351/2326/1975 3339/881/1963
f 3354/2327/1976 3341/2328/1977 3342/2317/1964
f 3355/2329/1978 3342/2317/1964 3343/2318/1966
f 3356/2330/1979 3343/2318/1966 3344/2319/1967
f 3357/2331/1980 3344/2319/1967 3345/2320/1968
f 3358/2332/1981 3345/2320/1968 3346/2321/1969
f 3359/2333/1982 3346/2321/1969 3347/2322/1970
f 3348/2323/1971 3359/2333/1982 3347/2322/1970
f 3349/2324/1972 3360/2334/1983 3348/2323/1971
f 3350/2325/1973 3361/2335/1984 3349/2324/1972
f 3351/2326/1975 3362/2336/1985 3350/2325/1973
f 3352/2337/1986 3363/2338/1987 3351/2326/1975
f 3366/2339/1988 3353/2340/1989 3354/2327/1976
f 3367/2341/1990 3354/2327/1976 3355/2329/1978
f 3368/2342/1991 3355/2329/1978 3356/2330/1979
f 3369/2343/1992 3356/2330/1979 3357/2331/1980
f 3370/2344/1993 3357/2331/1980 3358/2332/1981
f 3371/2345/1994 3358/2332/1981 3359/2333/1982
f 3360/2334/1983 3371/2345/1994 3359/2333/1982
f 3361/2335/1984 3372/2346/1995 3360/2334/1983
f 3362/2336/1985 3373/2347/1996 3361/2335/1984
f 3363/2338/1987 3374/2348/1997 3362/2336/1985
f 3364/2349/1998 3375/2350/1999 3363/2338/1987
f 3366/2339/1988 3377/2351/2000 3365/2352/2001
f 3367/2341/1990 3378/2353/2002 3366/2339/1988
f 3368/2342/1991 3379/2354/2003 3367/2341/1990
f 3369/2343/1992 3380/2355/2004 3368/2342/1991
f 3382/2356/2005 3369/2343/1992 3370/2344/1993
f 3383/2357/2006 3370/2344/1993 3371/2345/1994
f 3372/2346/1995 3383/2357/2006 3371/2345/1994
f 3385/2358/2007 3372/2346/1995 3373/2347/1996
f 3386/2359/2008 3373/2347/1996 3374/2348/1997
f 3387/2360/2009 3374/2348/1997 3375/2350/1999
f 3388/2361/2010 3375/2350/1999 3376/2362/2011
f 3378/2353/2002 3389/2363/2012 3377/2351/2000
f 3379/2354/2003 3390/2364/2013 3378/2353/2002
f 3380/2355/2004 3391/2365/2014 3379/2354/2003
f 3381/2366/2015 3392/2367/2016 3380/2355/2004
f 3382/2356/2005 3393/2368/2017 3381/2366/2015
f 3395/2369/2018 3382/2356/2005 3383/2357/2006
f 3396/2370/2019 3383/2357/2006 3384/2371/2020
f 3397/2372/2021 3384/2371/2020 3385/2358/2007
f 3398/2373/2022 3385/2358/2007 3386/2359/2008
f 3399/2374/2023 3386/2359/2008 3387/2360/2009
f 3400/2375/2024 3387/2360/2009 3388/2361/2010
f 3390/2364/2013 3401/2376/2025 3389/2363/2012
f 3391/2365/2014 3402/2377/2026 3390/2364/2013
f 3392/2367/2016 3403/2378/2027 3391/2365/2014
f 3393/2368/2017 3404/2379/2028 3392/2367/2016
f 3394/2380/2029 3405/2381/2030 3393/2368/2017
f 3407/2382/2031 3394/2380/2029 3395/2369/2018
f 3408/2383/2032 3395/2369/2018 3396/2370/2019
f 3409/2384/2033 3396/2370/2019 3397/2372/2021
f 3410/2385/2034 3397/2372/2021 3398/2373/2022
f 3411/2386/2035 3398/2373/2022 3399/2374/2023
f 3412/2387/2036 3399/2374/2023 3400/2375/2024
f 3402/2377/2026 3413/2388/2037 3401/2376/2025
f 3403/2378/2027 3414/2389/2038 3402/2377/2026
f 3404/2379/2028 3415/2390/2039 3403/2378/2027
f 3405/2381/2030 3416/2391/2040 3404/2379/2028
f 3406/2392/2041 3417/2393/2042 3405/2381/2030
f 3419/2394/2043 3406/2392/2041 3407/2382/2031
f 3420/2395/2044 3407/2382/2031 3408/2383/2032
f 3421/2396/2045 3408/2383/2032 3409/2384/2033
f 3422/2397/2046 3409/2384/2033 3410/2385/2034
f 3423/2398/2047 3410/2385/2034 3411/2386/2035
f 3424/2399/2048 3411/2386/2035 3412/2387/2036
f 3414/2389/2038 3425/2400/2049 3413/2388/2037
f 3415/2390/2039 3426/2401/2050 3414/2389/2038
f 3416/2391/2040 3427/2402/2051 3415/2390/2039
f 3417/2393/2042 3428/2403/2052 3416/2391/2040
f 3418/2404/2053 3429/2405/2054 3417/2393/2042
f 3431/2406/2055 3418/2404/2053 3419/2394/2043
f 3432/2407/2056 3419/2394/2043 3420/2395/2044
f 3433/2408/2057 3420/2395/2044 3421/2396/2045
f 3434/2409/2058 3421/2396/2045 3422/2397/2046
f 3435/2410/2059 3422/2397/2046 3423/2398/2047
f 3436/2411/2060 3423/2398/2047 3424/2399/2048
f 3426/2401/2050 3437/2412/2061 3425/2400/2049
f 3427/2402/2051 3438/2413/2062 3426/2401/2050
f 3428/2403/2052 3439/2414/2063 3427/2402/2051
f 3429/2405/2054 3440/2415/2064 3428/2403/2052
f 3430/2416/2065 3441/2417/2066 3429/2405/2054
f 3443/2418/2067 3430/2416/2065 3431/2406/2055
f 3444/2419/2068 3431/2406/2055 3432/2407/2056
f 3445/2420/2069 3432/2407/2056 3433/2408/2057
f 3446/2421/2070 3433/2408/2057 3434/2409/2058
f 3447/2422/2071 3434/2409/2058 3435/2410/2059
f 3448/2423/2072 3435/2410/2059 3436/2411/2060
f 3438/2413/2062 3449/2424/2073 3437/2412/2061
f 3439/2414/2063 3450/2425/2074 3438/2413/2062
f 3440/2415/2064 3451/2426/2075 3439/2414/2063
f 3441/2417/2066 3452/2427/2076 3440/2415/2064
f 3442/2428/2077 3453/2429/2078 3441/2417/2066
f 3455/2430/2079 3442/2428/2077 3443/2418/2067
f 3456/2431/2080 3443/2418/2067 3444/2419/2068
f 3457/2432/2081 3444/2419/2068 3445/2420/2069
f 3458/2433/2082 3445/2420/2069 3446/2421/2070
f 3459/2434/2083 3446/2421/2070 3447/2422/2071
f 3460/2435/2084 3447/2422/2071 3448/2423/2072
f 3450/2425/2074 3461/2436/2085 3449/2424/2073
f 3451/2426/2075 3462/2437/2086 3450/2425/2074
f 3452/2427/2076 3463/2438/2087 3451/2426/2075
f 3453/2429/2078 3464/2439/2088 3452/2427/2076
f 3454/2440/2089 3465/2441/2090 3453/2429/2078
f 3467/2442/2091 3454/2440/2089 3455/2430/2079
f 3468/2443/2092 3455/2430/2079 3456/2431/2080
f 3469/2444/2093 3456/2431/2080 3457/2432/2081
f 3470/2445/2094 3457/2432/2081 3458/2433/2082
f 3471/2446/2095 3458/2433/2082 3459/2434/2083
f 3472/2447/2096 3459/2434/2083 3460/2435/2084
f 3474/2448/2097 3461/2436/2085 3462/2437/2086
f 3475/2449/2098 3462/2437/2086 3463/2438/2087
f 3476/2450/2099 3463/2438/2087 3464/2439/2088
f 3477/2451/2100 3464/2439/2088 3465/2441/2090
f 3478/2452/2101 3465/2441/2090 3466/2453/2102
f 3479/2454/2103 3466/2453/2102 3467/2442/2091
f 3468/2443/2092 3479/2454/2103 3467/2442/2091
f 3469/2444/2093 3480/2455/2104 3468/2443/2092
f 3470/2445/2094 3481/2456/2105 3469/2444/2093
f 3471/2446/2095 3482/2457/2106 3470/2445/2094
f 3472/2447/2096 3483/2458/2107 3471/2446/2095
f 3486/1532/2108 3473/2459/2109 3474/2448/2097
f 3487/1534/2110 3474/2448/2097 3475/2449/2098
f 3488/1535/2111 3475/2449/2098 3476/2450/2099
f 3489/1536/2112 3476/2450/2099 3477/2451/2100
f 3490/1538/2113 3477/2451/2100 3478/2452/2101
f 3491/1539/2114 3478/2452/2101 3479/2454/2103
f 3480/2455/2104 3491/1539/2114 3479/2454/2103
f 3481/2456/2105 3492/1540/2115 3480/2455/2104
f 3482/2457/2106 3493/1542/2116 3481/2456/2105
f 3483/2458/2107 3494/1543/2117 3482/2457/2106
f 3484/2460/2118 3495/1545/2119 3483/2458/2107
f 3498/2461/2120 3485/104/2121 3486/1532/2108
f 3499/2462/2122 3486/1532/2108 3487/1534/2110
f 3500/2463/2123 3487/1534/2110 3488/1535/2111
f 3501/2464/2124 3488/1535/2111 3489/1536/2112
f 3502/2465/2125 3489/1536/2112 3490/1538/2113
f 3503/2466/2126 3490/1538/2113 3491/1539/2114
f 3492/1540/2115 3503/2466/2126 3491/1539/2114
f 3493/1542/2116 3504/2467/2127 3492/1540/2115
f 3494/1543/2117 3505/2468/2128 3493/1542/2116
f 3495/1545/2119 3506/2469/2129 3494/1543/2117
f 3496/1546/2130 3507/2470/2131 3495/1545/2119
f 3510/2471/2132 3497/2472/2133 3498/2461/2120
f 3511/2473/2134 3498/2461/2120 3499/2462/2122
f 3512/2474/2135 3499/2462/2122 3500/2463/2123
f 3513/2475/2136 3500/2463/2123 3501/2464/2124
f 3514/2476/2137 3501/2464/2124 3502/2465/2125
f 3515/2477/2138 3502/2465/2125 3503/2466/2126
f 3504/2467/2127 3515/2477/2138 3503/2466/2126
f 3505/2468/2128 3516/2478/2139 3504/2467/2127
f 3506/2469/2129 3517/2479/2140 3505/2468/2128
f 3507/2470/2131 3518/2480/2141 3506/2469/2129
f 3508/2481/2142 3519/2482/2143 3507/2470/2131
f 3522/2483/2144 3509/2484/2145 3510/2471/2132
f 3523/2485/2146 3510/2471/2132 3511/2473/2134
f 3524/2486/2147 3511/2473/2134 3512/2474/2135
f 3525/2487/2148 3512/2474/2135 3513/2475/2136
f 3526/2488/2149 3513/2475/2136 3514/2476/2137
f 3527/2489/2150 3514/2476/2137 3515/2477/2138
f 3516/2478/2139 3527/2489/2150 3515/2477/2138
f 3517/2479/2140 3528/2490/2151 3516/2478/2139
f 3518/2480/2141 3529/2491/2152 3517/2479/2140
f 3519/2482/2143 3530/2492/2153 3518/2480/2141
f 3520/2493/2154 3531/2494/2155 3519/2482/2143
f 3534/2495/2156 3521/2496/2157 3522/2483/2144
f 3535/2497/2158 3522/2483/2144 3523/2485/2146
f 3536/2498/2159 3523/2485/2146 3524/2486/2147
f 3537/2499/2160 3524/2486/2147 3525/2487/2148
f 3538/2500/2161 3525/2487/2148 3526/2488/2149
f 3539/2501/2162 3526/2488/2149 3527/2489/2150
f 3528/2490/2151 3539/2501/2162 3527/2489/2150
f 3529/2491/2152 3540/2502/2163 3528/2490/2151
f 3530/2492/2153 3541/2503/2164 3529/2491/2152
f 3531/2494/2155 3542/2504/2165 3530/2492/2153
f 3532/2505/2166 3543/2506/2167 3531/2494/2155
f 3546/2507/2168 3533/2508/2169 3534/2495/2156
f 3547/2509/2170 3534/2495/2156 3535/2497/2158
f 3548/2510/2171 3535/2497/2158 3536/2498/2159
f 3549/2511/2172 3536/2498/2159 3537/2499/2160
f 3550/2512/2173 3537/2499/2160 3538/2500/2161
f 3551/2513/2174 3538/2500/2161 3539/2501/2162
f 3540/2502/2163 3551/2513/2174 3539/2501/2162
f 3541/2503/2164 3552/2514/2175 3540/2502/2163
f 3542/2504/2165 3553/2515/2176 3541/2503/2164
f 3543/2506/2167 3554/2516/2177 3542/2504/2165
f 3544/2517/2178 3555/2518/2179 3543/2506/2167
f 3558/2519/2180 3545/2520/2181 3546/2507/2168
f 3559/2521/2182 3546/2507/2168 3547/2509/2170
f 3560/2522/2183 3547/2509/2170 3548/2510/2171
f 3561/2523/2184 3548/2510/2171 3549/2511/2172
f 3562/2524/2185 3549/2511/2172 3550/2512/2173
f 3563/2525/2186 3550/2512/2173 3551/2513/2174
f 3552/2514/2175 3563/2525/2186 3551/2513/2174
f 3553/2515/2176 3564/2526/2187 3552/2514/2175
f 3554/2516/2177 3565/2527/2188 3553/2515/2176
f 3555/2518/2179 3566/2528/2189 3554/2516/2177
f 3556/2529/2190 3567/2530/2191 3555/2518/2179
f 3570/2531/2192 3557/2532/2193 3558/2519/2180
f 3571/2533/2194 3558/2519/2180 3559/2521/2182
f 3572/2534/2195 3559/2521/2182 3560/2522/2183
f 3573/2535/2196 3560/2522/2183 3561/2523/2184
f 3574/2536/2197 3561/2523/2184 3562/2524/2185
f 3575/2537/2198 3562/2524/2185 3563/2525/2186
f 3564/2526/2187 3575/2537/2198 3563/2525/2186
f 3565/2527/2188 3576/2538/2199 3564/2526/2187
f 3566/2528/2189 3577/2539/2200 3565/2527/2188
f 3567/2530/2191 3578/2540/2201 3566/2528/2189
f 3568/2541/2202 3579/2542/2203 3567/2530/2191
f 3582/2543/2204 3569/2544/2205 3570/2531/2192
f 3583/2545/2206 3570/2531/2192 3571/2533/2194
f 3584/2546/2207 3571/2533/2194 3572/2534/2195
f 3585/2547/2208 3572/2534/2195 3573/2535/2196
f 3586/2548/2209 3573/2535/2196 3574/2536/2197
f 3587/2549/2210 3574/2536/2197 3575/2537/2198
f 3576/2538/2199 3587/2549/2210 3575/2537/2198
f 3577/2539/2200 3588/2550/2211 3576/2538/2199
f 3578/2540/2201 3589/2551/2212 3577/2539/2200
f 3579/2542/2203 3590/2552/2213 3578/2540/2201
f 3580/2553/2214 3591/2554/2215 3579/2542/2203
f 3594/2555/2216 3581/2556/2217 3582/2543/2204
f 3595/2557/2218 3582/2543/2204 3583/2545/2206
f 3596/2558/2219 3583/2545/2206 3584/2546/2207
f 3597/2559/2220 3584/2546/2207 3585/2547/2208
f 3598/2560/2221 3585/2547/2208 3586/2548/2209
f 3599/2561/2222 3586/2548/2209 3587/2549/2210
f 3588/2550/2211 3599/2561/2222 3587/2549/2210
f 3589/2551/2212 3600/2562/2223 3588/2550/2211
f 3590/2552/2213 3601/2563/2224 3589/2551/2212
f 3591/2554/2215 3602/2564/2225 3590/2552/2213
f 3592/2565/2226 3603/2566/2227 3591/2554/2215
f 3606/2567/2228 3593/2568/2229 3594/2555/2216
f 3607/2569/2230 3594/2555/2216 3595/2557/2218
f 3608/2570/2231 3595/2557/2218 3596/2558/2219
f 3609/2571/2232 3596/2558/2219 3597/2559/2220
f 3610/2572/2233 3597/2559/2220 3598/2560/2221
f 3611/2573/2234 3598/2560/2221 3599/2561/2222
f 3600/2562/2223 3611/2573/2234 3599/2561/2222
f 3601/2563/2224 3612/2574/2235 3600/2562/2223
f 3602/2564/2225 3613/2575/2236 3601/2563/2224
f 3603/2566/2227 3614/2576/2237 3602/2564/2225
f 3604/2577/2238 3615/2578/2239 3603/2566/2227
f 3618/2579/2240 3605/2580/2241 3606/2567/2228
f 3619/2581/2242 3606/2567/2228 3607/2569/2230
f 3620/2582/2243 3607/2569/2230 3608/2570/2231
f 3621/2583/2244 3608/2570/2231 3609/2571/2232
f 3622/2584/2245 3609/2571/2232 3610/2572/2233
f 3623/2585/2246 3610/2572/2233 3611/2573/2234
f 3612/2574/2235 3623/2585/2246 3611/2573/2234
f 3613/2575/2236 3624/2586/2247 3612/2574/2235
f 3614/2576/2237 3625/2587/2248 3613/2575/2236
f 3615/2578/2239 3626/2588/2249 3614/2576/2237
f 3616/2589/2250 3627/2590/2251 3615/2578/2239
f 3618/2579/2240 3629/2591/2252 3617/2592/2253
f 3619/2581/2242 3630/2593/2254 3618/2579/2240
f 3620/2582/2243 3631/2594/2255 3619/2581/2242
f 3621/2583/2244 3632/2595/2256 3620/2582/2243
f 3622/2584/2245 3633/2596/2257 3621/2583/2244
f 3635/2597/2258 3622/2584/2245 3623/2585/2246
f 3636/2598/2259 3623/2585/2246 3624/2586/2247
f 3637/2599/2260 3624/2586/2247 3625/2587/2248
f 3638/2600/2261 3625/2587/2248 3626/2588/2249
f 3639/2601/2262 3626/2588/2249 3627/2590/2251
f 3640/2602/2263 3627/2590/2251 3628/2603/2264
f 3630/2593/2254 3641/1570/2265 3629/2591/2252
f 3631/2594/2255 3642/1558/2266 3630/2593/2254
f 3632/2595/2256 3643/1559/2267 3631/2594/2255
f 3633/2596/2257 3644/1560/2268 3632/2595/2256
f 3634/2604/2269 3645/1561/2270 3633/2596/2257
f 3647/1563/2271 3634/2604/2269 3635/2597/2258
f 3648/1564/2272 3635/2597/2258 3636/2598/2259
f 3649/1565/2273 3636/2598/2259 3637/2599/2260
f 3650/1566/2274 3637/2599/2260 3638/2600/2261
f 3651/1567/2275 3638/2600/2261 3639/2601/2262
f 3652/1568/2276 3639/2601/2262 3640/2602/2263
f 3642/1558/2266 3653/2605/2277 3641/1570/2265
f 3643/1559/2267 3654/2606/2278 3642/1558/2266
f 3644/1560/2268 3655/2607/2279 3643/1559/2267
f 3645/1561/2270 3656/2608/2280 3644/1560/2268
f 3646/1562/2281 3657/2609/2282 3645/1561/2270
f 3659/2610/2283 3646/1562/2281 3647/1563/2271
f 3660/2611/2284 3647/1563/2271 3648/1564/2272
f 3661/2612/2285 3648/1564/2272 3649/1565/2273
f 3662/2613/2286 3649/1565/2273 3650/1566/2274
f 3663/2614/2287 3650/1566/2274 3651/1567/2275
f 3664/2615/2288 3651/1567/2275 3652/1568/2276
f 3654/2606/2278 3665/2616/2289 3653/2605/2277
f 3655/2607/2279 3666/2617/2290 3654/2606/2278
f 3656/2608/2280 3667/2618/2291 3655/2607/2279
f 3657/2609/2282 3668/2619/2292 3656/2608/2280
f 3658/2620/2293 3669/2621/2294 3657/2609/2282
f 3671/2622/2295 3658/2620/2293 3659/2610/2283
f 3672/2623/2296 3659/2610/2283 3660/2611/2284
f 3673/2624/2297 3660/2611/2284 3661/2612/2285
f 3674/2625/2298 3661/2612/2285 3662/2613/2286
f 3675/2626/2299 3662/2613/2286 3663/2614/2287
f 3676/2627/2300 3663/2614/2287 3664/2615/2288
f 3666/2617/2290 3677/2628/2301 3665/2616/2289
f 3667/2618/2291 3678/2629/2302 3666/2617/2290
f 3668/2619/2292 3679/2630/2303 3667/2618/2291
f 3669/2621/2294 3680/2631/2304 3668/2619/2292
f 3670/2632/2305 3681/2633/2306 3669/2621/2294
f 3683/2634/2307 3670/2632/2305 3671/2622/2295
f 3684/2635/2308 3671/2622/2295 3672/2623/2296
f 3685/2636/2309 3672/2623/2296 3673/2624/2297
f 3686/2637/2310 3673/2624/2297 3674/2625/2298
f 3687/2638/2311 3674/2625/2298 3675/2626/2299
f 3688/2639/2312 3675/2626/2299 3676/2627/2300
f 3678/2629/2302 3689/2640/2313 3677/2628/2301
f 3679/2630/2303 3690/2641/2314 3678/2629/2302
f 3680/2631/2304 3691/2642/2315 3679/2630/2303
f 3681/2633/2306 3692/2643/2316 3680/2631/2304
f 3682/2644/2317 3693/2645/2318 3681/2633/2306
f 3695/2646/2319 3682/2644/2317 3683/2634/2307
f 3696/2647/2320 3683/2634/2307 3684/2635/2308
f 3697/2648/2321 3684/2635/2308 3685/2636/2309
f 3698/2649/2322 3685/2636/2309 3686/2637/2310
f 3699/2650/2323 3686/2637/2310 3687/2638/2311
f 3700/2651/2324 3687/2638/2311 3688/2639/2312
f 3690/2641/2314 3701/2652/2325 3689/2640/2313
f 3691/2642/2315 3702/2653/2326 3690/2641/2314
f 3692/2643/2316 3703/2654/2327 3691/2642/2315
f 3693/2645/2318 3704/2655/2328 3692/2643/2316
f 3694/2656/2329 3705/2657/2330 3693/2645/2318
f 3707/2658/2331 3694/2656/2329 3695/2646/2319
f 3708/2659/2332 3695/2646/2319 3696/2647/2320
f 3709/2660/2333 3696/2647/2320 3697/2648/2321
f 3710/2661/2334 3697/2648/2321 3698/2649/2322
f 3711/2662/2335 3698/2649/2322 3699/2650/2323
f 3712/2663/2336 3699/2650/2323 3700/2651/2324
f 3702/2653/2326 3713/2664/2337 3701/2652/2325
f 3703/2654/2327 3714/2665/2338 3702/2653/2326
f 3704/2655/2328 3715/2666/2339 3703/2654/2327
f 3705/2657/2330 3716/2667/2340 3704/2655/2328
f 3706/2668/2341 3717/2669/2342 3705/2657/2330
f 3719/2670/2343 3706/2668/2341 3707/2658/2331
f 3720/2671/2344 3707/2658/2331 3708/2659/2332
f 3721/2672/2345 3708/2659/2332 3709/2660/2333
f 3722/2673/2346 3709/2660/2333 3710/2661/2334
f 3723/2674/2347 3710/2661/2334 3711/2662/2335
f 3724/2675/2348 3711/2662/2335 3712/2663/2336
f 3714/2665/2338 3725/2676/2349 3713/2664/2337
f 3715/2666/2339 3726/2677/2350 3714/2665/2338
f 3716/2667/2340 3727/2678/2351 3715/2666/2339
f 3717/2669/2342 3728/2679/2352 3716/2667/2340
f 3718/2680/2353 3729/2681/2354 3717/2669/2342
f 3731/2682/2355 3718/2680/2353 3719/2670/2343
f 3732/2683/2356 3719/2670/2343 3720/2671/2344
f 3733/2684/2357 3720/2671/2344 3721/2672/2345
f 3734/2685/2358 3721/2672/2345 3722/2673/2346
f 3735/2686/2359 3722/2673/2346 3723/2674/2347
f 3736/2687/2360 3723/2674/2347 3724/2675/2348
f 3726/2677/2350 3737/2688/2361 3725/2676/2349
f 3727/2678/2351 3738/2689/2362 3726/2677/2350
f 3728/2679/2352 3739/2690/2363 3727/2678/2351
f 3729/2681/2354 3740/2691/2364 3728/2679/2352
f 3730/2692/2365 3741/2693/2366 3729/2681/2354
f 3743/2694/2367 3730/2692/2365 3731/2682/2355
f 3744/2695/2368 3731/2682/2355 3732/2683/2356
f 3745/2696/2369 3732/2683/2356 3733/2684/2357
f 3746/2697/2370 3733/2684/2357 3734/2685/2358
f 3747/2698/2371 3734/2685/2358 3735/2686/2359
f 3748/2699/2372 3735/2686/2359 3736/2687/2360
f 3738/2689/2362 3749/2700/2373 3737/2688/2361
f 3739/2690/2363 3750/2701/2374 3738/2689/2362
f 3740/2691/2364 3751/2702/2375 3739/2690/2363
f 3741/2693/2366 3752/2703/2376 3740/2691/2364
f 3742/2704/2377 3753/2705/2378 3741/2693/2366
f 3755/2706/2379 3742/2704/2377 3743/2694/2367
f 3756/2707/2380 3743/2694/2367 3744/2695/2368
f 3757/2708/2381 3744/2695/2368 3745/2696/2369
f 3758/2709/2382 3745/2696/2369 3746/2697/2370
f 3759/2710/2383 3746/2697/2370 3747/2698/2371
f 3760/2711/2384 3747/2698/2371 3748/2699/2372
f 3750/2701/2374 3761/2712/1247 3749/2700/2373
f 3751/2702/2375 3762/2713/1235 3750/2701/2374
f 3752/2703/2376 3763/2714/1237 3751/2702/2375
f 3753/2705/2378 3764/2715/1238 3752/2703/2376
f 3754/2716/2385 3765/2717/1377 3753/2705/2378
f 3767/2718/1241 3754/2716/2385 3755/2706/2379
f 3768/2719/1296 3755/2706/2379 3756/2707/2380
f 3769/2720/1243 3756/2707/2380 3757/2708/2381
f 3770/2721/1244 3757/2708/2381 3758/2709/2382
f 3771/2722/1245 3758/2709/2382 3759/2710/2383
f 3772/2723/1246 3759/2710/2383 3760/2711/2384
f 3774/2724/1203 3761/2712/1247 3762/2713/1235
f 3775/2725/1204 3762/2713/1235 3763/2714/1237
f 3776/2726/1205 3763/2714/1237 3764/2715/1238
f 3777/2727/1298 3764/2715/1238 3765/2717/1377
f 3778/2728/1217 3765/2717/1377 3766/2729/1240
f 3779/2730/1207 3766/2729/1240 3767/2718/1241
f 3780/2731/1414 3767/2718/1241 3768/2719/1296
f 3781/2732/1209 3768/2719/1296 3769/2720/1243
f 3782/2733/1210 3769/2720/1243 3770/2721/1244
f 3783/2734/1211 3770/2721/1244 3771/2722/1245
f 3772/2723/1246 3783/2734/1211 3771/2722/1245
f 3786/2735/2386 3773/2736/1202 3774/2724/1203
f 3787/2737/2387 3774/2724/1203 3775/2725/1204
f 3788/2738/2388 3775/2725/1204 3776/2726/1205
f 3789/2739/2389 3776/2726/1205 3777/2727/1298
f 3790/2740/2390 3777/2727/1298 3778/2728/1217
f 3791/2741/2391 3778/2728/1217 3779/2730/1207
f 3780/2731/1414 3791/2741/2391 3779/2730/1207
f 3781/2732/1209 3792/2742/2392 3780/2731/1414
f 3782/2733/1210 3793/2743/2393 3781/2732/1209
f 3783/2734/1211 3794/2744/2394 3782/2733/1210
f 3784/2745/1200 3795/2746/2395 3783/2734/1211
f 3786/2735/2386 2861/1/1512 3785/2747/2396
f 3787/2737/2387 2862/1454/1510 3786/2735/2386
f 3788/2738/2388 2863/1456/1513 3787/2737/2387
f 3789/2739/2389 2864/1457/1515 3788/2738/2388
f 3790/2740/2390 2865/1458/1517 3789/2739/2389
f 2867/1460/1522 3790/2740/2390 3791/2741/2391
f 2868/1461/1524 3791/2741/2391 3792/2742/2392
f 2869/1462/1526 3792/2742/2392 3793/2743/2393
f 2870/1463/1528 3793/2743/2393 3794/2744/2394
f 2871/1465/1530 3794/2744/2394 3795/2746/2395
f 2872/1774/1532 3795/2746/2395 3796/2748/2397
f 3798/288/2398 3809/2749/2399 3797/7/2400
f 3799/290/2401 3810/2750/2402 3798/288/2398
f 3800/292/2403 3811/2751/2404 3799/290/2401
f 3801/294/2405 3812/2752/2406 3800/292/2403
f 3802/296/2407 3813/2753/2408 3801/294/2405
f 3815/2754/2409 3802/296/2407 3803/299/2410
f 3816/2755/2411 3803/299/2410 3804/301/2412
f 3817/2756/2413 3804/301/2412 3805/303/2414
f 3818/2757/2415 3805/303/2414 3806/305/2416
f 3819/2758/2417 3806/305/2416 3807/307/2418
f 3820/2759/2419 3807/307/2418 3808/309/2420
f 3810/2750/2402 3821/2760/2421 3809/2749/2399
f 3811/2751/2404 3822/2761/2422 3810/2750/2402
f 3812/2752/2406 3823/2762/2423 3811/2751/2404
f 3813/2753/2408 3824/2763/2424 3812/2752/2406
f 3814/2764/2425 3825/2765/2426 3813/2753/2408
f 3827/2766/2427 3814/2764/2425 3815/2754/2409
f 3828/2767/2428 3815/2754/2409 3816/2755/2411
f 3829/2768/2429 3816/2755/2411 3817/2756/2413
f 3830/2769/2430 3817/2756/2413 3818/2757/2415
f 3831/2770/2431 3818/2757/2415 3819/2758/2417
f 3832/2771/2432 3819/2758/2417 3820/2759/2419
f 3822/2761/2422 3833/2772/2433 3821/2760/2421
f 3823/2762/2423 3834/2773/2434 3822/2761/2422
f 3824/2763/2424 3835/2774/2435 3823/2762/2423
f 3825/2765/2426 3836/2775/2436 3824/2763/2424
f 3826/2776/2437 3837/2777/2438 3825/2765/2426
f 3839/2778/2439 3826/2776/2437 3827/2766/2427
f 3840/2779/2440 3827/2766/2427 3828/2767/2428
f 3841/2780/2441 3828/2767/2428 3829/2768/2429
f 3842/2781/2442 3829/2768/2429 3830/2769/2430
f 3843/2782/2443 3830/2769/2430 3831/2770/2431
f 3844/2783/2444 3831/2770/2431 3832/2771/2432
f 3834/2773/2434 3845/2784/2445 3833/2772/2433
f 3835/2774/2435 3846/2785/2446 3834/2773/2434
f 3836/2775/2436 3847/2786/2447 3835/2774/2435
f 3837/2777/2438 3848/2787/2448 3836/2775/2436
f 3838/2788/2449 3849/2789/2450 3837/2777/2438
f 3851/2790/2451 3838/2788/2449 3839/2778/2439
f 3852/2791/2452 3839/2778/2439 3840/2779/2440
f 3853/2792/2453 3840/2779/2440 3841/2780/2441
f 3854/2793/2454 3841/2780/2441 3842/2781/2442
f 3855/2794/2455 3842/2781/2442 3843/2782/2443
f 3856/2795/2456 3843/2782/2443 3844/2783/2444
f 3846/2785/2446 3857/2796/2457 3845/2784/2445
f 3847/2786/2447 3858/2797/2458 3846/2785/2446
f 3848/2787/2448 3859/2798/2459 3847/2786/2447
f 3849/2789/2450 3860/2799/2460 3848/2787/2448
f 3850/2800/2461 3861/2801/2462 3849/2789/2450
f 3863/2802/2463 3850/2800/2461 3851/2790/2451
f 3864/2803/2464 3851/2790/2451 3852/2791/2452
f 3865/2804/2465 3852/2791/2452 3853/2792/2453
f 3866/2805/2466 3853/2792/2453 3854/2793/2454
f 3867/2806/2467 3854/2793/2454 3855/2794/2455
f 3868/2807/2468 3855/2794/2455 3856/2795/2456
f 3858/2797/2458 3869/2808/2469 3857/2796/2457
f 3859/2798/2459 3870/2809/2470 3858/2797/2458
f 3860/2799/2460 3871/2810/2471 3859/2798/2459
f 3861/2801/2462 3872/2811/2472 3860/2799/2460
f 3862/2812/2473 3873/2813/2474 3861/2801/2462
f 3875/2814/2475 3862/2812/2473 3863/2802/2463
f 3876/2815/2476 3863/2802/2463 3864/2803/2464
f 3877/2816/2477 3864/2803/2464 3865/2804/2465
f 3878/2817/2478 3865/2804/2465 3866/2805/2466
f 3879/2818/2479 3866/2805/2466 3867/2806/2467
f 3880/2819/2480 3867/2806/2467 3868/2807/2468
f 3870/2809/2470 3881/2820/2481 3869/2808/2469
f 3871/2810/2471 3882/2821/2482 3870/2809/2470
f 3872/2811/2472 3883/2822/2483 3871/2810/2471
f 3873/2813/2474 3884/2823/2484 3872/2811/2472
f 3874/2824/2485 3885/2825/2486 3873/2813/2474
f 3887/2826/2487 3874/2824/2485 3875/2814/2475
f 3888/2827/2488 3875/2814/2475 3876/2815/2476
f 3889/2828/2489 3876/2815/2476 3877/2816/2477
f 3890/2829/2490 3877/2816/2477 3878/2817/2478
f 3891/2830/2491 3878/2817/2478 3879/2818/2479
f 3892/2831/2492 3879/2818/2479 3880/2819/2480
f 3894/2832/2493 3881/2820/2481 3882/2821/2482
f 3895/2833/2494 3882/2821/2482 3883/2822/2483
f 3896/2834/2495 3883/2822/2483 3884/2823/2484
f 3897/2835/2496 3884/2823/2484 3885/2825/2486
f 3898/2836/2497 3885/2825/2486 3886/2837/2498
f 3899/2838/2499 3886/2837/2498 3887/2826/2487
f 3888/2827/2488 3899/2838/2499 3887/2826/2487
f 3889/2828/2489 3900/2839/2500 3888/2827/2488
f 3890/2829/2490 3901/2840/2501 3889/2828/2489
f 3891/2830/2491 3902/2841/2502 3890/2829/2490
f 3892/2831/2492 3903/2842/2503 3891/2830/2491
f 3906/2843/2504 3893/2844/2505 3894/2832/2493
f 3907/2845/2506 3894/2832/2493 3895/2833/2494
f 3908/2846/2507 3895/2833/2494 3896/2834/2495
f 3909/2847/2508 3896/2834/2495 3897/2835/2496
f 3910/2848/2509 3897/2835/2496 3898/2836/2497
f 3911/2849/2510 3898/2836/2497 3899/2838/2499
f 3900/2839/2500 3911/2849/2510 3899/2838/2499
f 3901/2840/2501 3912/2850/2511 3900/2839/2500
f 3902/2841/2502 3913/2851/2512 3901/2840/2501
f 3903/2842/2503 3914/2852/2513 3902/2841/2502
f 3904/2853/2514 3915/2854/2515 3903/2842/2503
f 3918/2855/2516 3905/2856/2517 3906/2843/2504
f 3919/2857/2518 3906/2843/2504 3907/2845/2506
f 3920/2858/2519 3907/2845/2506 3908/2846/2507
f 3921/2859/2520 3908/2846/2507 3909/2847/2508
f 3922/2860/2521 3909/2847/2508 3910/2848/2509
f 3923/2861/2522 3910/2848/2509 3911/2849/2510
f 3912/2850/2511 3923/2861/2522 3911/2849/2510
f 3913/2851/2512 3924/2862/2523 3912/2850/2511
f 3914/2852/2513 3925/2863/2524 3913/2851/2512
f 3915/2854/2515 3926/2864/2525 3914/2852/2513
f 3916/2865/2526 3927/2866/2527 3915/2854/2515
f 3930/2867/2528 3917/2868/2529 3918/2855/2516
f 3931/2869/2530 3918/2855/2516 3919/2857/2518
f 3932/2870/2531 3919/2857/2518 3920/2858/2519
f 3933/2871/2532 3920/2858/2519 3921/2859/2520
f 3934/2872/2533 3921/2859/2520 3922/2860/2521
f 3935/2873/2534 3922/2860/2521 3923/2861/2522
f 3924/2862/2523 3935/2873/2534 3923/2861/2522
f 3925/2863/2524 3936/2874/2535 3924/2862/2523
f 3926/2864/2525 3937/2875/2536 3925/2863/2524
f 3927/2866/2527 3938/2876/2537 3926/2864/2525
f 3928/2877/2538 3939/2878/2539 3927/2866/2527
f 3942/2879/2540 3929/2880/2541 3930/2867/2528
f 3943/2881/2542 3930/2867/2528 3931/2869/2530
f 3944/2882/2543 3931/2869/2530 3932/2870/2531
f 3945/2883/2544 3932/2870/2531 3933/2871/2532
f 3946/2884/2545 3933/2871/2532 3934/2872/2533
f 3947/2885/2546 3934/2872/2533 3935/2873/2534
f 3936/2874/2535 3947/2885/2546 3935/2873/2534
f 3937/2875/2536 3948/2886/2547 3936/2874/2535
f 3938/2876/2537 3949/2887/2548 3937/2875/2536
f 3939/2878/2539 3950/2888/2549 3938/2876/2537
f 3940/2889/2550 3951/2890/2551 3939/2878/2539
f 3942/2879/2540 3953/2891/2552 3941/2892/2553
f 3943/2881/2542 3954/2893/2554 3942/2879/2540
f 3944/2882/2543 3955/2894/2555 3943/2881/2542
f 3945/2883/2544 3956/2895/2556 3944/2882/2543
f 3946/2884/2545 3957/2896/2557 3945/2883/2544
f 3959/2897/2558 3946/2884/2545 3947/2885/2546
f 3960/2898/2559 3947/2885/2546 3948/2886/2547
f 3961/2899/2560 3948/2886/2547 3949/2887/2548
f 3962/2900/2561 3949/2887/2548 3950/2888/2549
f 3963/2901/2562 3950/2888/2549 3951/2890/2551
f 3964/2902/2563 3951/2890/2551 3952/2903/2564
f 3954/2893/2554 3965/2904/2565 3953/2891/2552
f 3955/2894/2555 3966/2905/2566 3954/2893/2554
f 3956/2895/2556 3967/2906/2567 3955/2894/2555
f 3957/2896/2557 3968/2907/2568 3956/2895/2556
f 3958/2908/2569 3969/2909/2570 3957/2896/2557
f 3971/2910/2571 3958/2908/2569 3959/2897/2558
f 3972/2911/2572 3959/2897/2558 3960/2898/2559
f 3973/2912/2573 3960/2898/2559 3961/2899/2560
f 3974/2913/2574 3961/2899/2560 3962/2900/2561
f 3975/2914/2575 3962/2900/2561 3963/2901/2562
f 3976/2915/2576 3963/2901/2562 3964/2902/2563
f 3966/2905/2566 3977/2916/2577 3965/2904/2565
f 3967/2906/2567 3978/2917/2578 3966/2905/2566
f 3968/2907/2568 3979/2918/2579 3967/2906/2567
f 3969/2909/2570 3980/2919/2580 3968/2907/2568
f 3970/2920/2581 3981/2921/2582 3969/2909/2570
f 3983/2922/2583 3970/2920/2581 3971/2910/2571
f 3984/2923/2584 3971/2910/2571 3972/2911/2572
f 3985/2924/2585 3972/2911/2572 3973/2912/2573
f 3986/2925/2586 3973/2912/2573 3974/2913/2574
f 3987/2926/2587 3974/2913/2574 3975/2914/2575
f 3988/2927/2588 3975/2914/2575 3976/2915/2576
f 3978/2917/2578 3989/2928/2589 3977/2916/2577
f 3979/2918/2579 3990/2929/2590 3978/2917/2578
f 3980/2919/2580 3991/2930/2591 3979/2918/2579
f 3981/2921/2582 3992/2931/2592 3980/2919/2580
f 3982/2932/2593 3993/2933/2594 3981/2921/2582
f 3995/2934/2595 3982/2932/2593 3983/2922/2583
f 3996/2935/2596 3983/2922/2583 3984/2923/2584
f 3997/2936/2597 3984/2923/2584 3985/2924/2585
f 3998/2937/2598 3985/2924/2585 3986/2925/2586
f 3999/2938/2599 3986/2925/2586 3987/2926/2587
f 4000/2939/2600 3987/2926/2587 3988/2927/2588
f 3990/2929/2590 4001/2940/2601 3989/2928/2589
f 3991/2930/2591 4002/2941/2602 3990/2929/2590
f 3992/2931/2592 4003/2942/2603 3991/2930/2591
f 3993/2933/2594 4004/2943/2604 3992/2931/2592
f 3994/2944/2605 4005/2945/2606 3993/2933/2594
f 4007/2946/2607 3994/2944/2605 3995/2934/2595
f 4008/2947/2608 3995/2934/2595 3996/2935/2596
f 4009/2948/2609 3996/2935/2596 3997/2936/2597
f 4010/2949/2610 3997/2936/2597 3998/2937/2598
f 4011/2950/2611 3998/2937/2598 3999/2938/2599
f 4012/2951/2612 3999/2938/2599 4000/2939/2600
f 4014/2952/2613 4001/2940/2601 4002/2941/2602
f 4015/2953/2614 4002/2941/2602 4003/2942/2603
f 4016/2954/2615 4003/2942/2603 4004/2943/2604
f 4017/2955/2616 4004/2943/2604 4005/2945/2606
f 4018/2956/2617 4005/2945/2606 4006/2957/2618
f 4019/2958/2619 4006/2957/2618 4007/2946/2607
f 4008/2947/2608 4019/2958/2619 4007/2946/2607
f 4009/2948/2609 4020/2959/2620 4008/2947/2608
f 4010/2949/2610 4021/2960/2621 4009/2948/2609
f 4011/2950/2611 4022/2961/2622 4010/2949/2610
f 4012/2951/2612 4023/2962/2623 4011/2950/2611
f 4026/2963/2624 4013/2964/2625 4014/2952/2613
f 4027/2965/2626 4014/2952/2613 4015/2953/2614
f 4028/2966/2627 4015/2953/2614 4016/2954/2615
f 4029/2967/2628 4016/2954/2615 4017/2955/2616
f 4030/2968/2629 4017/2955/2616 4018/2956/2617
f 4031/2969/2630 4018/2956/2617 4019/2958/2619
f 4020/2959/2620 4031/2969/2630 4019/2958/2619
f 4021/2960/2621 4032/2970/2631 4020/2959/2620
f 4022/2961/2622 4033/2971/2632 4021/2960/2621
f 4023/2962/2623 4034/2972/2633 4022/2961/2622
f 4024/2973/2634 4035/2974/2635 4023/2962/2623
f 4038/2975/2636 4025/2976/2637 4026/2963/2624
f 4039/2977/2638 4026/2963/2624 4027/2965/2626
f 4040/2978/2639 4027/2965/2626 4028/2966/2627
f 4041/2979/2640 4028/2966/2627 4029/2967/2628
f 4042/2980/2641 4029/2967/2628 4030/2968/2629
f 4043/2981/2642 4030/2968/2629 4031/2969/2630
f 4032/2970/2631 4043/2981/2642 4031/2969/2630
f 4033/2971/2632 4044/2982/2643 4032/2970/2631
f 4034/2972/2633 4045/2983/2644 4033/2971/2632
f 4035/2974/2635 4046/2984/2645 4034/2972/2633
f 4036/2985/2646 4047/2986/2647 4035/2974/2635
f 4050/2987/2648 4037/2988/2649 4038/2975/2636
f 4051/2989/2650 4038/2975/2636 4039/2977/2638
f 4052/2990/2651 4039/2977/2638 4040/2978/2639
f 4053/2991/2652 4040/2978/2639 4041/2979/2640
f 4054/2992/2653 4041/2979/2640 4042/2980/2641
f 4055/2993/2654 4042/2980/2641 4043/2981/2642
f 4044/2982/2643 4055/2993/2654 4043/2981/2642
f 4045/2983/2644 4056/2994/2655 4044/2982/2643
f 4046/2984/2645 4057/2995/2656 4045/2983/2644
f 4047/2986/2647 4058/2996/2657 4046/2984/2645
f 4048/2997/2658 4059/2998/2659 4047/2986/2647
f 4062/2999/2660 4049/3000/2661 4050/2987/2648
f 4063/3001/2662 4050/2987/2648 4051/2989/2650
f 4064/3002/2663 4051/2989/2650 4052/2990/2651
f 4065/3003/2664 4052/2990/2651 4053/2991/2652
f 4066/3004/2665 4053/2991/2652 4054/2992/2653
f 4067/3005/2666 4054/2992/2653 4055/2993/2654
f 4056/2994/2655 4067/3005/2666 4055/2993/2654
f 4057/2995/2656 4068/3006/2667 4056/2994/2655
f 4058/2996/2657 4069/3007/2668 4057/2995/2656
f 4059/2998/2659 4070/3008/2669 4058/2996/2657
f 4060/3009/2670 4071/3010/2671 4059/2998/2659
f 4074/3011/2672 4061/3012/2673 4062/2999/2660
f 4075/3013/2674 4062/2999/2660 4063/3001/2662
f 4064/3002/2663 4075/3013/2674 4063/3001/2662
f 4065/3003/2664 4076/3014/2675 4064/3002/2663
f 4066/3004/2665 4077/3015/2676 4065/3003/2664
f 4079/3016/2677 4066/3004/2665 4067/3005/2666
f 4080/3017/2678 4067/3005/2666 4068/3006/2667
f 4081/3018/2679 4068/3006/2667 4069/3007/2668
f 4082/3019/2680 4069/3007/2668 4070/3008/2669
f 4071/3010/2671 4082/3019/2680 4070/3008/2669
f 4072/3020/2681 4083/3021/2682 4071/3010/2671
f 4074/3011/2672 4085/3022/2683 4073/3023/2684
f 4075/3013/2674 4086/3024/2685 4074/3011/2672
f 4088/3025/2686 4075/3013/2674 4076/3014/2675
f 4089/3026/2687 4076/3014/2675 4077/3015/2676
f 4090/3027/2688 4077/3015/2676 4078/3028/2689
f 4091/3029/2690 4078/3028/2689 4079/3016/2677
f 4080/3017/2678 4091/3029/2690 4079/3016/2677
f 4081/3018/2679 4092/3030/2691 4080/3017/2678
f 4082/3019/2680 4093/3031/2692 4081/3018/2679
f 4095/3032/2693 4082/3019/2680 4083/3021/2682
f 4096/3033/2694 4083/3021/2682 4084/3034/2695
f 4098/3035/2696 4085/3022/2683 4086/3024/2685
f 4099/3036/2697 4086/3024/2685 4087/3037/2698
f 4100/3038/2699 4087/3037/2698 4088/3025/2686
f 4101/3039/2700 4088/3025/2686 4089/3026/2687
f 4102/3040/2701 4089/3026/2687 4090/3027/2688
f 4103/3041/2702 4090/3027/2688 4091/3029/2690
f 4092/3030/2691 4103/3041/2702 4091/3029/2690
f 4093/3031/2692 4104/3042/2703 4092/3030/2691
f 4094/3043/2704 4105/3044/2705 4093/3031/2692
f 4095/3032/2693 4106/3045/2706 4094/3043/2704
f 4096/3033/2694 4107/3046/2707 4095/3032/2693
f 4110/3047/2708 4097/3048/1965 4098/3035/2696
f 4111/3049/2709 4098/3035/2696 4099/3036/2697
f 4112/3050/2710 4099/3036/2697 4100/3038/2699
f 4113/3051/2711 4100/3038/2699 4101/3039/2700
f 4114/3052/2712 4101/3039/2700 4102/3040/2701
f 4115/3053/2713 4102/3040/2701 4103/3041/2702
f 4104/3042/2703 4115/3053/2713 4103/3041/2702
f 4105/3044/2705 4116/3054/2714 4104/3042/2703
f 4106/3045/2706 4117/3055/2715 4105/3044/2705
f 4107/3046/2707 4118/3056/2716 4106/3045/2706
f 4108/3057/1974 4119/3058/2717 4107/3046/2707
f 4122/3059/2718 4109/3060/2719 4110/3047/2708
f 4123/3061/2720 4110/3047/2708 4111/3049/2709
f 4124/3062/2721 4111/3049/2709 4112/3050/2710
f 4125/3063/2722 4112/3050/2710 4113/3051/2711
f 4126/3064/2723 4113/3051/2711 4114/3052/2712
f 4127/3065/2724 4114/3052/2712 4115/3053/2713
f 4116/3054/2714 4127/3065/2724 4115/3053/2713
f 4117/3055/2715 4128/3066/2725 4116/3054/2714
f 4118/3056/2716 4129/3067/2726 4117/3055/2715
f 4119/3058/2717 4130/3068/2727 4118/3056/2716
f 4120/3069/2728 4131/3070/2729 4119/3058/2717
f 4134/3071/2730 4121/3072/2731 4122/3059/2718
f 4135/3073/2732 4122/3059/2718 4123/3061/2720
f 4136/3074/2733 4123/3061/2720 4124/3062/2721
f 4137/3075/2734 4124/3062/2721 4125/3063/2722
f 4138/3076/2735 4125/3063/2722 4126/3064/2723
f 4139/3077/2736 4126/3064/2723 4127/3065/2724
f 4128/3066/2725 4139/3077/2736 4127/3065/2724
f 4129/3067/2726 4140/3078/2737 4128/3066/2725
f 4130/3068/2727 4141/3079/2738 4129/3067/2726
f 4131/3070/2729 4142/3080/2739 4130/3068/2727
f 4132/3081/2740 4143/3082/2741 4131/3070/2729
f 4146/3083/2742 4133/3084/2743 4134/3071/2730
f 4147/3085/2744 4134/3071/2730 4135/3073/2732
f 4148/3086/2745 4135/3073/2732 4136/3074/2733
f 4149/3087/2746 4136/3074/2733 4137/3075/2734
f 4150/3088/2747 4137/3075/2734 4138/3076/2735
f 4151/3089/2748 4138/3076/2735 4139/3077/2736
f 4140/3078/2737 4151/3089/2748 4139/3077/2736
f 4141/3079/2738 4152/3090/2749 4140/3078/2737
f 4142/3080/2739 4153/3091/2750 4141/3079/2738
f 4143/3082/2741 4154/3092/2751 4142/3080/2739
f 4144/3093/2752 4155/3094/2753 4143/3082/2741
f 4158/3095/2754 4145/3096/2755 4146/3083/2742
f 4159/3097/2756 4146/3083/2742 4147/3085/2744
f 4160/3098/2757 4147/3085/2744 4148/3086/2745
f 4161/3099/2758 4148/3086/2745 4149/3087/2746
f 4162/3100/2759 4149/3087/2746 4150/3088/2747
f 4163/3101/2760 4150/3088/2747 4151/3089/2748
f 4152/3090/2749 4163/3101/2760 4151/3089/2748
f 4153/3091/2750 4164/3102/2761 4152/3090/2749
f 4154/3092/2751 4165/3103/2762 4153/3091/2750
f 4155/3094/2753 4166/3104/2763 4154/3092/2751
f 4156/3105/2764 4167/3106/2765 4155/3094/2753
f 4170/3107/2766 4157/3108/2767 4158/3095/2754
f 4171/3109/2768 4158/3095/2754 4159/3097/2756
f 4172/3110/2769 4159/3097/2756 4160/3098/2757
f 4173/3111/2770 4160/3098/2757 4161/3099/2758
f 4174/3112/2771 4161/3099/2758 4162/3100/2759
f 4175/3113/2772 4162/3100/2759 4163/3101/2760
f 4164/3102/2761 4175/3113/2772 4163/3101/2760
f 4165/3103/2762 4176/3114/2773 4164/3102/2761
f 4166/3104/2763 4177/3115/2774 4165/3103/2762
f 4167/3106/2765 4178/3116/2775 4166/3104/2763
f 4168/3117/2776 4179/3118/2777 4167/3106/2765
f 4182/3119/2778 4169/3120/2779 4170/3107/2766
f 4183/3121/2780 4170/3107/2766 4171/3109/2768
f 4184/3122/2781 4171/3109/2768 4172/3110/2769
f 4185/3123/2782 4172/3110/2769 4173/3111/2770
f 4186/3124/2783 4173/3111/2770 4174/3112/2771
f 4187/3125/2784 4174/3112/2771 4175/3113/2772
f 4176/3114/2773 4187/3125/2784 4175/3113/2772
f 4177/3115/2774 4188/3126/2785 4176/3114/2773
f 4178/3116/2775 4189/3127/2786 4177/3115/2774
f 4179/3118/2777 4190/3128/2787 4178/3116/2775
f 4180/3129/2788 4191/3130/2789 4179/3118/2777
f 4194/3131/2790 4181/3132/2791 4182/3119/2778
f 4195/3133/2792 4182/3119/2778 4183/3121/2780
f 4196/3134/2793 4183/3121/2780 4184/3122/2781
f 4197/3135/2794 4184/3122/2781 4185/3123/2782
f 4198/3136/2795 4185/3123/2782 4186/3124/2783
f 4199/3137/2796 4186/3124/2783 4187/3125/2784
f 4188/3126/2785 4199/3137/2796 4187/3125/2784
f 4189/3127/2786 4200/3138/2797 4188/3126/2785
f 4190/3128/2787 4201/3139/2798 4189/3127/2786
f 4191/3130/2789 4202/3140/2799 4190/3128/2787
f 4192/3141/2800 4203/3142/2801 4191/3130/2789
f 4206/3143/2802 4193/3144/2803 4194/3131/2790
f 4207/3145/2804 4194/3131/2790 4195/3133/2792
f 4208/3146/2805 4195/3133/2792 4196/3134/2793
f 4209/3147/2806 4196/3134/2793 4197/3135/2794
f 4210/3148/2807 4197/3135/2794 4198/3136/2795
f 4211/3149/2808 4198/3136/2795 4199/3137/2796
f 4200/3138/2797 4211/3149/2808 4199/3137/2796
f 4201/3139/2798 4212/3150/2809 4200/3138/2797
f 4202/3140/2799 4213/3151/2810 4201/3139/2798
f 4203/3142/2801 4214/3152/2811 4202/3140/2799
f 4204/3153/2812 4215/3154/2813 4203/3142/2801
f 4218/3155/2814 4205/3156/2815 4206/3143/2802
f 4219/3157/2816 4206/3143/2802 4207/3145/2804
f 4220/3158/2817 4207/3145/2804 4208/3146/2805
f 4221/3159/2818 4208/3146/2805 4209/3147/2806
f 4222/3160/2819 4209/3147/2806 4210/3148/2807
f 4223/3161/2820 4210/3148/2807 4211/3149/2808
f 4212/3150/2809 4223/3161/2820 4211/3149/2808
f 4213/3151/2810 4224/3162/2821 4212/3150/2809
f 4214/3152/2811 4225/3163/2822 4213/3151/2810
f 4215/3154/2813 4226/3164/2823 4214/3152/2811
f 4216/3165/2824 4227/3166/2825 4215/3154/2813
f 4230/3167/2826 4217/3168/2827 4218/3155/2814
f 4231/3169/2828 4218/3155/2814 4219/3157/2816
f 4232/3170/2829 4219/3157/2816 4220/3158/2817
f 4233/3171/2830 4220/3158/2817 4221/3159/2818
f 4234/3172/2831 4221/3159/2818 4222/3160/2819
f 4235/3173/2832 4222/3160/2819 4223/3161/2820
f 4224/3162/2821 4235/3173/2832 4223/3161/2820
f 4225/3163/2822 4236/3174/2833 4224/3162/2821
f 4226/3164/2823 4237/3175/2834 4225/3163/2822
f 4227/3166/2825 4238/3176/2835 4226/3164/2823
f 4228/3177/2836 4239/3178/2837 4227/3166/2825
f 4242/3179/2838 4229/3180/2839 4230/3167/2826
f 4243/3181/2840 4230/3167/2826 4231/3169/2828
f 4244/3182/2841 4231/3169/2828 4232/3170/2829
f 4245/3183/2842 4232/3170/2829 4233/3171/2830
f 4246/3184/2843 4233/3171/2830 4234/3172/2831
f 4247/3185/2844 4234/3172/2831 4235/3173/2832
f 4236/3174/2833 4247/3185/2844 4235/3173/2832
f 4237/3175/2834 4248/3186/2845 4236/3174/2833
f 4238/3176/2835 4249/3187/2846 4237/3175/2834
f 4239/3178/2837 4250/3188/2847 4238/3176/2835
f 4240/3189/2848 4251/3190/2849 4239/3178/2837
f 4254/3191/2850 4241/3192/2851 4242/3179/2838
f 4255/3193/2852 4242/3179/2838 4243/3181/2840
f 4256/3194/2853 4243/3181/2840 4244/3182/2841
f 4257/3195/2854 4244/3182/2841 4245/3183/2842
f 4258/3196/2855 4245/3183/2842 4246/3184/2843
f 4259/3197/2856 4246/3184/2843 4247/3185/2844
f 4248/3186/2845 4259/3197/2856 4247/3185/2844
f 4249/3187/2846 4260/3198/2857 4248/3186/2845
f 4250/3188/2847 4261/3199/2858 4249/3187/2846
f 4251/3190/2849 4262/3200/2859 4250/3188/2847
f 4252/3201/2860 4263/3202/2861 4251/3190/2849
f 4254/3191/2850 4265/3203/2862 4253/3204/2863
f 4255/3193/2852 4266/3205/2864 4254/3191/2850
f 4256/3194/2853 4267/3206/2865 4255/3193/2852
f 4269/3207/2866 4256/3194/2853 4257/3195/2854
f 4258/3196/2855 4269/3207/2866 4257/3195/2854
f 4271/3208/2867 4258/3196/2855 4259/3197/2856
f 4272/3209/2868 4259/3197/2856 4260/3198/2857
f 4261/3199/2858 4272/3209/2868 4260/3198/2857
f 4274/3210/2869 4261/3199/2858 4262/3200/2859
f 4275/3211/2870 4262/3200/2859 4263/3202/2861
f 4276/3212/2871 4263/3202/2861 4264/3213/2872
f 4266/3205/2864 4277/3214/2873 4265/3203/2862
f 4267/3206/2865 4278/3215/2874 4266/3205/2864
f 4268/3216/2875 4279/3217/2876 4267/3206/2865
f 4269/3207/2866 4280/3218/2877 4268/3216/2875
f 4270/3219/2878 4281/3220/2879 4269/3207/2866
f 4283/3221/2880 4270/3219/2878 4271/3208/2867
f 4284/3222/2881 4271/3208/2867 4272/3209/2868
f 4285/3223/2882 4272/3209/2868 4273/3224/2883
f 4286/3225/2884 4273/3224/2883 4274/3210/2869
f 4287/3226/2885 4274/3210/2869 4275/3211/2870
f 4288/3227/2886 4275/3211/2870 4276/3212/2871
f 4278/3215/2874 4289/3228/2887 4277/3214/2873
f 4279/3217/2876 4290/3229/2888 4278/3215/2874
f 4280/3218/2877 4291/3230/2889 4279/3217/2876
f 4281/3220/2879 4292/3231/2890 4280/3218/2877
f 4282/3232/2891 4293/3233/2892 4281/3220/2879
f 4295/3234/2893 4282/3232/2891 4283/3221/2880
f 4296/3235/2894 4283/3221/2880 4284/3222/2881
f 4297/3236/2895 4284/3222/2881 4285/3223/2882
f 4298/3237/2896 4285/3223/2882 4286/3225/2884
f 4299/3238/2897 4286/3225/2884 4287/3226/2885
f 4300/3239/2898 4287/3226/2885 4288/3227/2886
f 4290/3229/2888 4301/3240/2767 4289/3228/2887
f 4291/3230/2889 4302/3241/2899 4290/3229/2888
f 4292/3231/2890 4303/3242/2900 4291/3230/2889
f 4293/3233/2892 4304/3243/2901 4292/3231/2890
f 4294/3244/2902 4305/3245/2903 4293/3233/2892
f 4307/3246/2904 4294/3244/2902 4295/3234/2893
f 4308/3247/2905 4295/3234/2893 4296/3235/2894
f 4309/3248/2906 4296/3235/2894 4297/3236/2895
f 4310/3249/2907 4297/3236/2895 4298/3237/2896
f 4311/3250/2908 4298/3237/2896 4299/3238/2897
f 4312/3251/2776 4299/3238/2897 4300/3239/2898
f 4302/3241/2899 4313/3252/2909 4301/3240/2767
f 4303/3242/2900 4314/3253/2910 4302/3241/2899
f 4304/3243/2901 4315/3254/2911 4303/3242/2900
f 4305/3245/2903 4316/3255/2912 4304/3243/2901
f 4306/3256/2913 4317/3257/2914 4305/3245/2903
f 4319/3258/2915 4306/3256/2913 4307/3246/2904
f 4320/3259/2916 4307/3246/2904 4308/3247/2905
f 4321/3260/2917 4308/3247/2905 4309/3248/2906
f 4322/3261/2918 4309/3248/2906 4310/3249/2907
f 4323/3262/2919 4310/3249/2907 4311/3250/2908
f 4324/3263/2920 4311/3250/2908 4312/3251/2776
f 4314/3253/2910 4325/3264/2921 4313/3252/2909
f 4315/3254/2911 4326/3265/2922 4314/3253/2910
f 4316/3255/2912 4327/3266/2923 4315/3254/2911
f 4317/3257/2914 4328/3267/2924 4316/3255/2912
f 4318/3268/2925 4329/3269/2926 4317/3257/2914
f 4331/3270/2927 4318/3268/2925 4319/3258/2915
f 4332/3271/2928 4319/3258/2915 4320/3259/2916
f 4333/3272/2929 4320/3259/2916 4321/3260/2917
f 4334/3273/2930 4321/3260/2917 4322/3261/2918
f 4335/3274/2931 4322/3261/2918 4323/3262/2919
f 4336/3275/2932 4323/3262/2919 4324/3263/2920
f 4326/3265/2922 4337/3276/2933 4325/3264/2921
f 4327/3266/2923 4338/3277/2934 4326/3265/2922
f 4328/3267/2924 4339/3278/2935 4327/3266/2923
f 4329/3269/2926 4340/3279/2936 4328/3267/2924
f 4330/3280/2937 4341/3281/2938 4329/3269/2926
f 4343/3282/2939 4330/3280/2937 4331/3270/2927
f 4344/3283/2940 4331/3270/2927 4332/3271/2928
f 4345/3284/2941 4332/3271/2928 4333/3272/2929
f 4346/3285/2942 4333/3272/2929 4334/3273/2930
f 4347/3286/2943 4334/3273/2930 4335/3274/2931
f 4348/3287/2944 4335/3274/2931 4336/3275/2932
f 4338/3277/2934 4349/3288/2945 4337/3276/2933
f 4339/3278/2935 4350/3289/2946 4338/3277/2934
f 4340/3279/2936 4351/3290/2947 4339/3278/2935
f 4341/3281/2938 4352/3291/2948 4340/3279/2936
f 4342/3292/2949 4353/3293/2950 4341/3281/2938
f 4355/3294/2951 4342/3292/2949 4343/3282/2939
f 4356/3295/2952 4343/3282/2939 4344/3283/2940
f 4357/3296/2953 4344/3283/2940 4345/3284/2941
f 4358/3297/2954 4345/3284/2941 4346/3285/2942
f 4359/3298/2955 4346/3285/2942 4347/3286/2943
f 4360/3299/2956 4347/3286/2943 4348/3287/2944
f 4350/3289/2946 4361/3300/2957 4349/3288/2945
f 4351/3290/2947 4362/3301/2958 4350/3289/2946
f 4352/3291/2948 4363/3302/2959 4351/3290/2947
f 4353/3293/2950 4364/3303/2960 4352/3291/2948
f 4354/3304/2961 4365/3305/2962 4353/3293/2950
f 4367/3306/2963 4354/3304/2961 4355/3294/2951
f 4368/3307/2964 4355/3294/2951 4356/3295/2952
f 4369/3308/2965 4356/3295/2952 4357/3296/2953
f 4370/3309/2966 4357/3296/2953 4358/3297/2954
f 4371/3310/2967 4358/3297/2954 4359/3298/2955
f 4372/3311/2968 4359/3298/2955 4360/3299/2956
f 4374/3312/2969 4361/3300/2957 4362/3301/2958
f 4375/3313/2970 4362/3301/2958 4363/3302/2959
f 4376/3314/2971 4363/3302/2959 4364/3303/2960
f 4377/3315/2972 4364/3303/2960 4365/3305/2962
f 4378/3316/2973 4365/3305/2962 4366/3317/2974
f 4379/3318/2975 4366/3317/2974 4367/3306/2963
f 4368/3307/2964 4379/3318/2975 4367/3306/2963
f 4369/3308/2965 4380/3319/2976 4368/3307/2964
f 4370/3309/2966 4381/3320/2977 4369/3308/2965
f 4371/3310/2967 4382/3321/2978 4370/3309/2966
f 4372/3311/2968 4383/3322/2979 4371/3310/2967
f 4386/3323/2980 4373/3324/2981 4374/3312/2969
f 4387/3325/2982 4374/3312/2969 4375/3313/2970
f 4388/3326/2983 4375/3313/2970 4376/3314/2971
f 4389/3327/2984 4376/3314/2971 4377/3315/2972
f 4390/3328/2985 4377/3315/2972 4378/3316/2973
f 4391/3329/2986 4378/3316/2973 4379/3318/2975
f 4380/3319/2976 4391/3329/2986 4379/3318/2975
f 4381/3320/2977 4392/3330/2987 4380/3319/2976
f 4382/3321/2978 4393/3331/2988 4381/3320/2977
f 4383/3322/2979 4394/3332/2989 4382/3321/2978
f 4384/3333/2990 4395/3334/2991 4383/3322/2979
f 4398/3335/2992 4385/3336/2993 4386/3323/2980
f 4399/3337/2994 4386/3323/2980 4387/3325/2982
f 4400/3338/2995 4387/3325/2982 4388/3326/2983
f 4401/3339/2996 4388/3326/2983 4389/3327/2984
f 4402/3340/2997 4389/3327/2984 4390/3328/2985
f 4403/3341/2998 4390/3328/2985 4391/3329/2986
f 4392/3330/2987 4403/3341/2998 4391/3329/2986
f 4393/3331/2988 4404/3342/2999 4392/3330/2987
f 4394/3332/2989 4405/3343/3000 4393/3331/2988
f 4395/3334/2991 4406/3344/3001 4394/3332/2989
f 4396/3345/3002 4407/3346/3003 4395/3334/2991
f 4410/3347/3004 4397/3348/3005 4398/3335/2992
f 4411/3349/3006 4398/3335/2992 4399/3337/2994
f 4412/3350/3007 4399/3337/2994 4400/3338/2995
f 4413/3351/3008 4400/3338/2995 4401/3339/2996
f 4414/3352/3009 4401/3339/2996 4402/3340/2997
f 4415/3353/3010 4402/3340/2997 4403/3341/2998
f 4404/3342/2999 4415/3353/3010 4403/3341/2998
f 4405/3343/3000 4416/3354/3011 4404/3342/2999
f 4406/3344/3001 4417/3355/3012 4405/3343/3000
f 4407/3346/3003 4418/3356/3013 4406/3344/3001
f 4408/3357/3014 4419/3358/3015 4407/3346/3003
f 4422/3359/3016 4409/3360/3017 4410/3347/3004
f 4423/3361/3018 4410/3347/3004 4411/3349/3006
f 4424/3362/3019 4411/3349/3006 4412/3350/3007
f 4425/3363/3020 4412/3350/3007 4413/3351/3008
f 4426/3364/3021 4413/3351/3008 4414/3352/3009
f 4427/3365/3022 4414/3352/3009 4415/3353/3010
f 4416/3354/3011 4427/3365/3022 4415/3353/3010
f 4417/3355/3012 4428/3366/3023 4416/3354/3011
f 4418/3356/3013 4429/3367/3024 4417/3355/3012
f 4419/3358/3015 4430/3368/3025 4418/3356/3013
f 4420/3369/3026 4431/3370/3027 4419/3358/3015
f 4434/3371/3028 4421/3372/3029 4422/3359/3016
f 4435/3373/3030 4422/3359/3016 4423/3361/3018
f 4436/3374/3031 4423/3361/3018 4424/3362/3019
f 4437/3375/3032 4424/3362/3019 4425/3363/3020
f 4438/3376/3033 4425/3363/3020 4426/3364/3021
f 4439/3377/3034 4426/3364/3021 4427/3365/3022
f 4428/3366/3023 4439/3377/3034 4427/3365/3022
f 4429/3367/3024 4440/3378/3035 4428/3366/3023
f 4430/3368/3025 4441/3379/3036 4429/3367/3024
f 4431/3370/3027 4442/3380/3037 4430/3368/3025
f 4432/3381/3038 4443/3382/3039 4431/3370/3027
f 4446/3383/3040 4433/3384/3041 4434/3371/3028
f 4447/3385/3042 4434/3371/3028 4435/3373/3030
f 4448/3386/3043 4435/3373/3030 4436/3374/3031
f 4449/3387/3044 4436/3374/3031 4437/3375/3032
f 4450/3388/3045 4437/3375/3032 4438/3376/3033
f 4451/3389/3046 4438/3376/3033 4439/3377/3034
f 4440/3378/3035 4451/3389/3046 4439/3377/3034
f 4441/3379/3036 4452/3390/3047 4440/3378/3035
f 4442/3380/3037 4453/3391/3048 4441/3379/3036
f 4443/3382/3039 4454/3392/3049 4442/3380/3037
f 4444/3393/3050 4455/3394/3051 4443/3382/3039
f 4458/3395/3052 4445/3396/3053 4446/3383/3040
f 4459/3397/3054 4446/3383/3040 4447/3385/3042
f 4460/3398/3055 4447/3385/3042 4448/3386/3043
f 4461/3399/3056 4448/3386/3043 4449/3387/3044
f 4462/3400/3057 4449/3387/3044 4450/3388/3045
f 4463/3401/3058 4450/3388/3045 4451/3389/3046
f 4452/3390/3047 4463/3401/3058 4451/3389/3046
f 4453/3391/3048 4464/3402/3059 4452/3390/3047
f 4454/3392/3049 4465/3403/3060 4453/3391/3048
f 4455/3394/3051 4466/3404/3061 4454/3392/3049
f 4456/3405/3062 4467/3406/3063 4455/3394/3051
f 4470/3407/3064 4457/3408/3065 4458/3395/3052
f 4471/3409/3066 4458/3395/3052 4459/3397/3054
f 4472/3410/3067 4459/3397/3054 4460/3398/3055
f 4473/3411/3068 4460/3398/3055 4461/3399/3056
f 4474/3412/3069 4461/3399/3056 4462/3400/3057
f 4475/3413/3070 4462/3400/3057 4463/3401/3058
f 4464/3402/3059 4475/3413/3070 4463/3401/3058
f 4465/3403/3060 4476/3414/3071 4464/3402/3059
f 4466/3404/3061 4477/3415/3072 4465/3403/3060
f 4467/3406/3063 4478/3416/3073 4466/3404/3061
f 4468/3417/3074 4479/3418/3075 4467/3406/3063
f 4482/3419/3076 4469/3420/3077 4470/3407/3064
f 4483/3421/3078 4470/3407/3064 4471/3409/3066
f 4484/3422/3079 4471/3409/3066 4472/3410/3067
f 4485/3423/3080 4472/3410/3067 4473/3411/3068
f 4486/3424/3081 4473/3411/3068 4474/3412/3069
f 4487/3425/3082 4474/3412/3069 4475/3413/3070
f 4476/3414/3071 4487/3425/3082 4475/3413/3070
f 4477/3415/3072 4488/3426/3083 4476/3414/3071
f 4478/3416/3073 4489/3427/3084 4477/3415/3072
f 4479/3418/3075 4490/3428/3085 4478/3416/3073
f 4480/3429/3086 4491/3430/3087 4479/3418/3075
f 4482/3419/3076 4493/3431/3088 4481/3432/3089
f 4483/3421/3078 4494/3433/3090 4482/3419/3076
f 4484/3422/3079 4495/3434/3091 4483/3421/3078
f 4485/3423/3080 4496/3435/3092 4484/3422/3079
f 4486/3424/3081 4497/3436/3093 4485/3423/3080
f 4499/3437/3094 4486/3424/3081 4487/3425/3082
f 4500/3438/3095 4487/3425/3082 4488/3426/3083
f 4501/3439/3096 4488/3426/3083 4489/3427/3084
f 4502/3440/3097 4489/3427/3084 4490/3428/3085
f 4503/3441/3098 4490/3428/3085 4491/3430/3087
f 4504/3442/3099 4491/3430/3087 4492/3443/3100
f 4494/3433/3090 4505/3444/3101 4493/3431/3088
f 4495/3434/3091 4506/3445/3102 4494/3433/3090
f 4496/3435/3092 4507/3446/3103 4495/3434/3091
f 4497/3436/3093 4508/3447/3104 4496/3435/3092
f 4498/3448/3105 4509/3449/3106 4497/3436/3093
f 4511/3450/3107 4498/3448/3105 4499/3437/3094
f 4512/3451/3108 4499/3437/3094 4500/3438/3095
f 4513/3452/3109 4500/3438/3095 4501/3439/3096
f 4514/3453/3110 4501/3439/3096 4502/3440/3097
f 4515/3454/3111 4502/3440/3097 4503/3441/3098
f 4516/3455/3112 4503/3441/3098 4504/3442/3099
f 4506/3445/3102 4517/3456/746 4505/3444/3101
f 4507/3446/3103 4518/3457/3113 4506/3445/3102
f 4508/3447/3104 4519/3458/3114 4507/3446/3103
f 4509/3449/3106 4520/3459/3115 4508/3447/3104
f 4510/3460/3116 4521/3461/3117 4509/3449/3106
f 4523/3462/3118 4510/3460/3116 4511/3450/3107
f 4524/3463/3119 4511/3450/3107 4512/3451/3108
f 4525/3464/3120 4512/3451/3108 4513/3452/3109
f 4526/3465/3121 4513/3452/3109 4514/3453/3110
f 4527/3466/3122 4514/3453/3110 4515/3454/3111
f 4528/3467/755 4515/3454/3111 4516/3455/3112
f 4518/3457/3113 4529/3468/3123 4517/3456/746
f 4519/3458/3114 4530/3469/3124 4518/3457/3113
f 4520/3459/3115 4531/3470/3125 4519/3458/3114
f 4521/3461/3117 4532/3471/3126 4520/3459/3115
f 4522/3472/3127 4533/3473/3128 4521/3461/3117
f 4535/3474/3129 4522/3472/3127 4523/3462/3118
f 4536/3475/3130 4523/3462/3118 4524/3463/3119
f 4537/3476/3131 4524/3463/3119 4525/3464/3120
f 4538/3477/3132 4525/3464/3120 4526/3465/3121
f 4539/3478/3133 4526/3465/3121 4527/3466/3122
f 4540/3479/3134 4527/3466/3122 4528/3467/755
f 4542/3480/1181 4529/3468/3123 4530/3469/3124
f 4543/3481/1183 4530/3469/3124 4531/3470/3125
f 4544/3482/1185 4531/3470/3125 4532/3471/3126
f 4545/3483/1187 4532/3471/3126 4533/3473/3128
f 4546/3484/1189 4533/3473/3128 4534/3485/3135
f 4547/3486/1302 4534/3485/3135 4535/3474/3129
f 4536/3475/3130 4547/3486/1302 4535/3474/3129
f 4537/3476/3131 4548/3487/1193 4536/3475/3130
f 4538/3477/3132 4549/3488/1195 4537/3476/3131
f 4539/3478/3133 4550/3489/1197 4538/3477/3132
f 4540/3479/3134 4551/3490/1199 4539/3478/3133
f 4542/3480/1181 4553/3491/1180 4541/3492/1180
f 4543/3481/1183 4554/3493/1212 4542/3480/1181
f 4544/3482/1185 4555/3494/1213 4543/3481/1183
f 4545/3483/1187 4556/3495/1214 4544/3482/1185
f 4546/3484/1189 4557/3496/1303 4545/3483/1187
f 4559/3497/1218 4546/3484/1189 4547/3486/1302
f 4560/3498/1415 4547/3486/1302 4548/3487/1193
f 4561/3499/1220 4548/3487/1193 4549/3488/1195
f 4562/3500/1221 4549/3488/1195 4550/3489/1197
f 4563/3501/1222 4550/3489/1197 4551/3490/1199
f 4564/3502/1201 4551/3490/1199 4552/3503/1201
f 4566/3504/1224 4553/3491/1180 4554/3493/1212
f 4567/3505/1225 4554/3493/1212 4555/3494/1213
f 4568/3506/1226 4555/3494/1213 4556/3495/1214
f 4569/3507/1227 4556/3495/1214 4557/3496/1303
f 4570/3508/1228 4557/3496/1303 4558/3509/1216
f 4571/3510/1229 4558/3509/1216 4559/3497/1218
f 4572/3511/1230 4559/3497/1218 4560/3498/1415
f 4573/3512/1231 4560/3498/1415 4561/3499/1220
f 4574/3513/1232 4561/3499/1220 4562/3500/1221
f 4575/3514/1233 4562/3500/1221 4563/3501/1222
f 4576/3515/1234 4563/3501/1222 4564/3502/1201
f 4578/3516/1235 4565/3517/1236 4566/3504/1224
f 4579/3518/1237 4566/3504/1224 4567/3505/1225
f 4580/3519/1238 4567/3505/1225 4568/3506/1226
f 4581/3520/1239 4568/3506/1226 4569/3507/1227
f 4582/3521/1240 4569/3507/1227 4570/3508/1228
f 4583/3522/1241 4570/3508/1228 4571/3510/1229
f 4584/3523/1242 4571/3510/1229 4572/3511/1230
f 4585/3524/1243 4572/3511/1230 4573/3512/1231
f 4586/3525/1244 4573/3512/1231 4574/3513/1232
f 4587/3526/1245 4574/3513/1232 4575/3514/1233
f 4588/3527/1246 4575/3514/1233 4576/3515/1234
f 4590/3528/3136 4577/3529/1247 4578/3516/1235
f 4591/3530/3137 4578/3516/1235 4579/3518/1237
f 4592/3531/3138 4579/3518/1237 4580/3519/1238
f 4593/3532/3139 4580/3519/1238 4581/3520/1239
f 4594/3533/3140 4581/3520/1239 4582/3521/1240
f 4595/3534/3141 4582/3521/1240 4583/3522/1241
f 4584/3523/1242 4595/3534/3141 4583/3522/1241
f 4585/3524/1243 4596/3535/3142 4584/3523/1242
f 4586/3525/1244 4597/3536/3143 4585/3524/1243
f 4587/3526/1245 4598/3537/3144 4586/3525/1244
f 4588/3527/1246 4599/3538/3145 4587/3526/1245
f 4590/3528/3136 3797/1/2400 4589/3539/3146
f 4591/3530/3137 3798/1454/2398 4590/3528/3136
f 4592/3531/3138 3799/1456/2401 4591/3530/3137
f 4593/3532/3139 3800/1457/2403 4592/3531/3138
f 4594/3533/3140 3801/1458/2405 4593/3532/3139
f 3803/1460/2410 4594/3533/3140 4595/3534/3141
f 3804/1461/2412 4595/3534/3141 4596/3535/3142
f 3805/1462/2414 4596/3535/3142 4597/3536/3143
f 3806/1463/2416 4597/3536/3143 4598/3537/3144
f 3807/1465/2418 4598/3537/3144 4599/3538/3145
f 3808/1774/2420 4599/3538/3145 4600/3540/3147
f 4614/3541/3148 4601/7/3149 4602/288/3150
f 4615/3542/3151 4602/288/3150 4603/290/3152
f 4616/3543/3153 4603/290/3152 4604/292/3154
f 4617/3544/3155 4604/292/3154 4605/294/3156
f 4618/3545/3157 4605/294/3156 4606/296/3158
f 4619/3546/3159 4606/296/3158 4607/299/3160
f 4608/301/3161 4619/3546/3159 4607/299/3160
f 4609/303/3162 4620/3547/3163 4608/301/3161
f 4610/305/3164 4621/3548/3165 4609/303/3162
f 4611/307/3166 4622/3549/3167 4610/305/3164
f 4612/309/3168 4623/3550/3169 4611/307/3166
f 4626/3551/3170 4613/3552/3171 4614/3541/3148
f 4627/3553/3172 4614/3541/3148 4615/3542/3151
f 4628/3554/3173 4615/3542/3151 4616/3543/3153
f 4629/3555/3174 4616/3543/3153 4617/3544/3155
f 4630/3556/3175 4617/3544/3155 4618/3545/3157
f 4631/3557/3176 4618/3545/3157 4619/3546/3159
f 4620/3547/3163 4631/3557/3176 4619/3546/3159
f 4621/3548/3165 4632/3558/3177 4620/3547/3163
f 4622/3549/3167 4633/3559/3178 4621/3548/3165
f 4623/3550/3169 4634/3560/3179 4622/3549/3167
f 4624/3561/3180 4635/3562/3181 4623/3550/3169
f 4638/1775/3182 4625/3563/3183 4626/3551/3170
f 4639/1776/3184 4626/3551/3170 4627/3553/3172
f 4640/1777/3185 4627/3553/3172 4628/3554/3173
f 4641/1778/3186 4628/3554/3173 4629/3555/3174
f 4642/1779/3187 4629/3555/3174 4630/3556/3175
f 4643/1780/3188 4630/3556/3175 4631/3557/3176
f 4632/3558/3177 4643/1780/3188 4631/3557/3176
f 4633/3559/3178 4644/1781/3189 4632/3558/3177
f 4634/3560/3179 4645/1782/3190 4633/3559/3178
f 4635/3562/3181 4646/1783/3191 4634/3560/3179
f 4636/3564/3192 4647/1784/3193 4635/3562/3181
f 4650/3565/3194 4637/100/3195 4638/1775/3182
f 4651/3566/3196 4638/1775/3182 4639/1776/3184
f 4652/3567/3197 4639/1776/3184 4640/1777/3185
f 4653/3568/3198 4640/1777/3185 4641/1778/3186
f 4654/3569/3199 4641/1778/3186 4642/1779/3187
f 4655/3570/3200 4642/1779/3187 4643/1780/3188
f 4644/1781/3189 4655/3570/3200 4643/1780/3188
f 4645/1782/3190 4656/3571/3201 4644/1781/3189
f 4646/1783/3191 4657/3572/3202 4645/1782/3190
f 4647/1784/3193 4658/3573/3203 4646/1783/3191
f 4648/1795/3204 4659/3574/3205 4647/1784/3193
f 4662/3575/3206 4649/3576/3207 4650/3565/3194
f 4663/3577/3208 4650/3565/3194 4651/3566/3196
f 4664/3578/3209 4651/3566/3196 4652/3567/3197
f 4665/3579/3210 4652/3567/3197 4653/3568/3198
f 4666/3580/3211 4653/3568/3198 4654/3569/3199
f 4667/3581/3212 4654/3569/3199 4655/3570/3200
f 4656/3571/3201 4667/3581/3212 4655/3570/3200
f 4657/3572/3202 4668/3582/3213 4656/3571/3201
f 4658/3573/3203 4669/3583/3214 4657/3572/3202
f 4659/3574/3205 4670/3584/3215 4658/3573/3203
f 4660/3585/3216 4671/3586/3217 4659/3574/3205
f 4674/1785/3218 4661/3587/3219 4662/3575/3206
f 4675/1786/3220 4662/3575/3206 4663/3577/3208
f 4676/1787/3221 4663/3577/3208 4664/3578/3209
f 4677/1788/3222 4664/3578/3209 4665/3579/3210
f 4678/1796/3223 4665/3579/3210 4666/3580/3211
f 4679/1789/3224 4666/3580/3211 4667/3581/3212
f 4668/3582/3213 4679/1789/3224 4667/3581/3212
f 4669/3583/3214 4680/1790/3225 4668/3582/3213
f 4670/3584/3215 4681/1791/3226 4669/3583/3214
f 4671/3586/3217 4682/1792/3227 4670/3584/3215
f 4672/3588/3228 4683/1793/3229 4671/3586/3217
f 4674/1785/3218 4685/3589/3230 4673/99/3231
f 4675/1786/3220 4686/3590/3232 4674/1785/3218
f 4676/1787/3221 4687/3591/3233 4675/1786/3220
f 4677/1788/3222 4688/3592/3234 4676/1787/3221
f 4678/1796/3223 4689/3593/3235 4677/1788/3222
f 4691/3594/3236 4678/1796/3223 4679/1789/3224
f 4692/3595/3237 4679/1789/3224 4680/1790/3225
f 4693/3596/3238 4680/1790/3225 4681/1791/3226
f 4694/3597/3239 4681/1791/3226 4682/1792/3227
f 4695/3598/3240 4682/1792/3227 4683/1793/3229
f 4696/3599/3241 4683/1793/3229 4684/1794/3242
f 4686/3590/3232 4697/3600/3243 4685/3589/3230
f 4687/3591/3233 4698/3601/3244 4686/3590/3232
f 4688/3592/3234 4699/3602/3245 4687/3591/3233
f 4689/3593/3235 4700/3603/3246 4688/3592/3234
f 4690/3604/3247 4701/3605/3248 4689/3593/3235
f 4703/3606/3249 4690/3604/3247 4691/3594/3236
f 4704/3607/3250 4691/3594/3236 4692/3595/3237
f 4705/3608/3251 4692/3595/3237 4693/3596/3238
f 4706/3609/3252 4693/3596/3238 4694/3597/3239
f 4707/3610/3253 4694/3597/3239 4695/3598/3240
f 4708/3611/3254 4695/3598/3240 4696/3599/3241
f 4698/3601/3244 4709/101/3255 4697/3600/3243
f 4699/3602/3245 4710/1501/3256 4698/3601/3244
f 4700/3603/3246 4711/1502/3257 4699/3602/3245
f 4701/3605/3248 4712/1503/3258 4700/3603/3246
f 4702/3612/3259 4713/1504/3260 4701/3605/3248
f 4715/1506/3261 4702/3612/3259 4703/3606/3249
f 4716/1507/3262 4703/3606/3249 4704/3607/3250
f 4717/1508/3263 4704/3607/3250 4705/3608/3251
f 4718/1509/3264 4705/3608/3251 4706/3609/3252
f 4719/1510/3265 4706/3609/3252 4707/3610/3253
f 4720/1521/3266 4707/3610/3253 4708/3611/3254
f 4710/1501/3256 4721/3613/3267 4709/101/3255
f 4711/1502/3257 4722/3614/3268 4710/1501/3256
f 4712/1503/3258 4723/3615/3269 4711/1502/3257
f 4713/1504/3260 4724/3616/3270 4712/1503/3258
f 4714/1505/3271 4725/3617/3272 4713/1504/3260
f 4727/3618/3273 4714/1505/3271 4715/1506/3261
f 4728/3619/3274 4715/1506/3261 4716/1507/3262
f 4729/3620/3275 4716/1507/3262 4717/1508/3263
f 4730/3621/3276 4717/1508/3263 4718/1509/3264
f 4731/3622/3277 4718/1509/3264 4719/1510/3265
f 4732/3623/3278 4719/1510/3265 4720/1521/3266
f 4722/3614/3268 4733/3624/3279 4721/3613/3267
f 4723/3615/3269 4734/3625/3280 4722/3614/3268
f 4724/3616/3270 4735/3626/3281 4723/3615/3269
f 4725/3617/3272 4736/3627/3282 4724/3616/3270
f 4726/3628/3283 4737/3629/3284 4725/3617/3272
f 4739/3630/3285 4726/3628/3283 4727/3618/3273
f 4740/3631/3286 4727/3618/3273 4728/3619/3274
f 4741/3632/3287 4728/3619/3274 4729/3620/3275
f 4742/3633/3288 4729/3620/3275 4730/3621/3276
f 4743/3634/3289 4730/3621/3276 4731/3622/3277
f 4744/3635/3290 4731/3622/3277 4732/3623/3278
f 4734/3625/3280 4745/102/3291 4733/3624/3279
f 4735/3626/3281 4746/1797/3292 4734/3625/3280
f 4736/3627/3282 4747/1798/3293 4735/3626/3281
f 4737/3629/3284 4748/1799/3294 4736/3627/3282
f 4738/3636/3295 4749/1800/3296 4737/3629/3284
f 4751/1802/3297 4738/3636/3295 4739/3630/3285
f 4752/1803/3298 4739/3630/3285 4740/3631/3286
f 4753/1804/3299 4740/3631/3286 4741/3632/3287
f 4754/1805/3300 4741/3632/3287 4742/3633/3288
f 4755/1806/3301 4742/3633/3288 4743/3634/3289
f 4756/1817/3302 4743/3634/3289 4744/3635/3290
f 4758/3637/3303 4745/102/3291 4746/1797/3292
f 4759/3638/3304 4746/1797/3292 4747/1798/3293
f 4760/3639/3305 4747/1798/3293 4748/1799/3294
f 4761/3640/3306 4748/1799/3294 4749/1800/3296
f 4762/3641/3307 4749/1800/3296 4750/1801/3308
f 4763/3642/3309 4750/1801/3308 4751/1802/3297
f 4752/1803/3298 4763/3642/3309 4751/1802/3297
f 4753/1804/3299 4764/3643/3310 4752/1803/3298
f 4754/1805/3300 4765/3644/3311 4753/1804/3299
f 4755/1806/3301 4766/3645/3312 4754/1805/3300
f 4756/1817/3302 4767/3646/3313 4755/1806/3301
f 4770/3647/3314 4757/3648/3315 4758/3637/3303
f 4771/3649/3316 4758/3637/3303 4759/3638/3304
f 4772/3650/3317 4759/3638/3304 4760/3639/3305
f 4773/3651/3318 4760/3639/3305 4761/3640/3306
f 4774/3652/3319 4761/3640/3306 4762/3641/3307
f 4775/3653/3320 4762/3641/3307 4763/3642/3309
f 4764/3643/3310 4775/3653/3320 4763/3642/3309
f 4765/3644/3311 4776/3654/3321 4764/3643/3310
f 4766/3645/3312 4777/3655/3322 4765/3644/3311
f 4767/3646/3313 4778/3656/3323 4766/3645/3312
f 4768/3657/3324 4779/3658/3325 4767/3646/3313
f 4782/1807/3326 4769/3659/3327 4770/3647/3314
f 4783/1808/3328 4770/3647/3314 4771/3649/3316
f 4784/1809/3329 4771/3649/3316 4772/3650/3317
f 4785/1810/3330 4772/3650/3317 4773/3651/3318
f 4786/1818/3331 4773/3651/3318 4774/3652/3319
f 4787/1811/3332 4774/3652/3319 4775/3653/3320
f 4776/3654/3321 4787/1811/3332 4775/3653/3320
f 4777/3655/3322 4788/1812/3333 4776/3654/3321
f 4778/3656/3323 4789/1813/3334 4777/3655/3322
f 4779/3658/3325 4790/1814/3335 4778/3656/3323
f 4780/3660/3336 4791/1815/3337 4779/3658/3325
f 4794/3661/3338 4781/103/3339 4782/1807/3326
f 4795/3662/3340 4782/1807/3326 4783/1808/3328
f 4796/3663/3341 4783/1808/3328 4784/1809/3329
f 4797/3664/3342 4784/1809/3329 4785/1810/3330
f 4798/3665/3343 4785/1810/3330 4786/1818/3331
f 4799/3666/3344 4786/1818/3331 4787/1811/3332
f 4788/1812/3333 4799/3666/3344 4787/1811/3332
f 4789/1813/3334 4800/3667/3345 4788/1812/3333
f 4790/1814/3335 4801/3668/3346 4789/1813/3334
f 4791/1815/3337 4802/3669/3347 4790/1814/3335
f 4792/1816/3348 4803/3670/3349 4791/1815/3337
f 4806/3671/3350 4793/3672/3351 4794/3661/3338
f 4807/3673/3352 4794/3661/3338 4795/3662/3340
f 4808/3674/3353 4795/3662/3340 4796/3663/3341
f 4809/3675/3354 4796/3663/3341 4797/3664/3342
f 4810/3676/3355 4797/3664/3342 4798/3665/3343
f 4811/3677/3356 4798/3665/3343 4799/3666/3344
f 4800/3667/3345 4811/3677/3356 4799/3666/3344
f 4801/3668/3346 4812/3678/3357 4800/3667/3345
f 4802/3669/3347 4813/3679/3358 4801/3668/3346
f 4803/3670/3349 4814/3680/3359 4802/3669/3347
f 4804/3681/3360 4815/3682/3361 4803/3670/3349
f 4806/3671/3350 4817/104/3362 4805/3683/3363
f 4807/3673/3352 4818/1532/3364 4806/3671/3350
f 4808/3674/3353 4819/1534/3365 4807/3673/3352
f 4809/3675/3354 4820/1535/3366 4808/3674/3353
f 4810/3676/3355 4821/1536/3367 4809/3675/3354
f 4823/1539/3368 4810/3676/3355 4811/3677/3356
f 4824/1540/3369 4811/3677/3356 4812/3678/3357
f 4825/1542/3370 4812/3678/3357 4813/3679/3358
f 4826/1543/3371 4813/3679/3358 4814/3680/3359
f 4827/1545/3372 4814/3680/3359 4815/3682/3361
f 4828/1546/3373 4815/3682/3361 4816/3684/3374
f 4818/1532/3364 4829/3685/3375 4817/104/3362
f 4819/1534/3365 4830/3686/3376 4818/1532/3364
f 4820/1535/3366 4831/3687/3377 4819/1534/3365
f 4821/1536/3367 4832/3688/3378 4820/1535/3366
f 4822/1538/3379 4833/3689/3380 4821/1536/3367
f 4835/3690/3381 4822/1538/3379 4823/1539/3368
f 4836/3691/3382 4823/1539/3368 4824/1540/3369
f 4837/3692/3383 4824/1540/3369 4825/1542/3370
f 4838/3693/3384 4825/1542/3370 4826/1543/3371
f 4839/3694/3385 4826/1543/3371 4827/1545/3372
f 4840/3695/3386 4827/1545/3372 4828/1546/3373
f 4830/3686/3376 4841/3696/3387 4829/3685/3375
f 4831/3687/3377 4842/3697/3388 4830/3686/3376
f 4832/3688/3378 4843/3698/3389 4831/3687/3377
f 4833/3689/3380 4844/3699/3390 4832/3688/3378
f 4834/3700/3391 4845/3701/3392 4833/3689/3380
f 4847/3702/3393 4834/3700/3391 4835/3690/3381
f 4848/3703/3394 4835/3690/3381 4836/3691/3382
f 4849/3704/3395 4836/3691/3382 4837/3692/3383
f 4850/3705/3396 4837/3692/3383 4838/3693/3384
f 4851/3706/3397 4838/3693/3384 4839/3694/3385
f 4852/3707/3398 4839/3694/3385 4840/3695/3386
f 4842/3697/3388 4853/106/3399 4841/3696/3387
f 4843/3698/3389 4854/1819/3400 4842/3697/3388
f 4844/3699/3390 4855/1820/3401 4843/3698/3389
f 4845/3701/3392 4856/1821/3402 4844/3699/3390
f 4846/3708/3403 4857/1822/3404 4845/3701/3392
f 4859/1824/3405 4846/3708/3403 4847/3702/3393
f 4860/1825/3406 4847/3702/3393 4848/3703/3394
f 4861/1826/3407 4848/3703/3394 4849/3704/3395
f 4862/1827/3408 4849/3704/3395 4850/3705/3396
f 4863/1828/3409 4850/3705/3396 4851/3706/3397
f 4864/1839/3410 4851/3706/3397 4852/3707/3398
f 4854/1819/3400 4865/3709/3411 4853/106/3399
f 4855/1820/3401 4866/3710/3412 4854/1819/3400
f 4856/1821/3402 4867/3711/3413 4855/1820/3401
f 4857/1822/3404 4868/3712/3414 4856/1821/3402
f 4858/1823/3415 4869/3713/3416 4857/1822/3404
f 4871/3714/3417 4858/1823/3415 4859/1824/3405
f 4872/3715/3418 4859/1824/3405 4860/1825/3406
f 4873/3716/3419 4860/1825/3406 4861/1826/3407
f 4874/3717/3420 4861/1826/3407 4862/1827/3408
f 4875/3718/3421 4862/1827/3408 4863/1828/3409
f 4876/3719/3422 4863/1828/3409 4864/1839/3410
f 4866/3710/3412 4877/3720/3423 4865/3709/3411
f 4867/3711/3413 4878/3721/3424 4866/3710/3412
f 4868/3712/3414 4879/3722/3425 4867/3711/3413
f 4869/3713/3416 4880/3723/3426 4868/3712/3414
f 4870/3724/3427 4881/3725/3428 4869/3713/3416
f 4883/3726/3429 4870/3724/3427 4871/3714/3417
f 4884/3727/3430 4871/3714/3417 4872/3715/3418
f 4885/3728/3431 4872/3715/3418 4873/3716/3419
f 4886/3729/3432 4873/3716/3419 4874/3717/3420
f 4887/3730/3433 4874/3717/3420 4875/3718/3421
f 4888/3731/3434 4875/3718/3421 4876/3719/3422
f 4878/3721/3424 4889/105/3435 4877/3720/3423
f 4879/3722/3425 4890/1829/3436 4878/3721/3424
f 4880/3723/3426 4891/1830/3437 4879/3722/3425
f 4881/3725/3428 4892/1831/3438 4880/3723/3426
f 4882/3732/3439 4893/1832/3440 4881/3725/3428
f 4895/1833/3441 4882/3732/3439 4883/3726/3429
f 4896/1834/3442 4883/3726/3429 4884/3727/3430
f 4897/1835/3443 4884/3727/3430 4885/3728/3431
f 4898/1836/3444 4885/3728/3431 4886/3729/3432
f 4899/1837/3445 4886/3729/3432 4887/3730/3433
f 4900/1838/3446 4887/3730/3433 4888/3731/3434
f 4902/3733/1181 4889/105/3435 4890/1829/3436
f 4903/3734/1183 4890/1829/3436 4891/1830/3437
f 4904/3735/1185 4891/1830/3437 4892/1831/3438
f 4905/3736/1187 4892/1831/3438 4893/1832/3440
f 4906/3737/1300 4893/1832/3440 4894/1840/3447
f 4907/3738/1302 4894/1840/3447 4895/1833/3441
f 4896/1834/3442 4907/3738/1302 4895/1833/3441
f 4897/1835/3443 4908/3739/1193 4896/1834/3442
f 4898/1836/3444 4909/3740/1195 4897/1835/3443
f 4899/1837/3445 4910/3741/1197 4898/1836/3444
f 4900/1838/3446 4911/3742/1199 4899/1837/3445
f 4914/3743/1179 4901/3744/1180 4902/3733/1181
f 4915/3745/1182 4902/3733/1181 4903/3734/1183
f 4916/3746/1184 4903/3734/1183 4904/3735/1185
f 4917/3747/1186 4904/3735/1185 4905/3736/1187
f 4918/3748/1299 4905/3736/1187 4906/3737/1300
f 4919/3749/1301 4906/3737/1300 4907/3738/1302
f 4920/3750/1192 4907/3738/1302 4908/3739/1193
f 4921/3751/1194 4908/3739/1193 4909/3740/1195
f 4922/3752/1196 4909/3740/1195 4910/3741/1197
f 4923/3753/1198 4910/3741/1197 4911/3742/1199
f 4924/3754/1200 4911/3742/1199 4912/3755/1201
f 4914/3743/1179 4601/1/3149 4913/3756/1202
f 4915/3745/1182 4602/1454/3150 4914/3743/1179
f 4916/3746/1184 4603/1456/3152 4915/3745/1182
f 4917/3747/1186 4604/1457/3154 4916/3746/1184
f 4918/3748/1299 4605/1458/3156 4917/3747/1186
f 4607/1460/3160 4918/3748/1299 4919/3749/1301
f 4608/1461/3161 4919/3749/1301 4920/3750/1192
f 4609/1462/3162 4920/3750/1192 4921/3751/1194
f 4610/1463/3164 4921/3751/1194 4922/3752/1196
f 4611/1465/3166 4922/3752/1196 4923/3753/1198
f 4612/1774/3168 4923/3753/1198 4924/3754/1200
f 4938/1582/1248 4925/7/1249 4926/288/3448
f 4939/1583/1251 4926/288/3448 4927/290/1252
f 4940/1584/1253 4927/290/1252 4928/292/3449
f 4941/1585/3450 4928/292/3449 4929/294/1256
f 4942/1586/3451 4929/294/1256 4930/296/1258
f 4943/1587/3452 4930/296/1258 4931/299/1260
f 4932/301/1261 4943/1587/3452 4931/299/1260
f 4933/303/3453 4944/1588/3454 4932/301/1261
f 4934/305/1264 4945/1589/1265 4933/303/3453
f 4935/307/3455 4946/1590/1267 4934/305/1264
f 4936/309/1268 4947/1591/1269 4935/307/3455
f 4938/1582/1248 4949/1592/1180 4937/1593/1270
f 4939/1583/1251 4950/1594/1212 4938/1582/1248
f 4940/1584/1253 4951/1595/1213 4939/1583/1251
f 4941/1585/3450 4952/1596/1214 4940/1584/1253
f 4942/1586/3451 4953/1597/1215 4941/1585/3450
f 4955/1598/1218 4942/1586/3451 4943/1587/3452
f 4956/1599/1219 4943/1587/3452 4944/1588/3454
f 4957/1600/1220 4944/1588/3454 4945/1589/1265
f 4958/1601/1221 4945/1589/1265 4946/1590/1267
f 4959/1602/1222 4946/1590/1267 4947/1591/1269
f 4960/1603/1201 4947/1591/1269 4948/1604/1271
f 4962/1605/1224 4949/1592/1180 4950/1594/1212
f 4963/1606/1225 4950/1594/1212 4951/1595/1213
f 4964/1607/1226 4951/1595/1213 4952/1596/1214
f 4965/1608/1272 4952/1596/1214 4953/1597/1215
f 4966/1609/1228 4953/1597/1215 4954/1610/1216
f 4967/1611/1229 4954/1610/1216 4955/1598/1218
f 4968/1612/1230 4955/1598/1218 4956/1599/1219
f 4969/1613/1231 4956/1599/1219 4957/1600/1220
f 4970/1614/1232 4957/1600/1220 4958/1601/1221
f 4971/1615/1233 4958/1601/1221 4959/1602/1222
f 4972/1616/1234 4959/1602/1222 4960/1603/1201
f 4974/1617/1235 4961/1618/1236 4962/1605/1224
f 4975/1619/1237 4962/1605/1224 4963/1606/1225
f 4976/1620/1238 4963/1606/1225 4964/1607/1226
f 4977/1621/1239 4964/1607/1226 4965/1608/1272
f 4978/1622/1240 4965/1608/1272 4966/1609/1228
f 4979/1623/1241 4966/1609/1228 4967/1611/1229
f 4980/1624/1242 4967/1611/1229 4968/1612/1230
f 4981/1625/1243 4968/1612/1230 4969/1613/1231
f 4982/1626/1244 4969/1613/1231 4970/1614/1232
f 4983/1627/1245 4970/1614/1232 4971/1615/1233
f 4984/1628/1246 4971/1615/1233 4972/1616/1234
f 4986/870/1273 4973/1629/1247 4974/1617/1235
f 4987/872/1274 4974/1617/1235 4975/1619/1237
f 4988/873/1275 4975/1619/1237 4976/1620/1238
f 4989/874/1276 4976/1620/1238 4977/1621/1239
f 4990/875/1277 4977/1621/1239 4978/1622/1240
f 4991/876/1278 4978/1622/1240 4979/1623/1241
f 4980/1624/1242 4991/876/1278 4979/1623/1241
f 4981/1625/1243 4992/877/1279 4980/1624/1242
f 4982/1626/1244 4993/878/1280 4981/1625/1243
f 4983/1627/1245 4994/879/1281 4982/1626/1244
f 4984/1628/1246 4995/881/1282 4983/1627/1245
f 4998/1630/1283 4985/275/1284 4986/870/1273
f 4999/1631/1285 4986/870/1273 4987/872/1274
f 5000/1632/1286 4987/872/1274 4988/873/1275
f 5001/1633/1287 4988/873/1275 4989/874/1276
f 5002/1634/1288 4989/874/1276 4990/875/1277
f 5003/1635/1289 4990/875/1277 4991/876/1278
f 4992/877/1279 5003/1635/1289 4991/876/1278
f 4993/878/1280 5004/1636/1290 4992/877/1279
f 4994/879/1281 5005/1637/1291 4993/878/1280
f 4995/881/1282 5006/1638/1292 4994/879/1281
f 4996/893/1293 5007/1639/1294 4995/881/1282
f 4998/1630/1283 5009/1640/1247 4997/1641/1295
f 4999/1631/1285 5010/1642/1235 4998/1630/1283
f 5000/1632/1286 5011/1643/1237 4999/1631/1285
f 5001/1633/1287 5012/1644/1238 5000/1632/1286
f 5002/1634/1288 5013/1645/1239 5001/1633/1287
f 5015/1646/1241 5002/1634/1288 5003/1635/1289
f 5016/1647/1242 5003/1635/1289 5004/1636/1290
f 5017/1648/1243 5004/1636/1290 5005/1637/1291
f 5018/1649/1244 5005/1637/1291 5006/1638/1292
f 5019/1650/1245 5006/1638/1292 5007/1639/1294
f 5020/1651/1246 5007/1639/1294 5008/1652/1297
f 5022/1666/1203 5009/1640/1247 5010/1642/1235
f 5023/1654/1204 5010/1642/1235 5011/1643/1237
f 5024/1655/1205 5011/1643/1237 5012/1644/1238
f 5025/1656/1206 5012/1644/1238 5013/1645/1239
f 5026/1657/1217 5013/1645/1239 5014/1658/1240
f 5027/1659/1207 5014/1658/1240 5015/1646/1241
f 5028/1660/1208 5015/1646/1241 5016/1647/1242
f 5029/1661/1209 5016/1647/1242 5017/1648/1243
f 5030/1662/1210 5017/1648/1243 5018/1649/1244
f 5031/1663/1211 5018/1649/1244 5019/1650/1245
f 5032/1664/1200 5019/1650/1245 5020/1651/1246
f 5034/1665/1212 5021/1653/1202 5022/1666/1203
f 5035/1667/1213 5022/1666/1203 5023/1654/1204
f 5036/1668/1214 5023/1654/1204 5024/1655/1205
f 5037/1669/1215 5024/1655/1205 5025/1656/1206
f 5038/1670/1216 5025/1656/1206 5026/1657/1217
f 5039/1671/1218 5026/1657/1217 5027/1659/1207
f 5040/1672/1219 5027/1659/1207 5028/1660/1208
f 5041/1673/1220 5028/1660/1208 5029/1661/1209
f 5042/1674/1221 5029/1661/1209 5030/1662/1210
f 5043/1675/1222 5030/1662/1210 5031/1663/1211
f 5044/1676/1201 5031/1663/1211 5032/1664/1200
f 4926/1454/3448 5033/1677/1180 5034/1665/1212
f 4927/1456/1252 5034/1665/1212 5035/1667/1213
f 4928/1457/3449 5035/1667/1213 5036/1668/1214
f 4929/1458/1256 5036/1668/1214 5037/1669/1215
f 4930/1459/1258 5037/1669/1215 5038/1670/1216
f 4931/1460/1260 5038/1670/1216 5039/1671/1218
f 5040/1672/1219 4931/1460/1260 5039/1671/1218
f 5041/1673/1220 4932/1461/1261 5040/1672/1219
f 5042/1674/1221 4933/1462/3453 5041/1673/1220
f 5043/1675/1222 4934/1463/1264 5042/1674/1221
f 5044/1676/1201 4935/1465/3455 5043/1675/1222
f 5046/288/3 5057/289/4 5045/7/5
f 5047/290/6 5058/291/7 5046/288/3
f 5048/292/8 5059/293/9 5047/290/6
f 5049/294/10 5060/295/11 5048/292/8
f 5050/296/12 5061/297/13 5049/294/10
f 5063/298/14 5050/296/12 5051/299/15
f 5064/300/16 5051/299/15 5052/301/17
f 5065/302/18 5052/301/17 5053/303/19
f 5066/304/20 5053/303/19 5054/305/21
f 5067/306/22 5054/305/21 5055/307/23
f 5068/308/24 5055/307/23 5056/309/25
f 5058/291/7 5069/310/26 5057/289/4
f 5059/293/9 5070/311/27 5058/291/7
f 5060/295/11 5071/312/28 5059/293/9
f 5061/297/13 5072/313/29 5060/295/11
f 5062/314/30 5073/315/31 5061/297/13
f 5075/316/32 5062/314/30 5063/298/14
f 5076/317/33 5063/298/14 5064/300/16
f 5077/318/34 5064/300/16 5065/302/18
f 5078/319/35 5065/302/18 5066/304/20
f 5079/320/36 5066/304/20 5067/306/22
f 5080/321/37 5067/306/22 5068/308/24
f 5070/311/27 5081/322/38 5069/310/26
f 5071/312/28 5082/323/39 5070/311/27
f 5072/313/29 5083/324/40 5071/312/28
f 5073/315/31 5084/325/41 5072/313/29
f 5074/326/42 5085/327/43 5073/315/31
f 5087/328/44 5074/326/42 5075/316/32
f 5088/329/45 5075/316/32 5076/317/33
f 5089/330/46 5076/317/33 5077/318/34
f 5090/331/47 5077/318/34 5078/319/35
f 5091/332/48 5078/319/35 5079/320/36
f 5092/333/49 5079/320/36 5080/321/37
f 5082/323/39 5093/334/50 5081/322/38
f 5083/324/40 5094/335/51 5082/323/39
f 5084/325/41 5095/336/3456 5083/324/40
f 5085/327/43 5096/337/53 5084/325/41
f 5086/338/54 5097/339/55 5085/327/43
f 5099/340/56 5086/338/54 5087/328/44
f 5100/341/57 5087/328/44 5088/329/45
f 5101/342/58 5088/329/45 5089/330/46
f 5102/343/3457 5089/330/46 5090/331/47
f 5103/344/60 5090/331/47 5091/332/48
f 5104/345/61 5091/332/48 5092/333/49
f 5094/335/51 5105/346/62 5093/334/50
f 5095/336/3456 5106/347/63 5094/335/51
f 5096/337/53 5107/348/64 5095/336/3456
f 5097/339/55 5108/349/65 5096/337/53
f 5098/350/66 5109/351/67 5097/339/55
f 5111/352/68 5098/350/66 5099/340/56
f 5112/353/69 5099/340/56 5100/341/57
f 5113/354/70 5100/341/57 5101/342/58
f 5114/355/71 5101/342/58 5102/343/3457
f 5115/356/72 5102/343/3457 5103/344/60
f 5116/357/73 5103/344/60 5104/345/61
f 5106/347/63 5117/358/74 5105/346/62
f 5107/348/64 5118/359/75 5106/347/63
f 5108/349/65 5119/360/3458 5107/348/64
f 5109/351/67 5120/361/77 5108/349/65
f 5110/362/78 5121/363/79 5109/351/67
f 5123/364/80 5110/362/78 5111/352/68
f 5124/365/81 5111/352/68 5112/353/69
f 5125/366/82 5112/353/69 5113/354/70
f 5126/367/3459 5113/354/70 5114/355/71
f 5127/368/84 5114/355/71 5115/356/72
f 5128/369/85 5115/356/72 5116/357/73
f 5118/359/75 5129/370/86 5117/358/74
f 5119/360/3458 5130/371/87 5118/359/75
f 5120/361/77 5131/372/88 5119/360/3458
f 5121/363/79 5132/373/89 5120/361/77
f 5122/374/90 5133/375/91 5121/363/79
f 5135/376/92 5122/374/90 5123/364/80
f 5136/377/93 5123/364/80 5124/365/81
f 5137/378/94 5124/365/81 5125/366/82
f 5138/379/95 5125/366/82 5126/367/3459
f 5139/380/96 5126/367/3459 5127/368/84
f 5140/381/97 5127/368/84 5128/369/85
f 5130/371/87 5141/382/98 5129/370/86
f 5131/372/88 5142/383/99 5130/371/87
f 5132/373/89 5143/384/100 5131/372/88
f 5133/375/91 5144/385/101 5132/373/89
f 5134/386/102 5145/387/103 5133/375/91
f 5147/388/104 5134/386/102 5135/376/92
f 5148/389/105 5135/376/92 5136/377/93
f 5149/390/106 5136/377/93 5137/378/94
f 5150/391/107 5137/378/94 5138/379/95
f 5151/392/108 5138/379/95 5139/380/96
f 5152/393/109 5139/380/96 5140/381/97
f 5142/383/99 5153/394/110 5141/382/98
f 5143/384/100 5154/395/111 5142/383/99
f 5144/385/101 5155/396/112 5143/384/100
f 5145/387/103 5156/397/113 5144/385/101
f 5146/398/114 5157/399/115 5145/387/103
f 5159/400/116 5146/398/114 5147/388/104
f 5160/401/117 5147/388/104 5148/389/105
f 5161/402/118 5148/389/105 5149/390/106
f 5162/403/119 5149/390/106 5150/391/107
f 5163/404/120 5150/391/107 5151/392/108
f 5164/405/121 5151/392/108 5152/393/109
f 5154/395/111 5165/406/122 5153/394/110
f 5155/396/112 5166/407/123 5154/395/111
f 5156/397/113 5167/408/124 5155/396/112
f 5157/399/115 5168/409/125 5156/397/113
f 5158/410/126 5169/411/3460 5157/399/115
f 5171/412/128 5158/410/126 5159/400/116
f 5172/413/3461 5159/400/116 5160/401/117
f 5173/414/130 5160/401/117 5161/402/118
f 5174/415/131 5161/402/118 5162/403/119
f 5175/416/132 5162/403/119 5163/404/120
f 5176/417/133 5163/404/120 5164/405/121
f 5178/418/134 5165/406/122 5166/407/123
f 5179/419/135 5166/407/123 5167/408/124
f 5180/420/136 5167/408/124 5168/409/125
f 5181/421/137 5168/409/125 5169/411/3460
f 5182/422/138 5169/411/3460 5170/423/139
f 5183/424/140 5170/423/139 5171/412/128
f 5172/413/3461 5183/424/140 5171/412/128
f 5173/414/130 5184/425/141 5172/413/3461
f 5174/415/131 5185/426/142 5173/414/130
f 5175/416/132 5186/427/143 5174/415/131
f 5176/417/133 5187/428/144 5175/416/132
f 5190/429/145 5177/430/146 5178/418/134
f 5191/431/147 5178/418/134 5179/419/135
f 5192/432/148 5179/419/135 5180/420/136
f 5193/433/149 5180/420/136 5181/421/137
f 5194/434/150 5181/421/137 5182/422/138
f 5195/435/151 5182/422/138 5183/424/140
f 5184/425/141 5195/435/151 5183/424/140
f 5185/426/142 5196/436/152 5184/425/141
f 5186/427/143 5197/437/153 5185/426/142
f 5187/428/144 5198/438/154 5186/427/143
f 5188/439/155 5199/440/156 5187/428/144
f 5202/441/157 5189/442/158 5190/429/145
f 5203/443/159 5190/429/145 5191/431/147
f 5204/444/160 5191/431/147 5192/432/148
f 5205/445/3462 5192/432/148 5193/433/149
f 5206/446/162 5193/433/149 5194/434/150
f 5207/447/163 5194/434/150 5195/435/151
f 5196/436/152 5207/447/163 5195/435/151
f 5197/437/153 5208/448/3463 5196/436/152
f 5198/438/154 5209/449/165 5197/437/153
f 5199/440/156 5210/450/166 5198/438/154
f 5200/451/167 5211/452/168 5199/440/156
f 5214/453/169 5201/454/170 5202/441/157
f 5215/455/171 5202/441/157 5203/443/159
f 5216/456/172 5203/443/159 5204/444/160
f 5217/457/173 5204/444/160 5205/445/3462
f 5218/458/174 5205/445/3462 5206/446/162
f 5219/459/175 5206/446/162 5207/447/163
f 5208/448/3463 5219/459/175 5207/447/163
f 5209/449/165 5220/460/176 5208/448/3463
f 5210/450/166 5221/461/177 5209/449/165
f 5211/452/168 5222/462/178 5210/450/166
f 5212/463/179 5223/464/180 5211/452/168
f 5226/465/181 5213/216/182 5214/453/169
f 5227/466/183 5214/453/169 5215/455/171
f 5228/467/184 5215/455/171 5216/456/172
f 5229/468/185 5216/456/172 5217/457/173
f 5230/469/186 5217/457/173 5218/458/174
f 5231/470/187 5218/458/174 5219/459/175
f 5220/460/176 5231/470/187 5219/459/175
f 5221/461/177 5232/471/188 5220/460/176
f 5222/462/178 5233/472/189 5221/461/177
f 5223/464/180 5234/473/190 5222/462/178
f 5224/474/191 5235/475/192 5223/464/180
f 5238/476/193 5225/477/194 5226/465/181
f 5239/478/195 5226/465/181 5227/466/183
f 5240/479/196 5227/466/183 5228/467/184
f 5241/480/197 5228/467/184 5229/468/185
f 5242/481/198 5229/468/185 5230/469/186
f 5243/482/199 5230/469/186 5231/470/187
f 5232/471/188 5243/482/199 5231/470/187
f 5233/472/189 5244/483/200 5232/471/188
f 5234/473/190 5245/484/201 5233/472/189
f 5235/475/192 5246/485/202 5234/473/190
f 5236/486/203 5247/487/204 5235/475/192
f 5250/488/205 5237/489/206 5238/476/193
f 5251/490/207 5238/476/193 5239/478/195
f 5252/491/3464 5239/478/195 5240/479/196
f 5253/492/209 5240/479/196 5241/480/197
f 5254/493/210 5241/480/197 5242/481/198
f 5255/494/211 5242/481/198 5243/482/199
f 5244/483/200 5255/494/211 5243/482/199
f 5245/484/201 5256/495/212 5244/483/200
f 5246/485/202 5257/496/3465 5245/484/201
f 5247/487/204 5258/497/214 5246/485/202
f 5248/498/215 5259/499/216 5247/487/204
f 5262/500/217 5249/501/218 5250/488/205
f 5263/502/219 5250/488/205 5251/490/207
f 5264/503/3466 5251/490/207 5252/491/3464
f 5265/504/221 5252/491/3464 5253/492/209
f 5266/505/222 5253/492/209 5254/493/210
f 5267/506/223 5254/493/210 5255/494/211
f 5256/495/212 5267/506/223 5255/494/211
f 5257/496/3465 5268/507/224 5256/495/212
f 5258/497/214 5269/508/3467 5257/496/3465
f 5259/499/216 5270/509/226 5258/497/214
f 5260/510/227 5271/511/228 5259/499/216
f 5274/512/229 5261/513/230 5262/500/217
f 5275/514/231 5262/500/217 5263/502/219
f 5276/515/232 5263/502/219 5264/503/3466
f 5277/516/233 5264/503/3466 5265/504/221
f 5278/517/234 5265/504/221 5266/505/222
f 5279/518/235 5266/505/222 5267/506/223
f 5268/507/224 5279/518/235 5267/506/223
f 5269/508/3467 5280/519/236 5268/507/224
f 5270/509/226 5281/520/237 5269/508/3467
f 5271/511/228 5282/521/238 5270/509/226
f 5272/522/239 5283/523/240 5271/511/228
f 5286/524/241 5273/525/242 5274/512/229
f 5287/526/243 5274/512/229 5275/514/231
f 5288/527/244 5275/514/231 5276/515/232
f 5289/528/245 5276/515/232 5277/516/233
f 5290/529/246 5277/516/233 5278/517/234
f 5291/530/247 5278/517/234 5279/518/235
f 5280/519/236 5291/530/247 5279/518/235
f 5281/520/237 5292/531/248 5280/519/236
f 5282/521/238 5293/532/249 5281/520/237
f 5283/523/240 5294/533/250 5282/521/238
f 5284/534/251 5295/535/252 5283/523/240
f 5298/536/253 5285/537/254 5286/524/241
f 5299/538/255 5286/524/241 5287/526/243
f 5300/539/256 5287/526/243 5288/527/244
f 5301/540/257 5288/527/244 5289/528/245
f 5302/541/258 5289/528/245 5290/529/246
f 5303/542/259 5290/529/246 5291/530/247
f 5292/531/248 5303/542/259 5291/530/247
f 5293/532/249 5304/543/260 5292/531/248
f 5294/533/250 5305/544/261 5293/532/249
f 5295/535/252 5306/545/262 5294/533/250
f 5296/546/263 5307/547/264 5295/535/252
f 5310/548/265 5297/549/266 5298/536/253
f 5311/550/267 5298/536/253 5299/538/255
f 5312/551/268 5299/538/255 5300/539/256
f 5313/552/269 5300/539/256 5301/540/257
f 5314/553/270 5301/540/257 5302/541/258
f 5315/554/271 5302/541/258 5303/542/259
f 5304/543/260 5315/554/271 5303/542/259
f 5305/544/261 5316/555/272 5304/543/260
f 5306/545/262 5317/556/273 5305/544/261
f 5307/547/264 5318/557/274 5306/545/262
f 5308/558/275 5319/559/276 5307/547/264
f 5322/560/277 5309/561/278 5310/548/265
f 5323/562/279 5310/548/265 5311/550/267
f 5324/563/3468 5311/550/267 5312/551/268
f 5325/564/281 5312/551/268 5313/552/269
f 5326/565/282 5313/552/269 5314/553/270
f 5327/566/283 5314/553/270 5315/554/271
f 5316/555/272 5327/566/283 5315/554/271
f 5317/556/273 5328/567/284 5316/555/272
f 5318/557/274 5329/568/3469 5317/556/273
f 5319/559/276 5330/569/286 5318/557/274
f 5320/570/287 5331/571/288 5319/559/276
f 5334/572/289 5321/573/290 5322/560/277
f 5335/574/291 5322/560/277 5323/562/279
f 5336/575/292 5323/562/279 5324/563/3468
f 5337/576/293 5324/563/3468 5325/564/281
f 5338/577/294 5325/564/281 5326/565/282
f 5339/578/295 5326/565/282 5327/566/283
f 5328/567/284 5339/578/295 5327/566/283
f 5329/568/3469 5340/579/296 5328/567/284
f 5330/569/286 5341/580/297 5329/568/3469
f 5331/571/288 5342/581/298 5330/569/286
f 5332/582/299 5343/583/300 5331/571/288
f 5346/584/301 5333/585/302 5334/572/289
f 5347/586/303 5334/572/289 5335/574/291
f 5348/587/304 5335/574/291 5336/575/292
f 5349/588/305 5336/575/292 5337/576/293
f 5350/589/306 5337/576/293 5338/577/294
f 5351/590/307 5338/577/294 5339/578/295
f 5340/579/296 5351/590/307 5339/578/295
f 5341/580/297 5352/591/308 5340/579/296
f 5342/581/298 5353/592/309 5341/580/297
f 5343/583/300 5354/593/310 5342/581/298
f 5344/594/311 5355/595/312 5343/583/300
f 5358/596/313 5345/597/314 5346/584/301
f 5359/598/315 5346/584/301 5347/586/303
f 5360/599/316 5347/586/303 5348/587/304
f 5361/600/317 5348/587/304 5349/588/305
f 5362/601/318 5349/588/305 5350/589/306
f 5363/602/319 5350/589/306 5351/590/307
f 5352/591/308 5363/602/319 5351/590/307
f 5353/592/309 5364/603/320 5352/591/308
f 5354/593/310 5365/604/321 5353/592/309
f 5355/595/312 5366/605/322 5354/593/310
f 5356/606/323 5367/607/324 5355/595/312
f 5370/608/325 5357/609/326 5358/596/313
f 5371/610/327 5358/596/313 5359/598/315
f 5372/611/328 5359/598/315 5360/599/316
f 5373/612/329 5360/599/316 5361/600/317
f 5374/613/330 5361/600/317 5362/601/318
f 5375/614/331 5362/601/318 5363/602/319
f 5364/603/320 5375/614/331 5363/602/319
f 5365/604/321 5376/615/332 5364/603/320
f 5366/605/322 5377/616/333 5365/604/321
f 5367/607/324 5378/617/334 5366/605/322
f 5368/618/335 5379/619/336 5367/607/324
f 5382/620/337 5369/621/338 5370/608/325
f 5383/622/339 5370/608/325 5371/610/327
f 5384/623/340 5371/610/327 5372/611/328
f 5385/624/341 5372/611/328 5373/612/329
f 5386/625/342 5373/612/329 5374/613/330
f 5387/626/343 5374/613/330 5375/614/331
f 5376/615/332 5387/626/343 5375/614/331
f 5377/616/333 5388/627/344 5376/615/332
f 5378/617/334 5389/628/345 5377/616/333
f 5379/619/336 5390/629/346 5378/617/334
f 5380/630/347 5391/631/348 5379/619/336
f 5394/632/349 5381/205/350 5382/620/337
f 5395/633/351 5382/620/337 5383/622/339
f 5396/634/352 5383/622/339 5384/623/340
f 5397/635/353 5384/623/340 5385/624/341
f 5398/636/354 5385/624/341 5386/625/342
f 5399/637/355 5386/625/342 5387/626/343
f 5388/627/344 5399/637/355 5387/626/343
f 5389/628/345 5400/638/356 5388/627/344
f 5390/629/346 5401/639/357 5389/628/345
f 5391/631/348 5402/640/358 5390/629/346
f 5392/641/359 5403/642/360 5391/631/348
f 5406/643/361 5393/644/362 5394/632/349
f 5407/645/363 5394/632/349 5395/633/351
f 5408/646/364 5395/633/351 5396/634/352
f 5409/647/365 5396/634/352 5397/635/353
f 5410/648/366 5397/635/353 5398/636/354
f 5411/649/367 5398/636/354 5399/637/355
f 5400/638/356 5411/649/367 5399/637/355
f 5401/639/357 5412/650/368 5400/638/356
f 5402/640/358 5413/651/369 5401/639/357
f 5403/642/360 5414/652/370 5402/640/358
f 5404/653/371 5415/654/372 5403/642/360
f 5418/655/373 5405/656/374 5406/643/361
f 5419/657/375 5406/643/361 5407/645/363
f 5420/658/376 5407/645/363 5408/646/364
f 5421/659/3470 5408/646/364 5409/647/365
f 5422/660/378 5409/647/365 5410/648/366
f 5423/661/379 5410/648/366 5411/649/367
f 5412/650/368 5423/661/379 5411/649/367
f 5413/651/369 5424/662/3471 5412/650/368
f 5414/652/370 5425/663/381 5413/651/369
f 5415/654/372 5426/664/382 5414/652/370
f 5416/665/383 5427/666/384 5415/654/372
f 5430/667/385 5417/668/386 5418/655/373
f 5431/669/387 5418/655/373 5419/657/375
f 5432/670/388 5419/657/375 5420/658/376
f 5433/671/389 5420/658/376 5421/659/3470
f 5434/672/390 5421/659/3470 5422/660/378
f 5435/673/391 5422/660/378 5423/661/379
f 5424/662/3471 5435/673/391 5423/661/379
f 5425/663/381 5436/674/392 5424/662/3471
f 5426/664/382 5437/675/393 5425/663/381
f 5427/666/384 5438/676/394 5426/664/382
f 5428/677/395 5439/678/396 5427/666/384
f 5442/679/397 5429/680/398 5430/667/385
f 5443/681/399 5430/667/385 5431/669/387
f 5444/682/400 5431/669/387 5432/670/388
f 5445/683/401 5432/670/388 5433/671/389
f 5446/684/402 5433/671/389 5434/672/390
f 5447/685/403 5434/672/390 5435/673/391
f 5436/674/392 5447/685/403 5435/673/391
f 5437/675/393 5448/686/404 5436/674/392
f 5438/676/394 5449/687/405 5437/675/393
f 5439/678/396 5450/688/406 5438/676/394
f 5440/689/407 5451/690/408 5439/678/396
f 5454/691/409 5441/692/410 5442/679/397
f 5455/693/411 5442/679/397 5443/681/399
f 5456/694/412 5443/681/399 5444/682/400
f 5457/695/413 5444/682/400 5445/683/401
f 5458/696/414 5445/683/401 5446/684/402
f 5459/697/415 5446/684/402 5447/685/403
f 5448/686/404 5459/697/415 5447/685/403
f 5449/687/405 5460/698/416 5448/686/404
f 5450/688/406 5461/699/417 5449/687/405
f 5451/690/408 5462/700/418 5450/688/406
f 5452/701/419 5463/702/420 5451/690/408
f 5466/703/421 5453/704/422 5454/691/409
f 5467/705/423 5454/691/409 5455/693/411
f 5468/706/424 5455/693/411 5456/694/412
f 5469/707/425 5456/694/412 5457/695/413
f 5470/708/426 5457/695/413 5458/696/414
f 5471/709/427 5458/696/414 5459/697/415
f 5460/698/416 5471/709/427 5459/697/415
f 5461/699/417 5472/710/428 5460/698/416
f 5462/700/418 5473/711/429 5461/699/417
f 5463/702/420 5474/712/430 5462/700/418
f 5464/713/431 5475/714/432 5463/702/420
f 5478/715/433 5465/716/434 5466/703/421
f 5479/717/435 5466/703/421 5467/705/423
f 5480/718/436 5467/705/423 5468/706/424
f 5481/719/437 5468/706/424 5469/707/425
f 5482/720/438 5469/707/425 5470/708/426
f 5483/721/439 5470/708/426 5471/709/427
f 5472/710/428 5483/721/439 5471/709/427
f 5473/711/429 5484/722/440 5472/710/428
f 5474/712/430 5485/723/441 5473/711/429
f 5475/714/432 5486/724/442 5474/712/430
f 5476/725/443 5487/726/444 5475/714/432
f 5478/715/433 5489/727/445 5477/728/446
f 5479/717/435 5490/729/447 5478/715/433
f 5480/718/436 5491/730/448 5479/717/435
f 5481/719/437 5492/731/449 5480/718/436
f 5482/720/438 5493/732/450 5481/719/437
f 5495/733/451 5482/720/438 5483/721/439
f 5496/734/452 5483/721/439 5484/722/440
f 5497/735/453 5484/722/440 5485/723/441
f 5498/736/454 5485/723/441 5486/724/442
f 5499/737/455 5486/724/442 5487/726/444
f 5500/738/456 5487/726/444 5488/739/457
f 5490/729/447 5501/740/458 5489/727/445
f 5491/730/448 5502/741/459 5490/729/447
f 5492/731/449 5503/742/460 5491/730/448
f 5493/732/450 5504/743/3472 5492/731/449
f 5494/744/462 5505/745/3473 5493/732/450
f 5507/746/464 5494/744/462 5495/733/451
f 5508/747/3474 5495/733/451 5496/734/452
f 5509/748/466 5496/734/452 5497/735/453
f 5510/749/467 5497/735/453 5498/736/454
f 5511/750/468 5498/736/454 5499/737/455
f 5512/751/469 5499/737/455 5500/738/456
f 5502/741/459 5513/752/470 5501/740/458
f 5503/742/460 5514/753/3475 5502/741/459
f 5504/743/3472 5515/754/472 5503/742/460
f 5505/745/3473 5516/755/473 5504/743/3472
f 5506/756/474 5517/757/475 5505/745/3473
f 5519/758/476 5506/756/474 5507/746/464
f 5520/759/477 5507/746/464 5508/747/3474
f 5521/760/478 5508/747/3474 5509/748/466
f 5522/761/479 5509/748/466 5510/749/467
f 5523/762/3476 5510/749/467 5511/750/468
f 5524/763/481 5511/750/468 5512/751/469
f 5514/753/3475 5525/764/482 5513/752/470
f 5515/754/472 5526/765/483 5514/753/3475
f 5516/755/473 5527/766/3477 5515/754/472
f 5517/757/475 5528/767/485 5516/755/473
f 5518/768/486 5529/769/487 5517/757/475
f 5531/770/488 5518/768/486 5519/758/476
f 5532/771/489 5519/758/476 5520/759/477
f 5533/772/490 5520/759/477 5521/760/478
f 5534/773/3478 5521/760/478 5522/761/479
f 5535/774/492 5522/761/479 5523/762/3476
f 5536/775/493 5523/762/3476 5524/763/481
f 5526/765/483 5537/776/494 5525/764/482
f 5527/766/3477 5538/777/495 5526/765/483
f 5528/767/485 5539/778/496 5527/766/3477
f 5529/769/487 5540/779/497 5528/767/485
f 5530/780/498 5541/781/499 5529/769/487
f 5543/782/500 5530/780/498 5531/770/488
f 5544/783/501 5531/770/488 5532/771/489
f 5545/784/502 5532/771/489 5533/772/490
f 5546/785/503 5533/772/490 5534/773/3478
f 5547/786/504 5534/773/3478 5535/774/492
f 5548/787/505 5535/774/492 5536/775/493
f 5538/777/495 5549/200/506 5537/776/494
f 5539/778/496 5550/788/507 5538/777/495
f 5540/779/497 5551/789/508 5539/778/496
f 5541/781/499 5552/790/509 5540/779/497
f 5542/791/510 5553/792/511 5541/781/499
f 5555/793/512 5542/791/510 5543/782/500
f 5556/794/513 5543/782/500 5544/783/501
f 5557/795/514 5544/783/501 5545/784/502
f 5558/796/515 5545/784/502 5546/785/503
f 5559/797/516 5546/785/503 5547/786/504
f 5560/798/517 5547/786/504 5548/787/505
f 5550/788/507 5561/799/518 5549/200/506
f 5551/789/508 5562/800/519 5550/788/507
f 5552/790/509 5563/801/520 5551/789/508
f 5553/792/511 5564/802/521 5552/790/509
f 5554/803/522 5565/804/523 5553/792/511
f 5567/805/3479 5554/803/522 5555/793/512
f 5568/806/525 5555/793/512 5556/794/513
f 5569/807/526 5556/794/513 5557/795/514
f 5570/808/527 5557/795/514 5558/796/515
f 5571/809/528 5558/796/515 5559/797/516
f 5572/810/529 5559/797/516 5560/798/517
f 5562/800/519 5573/811/530 5561/799/518
f 5563/801/520 5574/812/531 5562/800/519
f 5564/802/521 5575/813/532 5563/801/520
f 5565/804/523 5576/814/533 5564/802/521
f 5566/815/3480 5577/816/3481 5565/804/523
f 5579/817/536 5566/815/3480 5567/805/3479
f 5580/818/3482 5567/805/3479 5568/806/525
f 5581/819/538 5568/806/525 5569/807/526
f 5582/820/539 5569/807/526 5570/808/527
f 5583/821/540 5570/808/527 5571/809/528
f 5584/822/541 5571/809/528 5572/810/529
f 5574/812/531 5585/823/542 5573/811/530
f 5575/813/532 5586/824/543 5574/812/531
f 5576/814/533 5587/825/544 5575/813/532
f 5577/816/3481 5588/826/545 5576/814/533
f 5578/827/546 5589/828/547 5577/816/3481
f 5591/829/548 5578/827/546 5579/817/536
f 5592/830/549 5579/817/536 5580/818/3482
f 5593/831/550 5580/818/3482 5581/819/538
f 5594/832/551 5581/819/538 5582/820/539
f 5595/833/552 5582/820/539 5583/821/540
f 5596/834/553 5583/821/540 5584/822/541
f 5586/824/543 5597/835/554 5585/823/542
f 5587/825/544 5598/836/555 5586/824/543
f 5588/826/545 5599/837/556 5587/825/544
f 5589/828/547 5600/838/557 5588/826/545
f 5590/839/558 5601/840/559 5589/828/547
f 5603/841/560 5590/839/558 5591/829/548
f 5604/842/561 5591/829/548 5592/830/549
f 5605/843/562 5592/830/549 5593/831/550
f 5606/844/563 5593/831/550 5594/832/551
f 5607/845/564 5594/832/551 5595/833/552
f 5608/846/565 5595/833/552 5596/834/553
f 5598/836/555 5609/847/566 5597/835/554
f 5599/837/556 5610/848/567 5598/836/555
f 5600/838/557 5611/849/568 5599/837/556
f 5601/840/559 5612/850/569 5600/838/557
f 5602/851/570 5613/852/571 5601/840/559
f 5615/853/572 5602/851/570 5603/841/560
f 5616/854/573 5603/841/560 5604/842/561
f 5617/855/574 5604/842/561 5605/843/562
f 5618/856/575 5605/843/562 5606/844/563
f 5619/857/576 5606/844/563 5607/845/564
f 5620/858/577 5607/845/564 5608/846/565
f 5622/859/578 5609/847/566 5610/848/567
f 5623/860/579 5610/848/567 5611/849/568
f 5624/861/580 5611/849/568 5612/850/569
f 5625/862/581 5612/850/569 5613/852/571
f 5626/863/582 5613/852/571 5614/864/583
f 5627/865/584 5614/864/583 5615/853/572
f 5616/854/573 5627/865/584 5615/853/572
f 5617/855/574 5628/866/585 5616/854/573
f 5618/856/575 5629/867/586 5617/855/574
f 5619/857/576 5630/868/587 5618/856/575
f 5620/858/577 5631/869/588 5619/857/576
f 5634/870/589 5621/871/590 5622/859/578
f 5635/872/591 5622/859/578 5623/860/579
f 5636/873/592 5623/860/579 5624/861/580
f 5637/874/593 5624/861/580 5625/862/581
f 5638/875/594 5625/862/581 5626/863/582
f 5639/876/595 5626/863/582 5627/865/584
f 5628/866/585 5639/876/595 5627/865/584
f 5629/867/586 5640/877/596 5628/866/585
f 5630/868/587 5641/878/597 5629/867/586
f 5631/869/588 5642/879/598 5630/868/587
f 5632/880/599 5643/881/600 5631/869/588
f 5634/870/589 5645/882/601 5633/275/602
f 5635/872/591 5646/883/603 5634/870/589
f 5636/873/592 5647/884/604 5635/872/591
f 5637/874/593 5648/885/605 5636/873/592
f 5638/875/594 5649/886/606 5637/874/593
f 5651/887/607 5638/875/594 5639/876/595
f 5652/888/608 5639/876/595 5640/877/596
f 5653/889/609 5640/877/596 5641/878/597
f 5654/890/610 5641/878/597 5642/879/598
f 5655/891/611 5642/879/598 5643/881/600
f 5656/892/612 5643/881/600 5644/893/613
f 5646/883/603 5657/894/614 5645/882/601
f 5647/884/604 5658/895/615 5646/883/603
f 5648/885/605 5659/896/616 5647/884/604
f 5649/886/606 5660/897/617 5648/885/605
f 5650/898/618 5661/899/619 5649/886/606
f 5663/900/620 5650/898/618 5651/887/607
f 5664/901/621 5651/887/607 5652/888/608
f 5665/902/622 5652/888/608 5653/889/609
f 5666/903/623 5653/889/609 5654/890/610
f 5667/904/624 5654/890/610 5655/891/611
f 5668/905/625 5655/891/611 5656/892/612
f 5658/895/615 5669/906/626 5657/894/614
f 5659/896/616 5670/907/627 5658/895/615
f 5660/897/617 5671/908/628 5659/896/616
f 5661/899/619 5672/909/629 5660/897/617
f 5662/910/630 5673/911/631 5661/899/619
f 5675/912/632 5662/910/630 5663/900/620
f 5676/913/633 5663/900/620 5664/901/621
f 5677/914/634 5664/901/621 5665/902/622
f 5678/915/635 5665/902/622 5666/903/623
f 5679/916/636 5666/903/623 5667/904/624
f 5680/917/637 5667/904/624 5668/905/625
f 5670/907/627 5681/918/638 5669/906/626
f 5671/908/628 5682/919/639 5670/907/627
f 5672/909/629 5683/920/640 5671/908/628
f 5673/911/631 5684/921/641 5672/909/629
f 5674/922/642 5685/923/643 5673/911/631
f 5687/924/644 5674/922/642 5675/912/632
f 5688/925/645 5675/912/632 5676/913/633
f 5689/926/646 5676/913/633 5677/914/634
f 5690/927/647 5677/914/634 5678/915/635
f 5691/928/648 5678/915/635 5679/916/636
f 5692/929/649 5679/916/636 5680/917/637
f 5682/919/639 5693/930/650 5681/918/638
f 5683/920/640 5694/931/651 5682/919/639
f 5684/921/641 5695/932/652 5683/920/640
f 5685/923/643 5696/933/3483 5684/921/641
f 5686/934/654 5697/935/655 5685/923/643
f 5699/936/656 5686/934/654 5687/924/644
f 5700/937/657 5687/924/644 5688/925/645
f 5701/938/3484 5688/925/645 5689/926/646
f 5702/939/659 5689/926/646 5690/927/647
f 5703/940/660 5690/927/647 5691/928/648
f 5704/941/661 5691/928/648 5692/929/649
f 5694/931/651 5705/942/662 5693/930/650
f 5695/932/652 5706/943/663 5694/931/651
f 5696/933/3483 5707/944/664 5695/932/652
f 5697/935/655 5708/945/665 5696/933/3483
f 5698/946/666 5709/947/667 5697/935/655
f 5711/948/668 5698/946/666 5699/936/656
f 5712/949/669 5699/936/656 5700/937/657
f 5713/950/670 5700/937/657 5701/938/3484
f 5714/951/671 5701/938/3484 5702/939/659
f 5715/952/672 5702/939/659 5703/940/660
f 5716/953/673 5703/940/660 5704/941/661
f 5706/943/663 5717/222/674 5705/942/662
f 5707/944/664 5718/954/675 5706/943/663
f 5708/945/665 5719/955/676 5707/944/664
f 5709/947/667 5720/956/677 5708/945/665
f 5710/957/678 5721/958/679 5709/947/667
f 5723/959/680 5710/957/678 5711/948/668
f 5724/960/681 5711/948/668 5712/949/669
f 5725/961/682 5712/949/669 5713/950/670
f 5726/962/683 5713/950/670 5714/951/671
f 5727/963/684 5714/951/671 5715/952/672
f 5728/964/685 5715/952/672 5716/953/673
f 5718/954/675 5729/965/686 5717/222/674
f 5719/955/676 5730/966/687 5718/954/675
f 5720/956/677 5731/967/688 5719/955/676
f 5721/958/679 5732/968/689 5720/956/677
f 5722/969/690 5733/970/691 5721/958/679
f 5735/971/692 5722/969/690 5723/959/680
f 5736/972/693 5723/959/680 5724/960/681
f 5737/973/694 5724/960/681 5725/961/682
f 5738/974/695 5725/961/682 5726/962/683
f 5739/975/696 5726/962/683 5727/963/684
f 5740/976/697 5727/963/684 5728/964/685
f 5730/966/687 5741/977/698 5729/965/686
f 5731/967/688 5742/978/699 5730/966/687
f 5732/968/689 5743/979/700 5731/967/688
f 5733/970/691 5744/980/701 5732/968/689
f 5734/981/702 5745/982/703 5733/970/691
f 5747/983/704 5734/981/702 5735/971/692
f 5748/984/705 5735/971/692 5736/972/693
f 5749/985/706 5736/972/693 5737/973/694
f 5750/986/707 5737/973/694 5738/974/695
f 5751/987/708 5738/974/695 5739/975/696
f 5752/988/709 5739/975/696 5740/976/697
f 5742/978/699 5753/989/710 5741/977/698
f 5743/979/700 5754/990/711 5742/978/699
f 5744/980/701 5755/991/712 5743/979/700
f 5745/982/703 5756/992/713 5744/980/701
f 5746/993/714 5757/994/715 5745/982/703
f 5759/995/716 5746/993/714 5747/983/704
f 5760/996/717 5747/983/704 5748/984/705
f 5761/997/718 5748/984/705 5749/985/706
f 5762/998/719 5749/985/706 5750/986/707
f 5763/999/720 5750/986/707 5751/987/708
f 5764/1000/721 5751/987/708 5752/988/709
f 5766/1001/722 5753/989/710 5754/990/711
f 5767/1002/723 5754/990/711 5755/991/712
f 5768/1003/724 5755/991/712 5756/992/713
f 5769/1004/725 5756/992/713 5757/994/715
f 5770/1005/726 5757/994/715 5758/1006/727
f 5771/1007/728 5758/1006/727 5759/995/716
f 5760/996/717 5771/1007/728 5759/995/716
f 5761/997/718 5772/1008/729 5760/996/717
f 5762/998/719 5773/1009/730 5761/997/718
f 5763/999/720 5774/1010/731 5762/998/719
f 5764/1000/721 5775/1011/732 5763/999/720
f 5778/1012/733 5765/1013/734 5766/1001/722
f 5779/1014/735 5766/1001/722 5767/1002/723
f 5780/1015/736 5767/1002/723 5768/1003/724
f 5781/1016/737 5768/1003/724 5769/1004/725
f 5782/1017/738 5769/1004/725 5770/1005/726
f 5783/1018/739 5770/1005/726 5771/1007/728
f 5772/1008/729 5783/1018/739 5771/1007/728
f 5773/1009/730 5784/1019/740 5772/1008/729
f 5774/1010/731 5785/1020/741 5773/1009/730
f 5775/1011/732 5786/1021/742 5774/1010/731
f 5776/1022/743 5787/1023/744 5775/1011/732
f 5790/1024/745 5777/1025/746 5778/1012/733
f 5791/1026/747 5778/1012/733 5779/1014/735
f 5792/1027/748 5779/1014/735 5780/1015/736
f 5793/1028/749 5780/1015/736 5781/1016/737
f 5794/1029/750 5781/1016/737 5782/1017/738
f 5795/1030/751 5782/1017/738 5783/1018/739
f 5784/1019/740 5795/1030/751 5783/1018/739
f 5785/1020/741 5796/1031/752 5784/1019/740
f 5786/1021/742 5797/1032/753 5785/1020/741
f 5787/1023/744 5798/1033/754 5786/1021/742
f 5788/1034/755 5799/1035/756 5787/1023/744
f 5802/1036/757 5789/1037/758 5790/1024/745
f 5803/1038/759 5790/1024/745 5791/1026/747
f 5804/1039/760 5791/1026/747 5792/1027/748
f 5805/1040/761 5792/1027/748 5793/1028/749
f 5806/1041/762 5793/1028/749 5794/1029/750
f 5807/1042/763 5794/1029/750 5795/1030/751
f 5796/1031/752 5807/1042/763 5795/1030/751
f 5797/1032/753 5808/1043/764 5796/1031/752
f 5798/1033/754 5809/1044/765 5797/1032/753
f 5799/1035/756 5810/1045/766 5798/1033/754
f 5800/1046/767 5811/1047/768 5799/1035/756
f 5814/1048/769 5801/1049/770 5802/1036/757
f 5815/1050/771 5802/1036/757 5803/1038/759
f 5816/1051/772 5803/1038/759 5804/1039/760
f 5817/1052/773 5804/1039/760 5805/1040/761
f 5818/1053/774 5805/1040/761 5806/1041/762
f 5819/1054/775 5806/1041/762 5807/1042/763
f 5808/1043/764 5819/1054/775 5807/1042/763
f 5809/1044/765 5820/1055/776 5808/1043/764
f 5810/1045/766 5821/1056/777 5809/1044/765
f 5811/1047/768 5822/1057/778 5810/1045/766
f 5812/1058/779 5823/1059/780 5811/1047/768
f 5826/1060/781 5813/1061/782 5814/1048/769
f 5827/1062/783 5814/1048/769 5815/1050/771
f 5828/1063/784 5815/1050/771 5816/1051/772
f 5829/1064/785 5816/1051/772 5817/1052/773
f 5830/1065/786 5817/1052/773 5818/1053/774
f 5831/1066/787 5818/1053/774 5819/1054/775
f 5820/1055/776 5831/1066/787 5819/1054/775
f 5821/1056/777 5832/1067/788 5820/1055/776
f 5822/1057/778 5833/1068/789 5821/1056/777
f 5823/1059/780 5834/1069/790 5822/1057/778
f 5824/1070/791 5835/1071/792 5823/1059/780
f 5838/1072/793 5825/1073/794 5826/1060/781
f 5839/1074/795 5826/1060/781 5827/1062/783
f 5840/1075/796 5827/1062/783 5828/1063/784
f 5841/1076/797 5828/1063/784 5829/1064/785
f 5842/1077/798 5829/1064/785 5830/1065/786
f 5843/1078/799 5830/1065/786 5831/1066/787
f 5832/1067/788 5843/1078/799 5831/1066/787
f 5833/1068/789 5844/1079/800 5832/1067/788
f 5834/1069/790 5845/1080/801 5833/1068/789
f 5835/1071/792 5846/1081/802 5834/1069/790
f 5836/1082/803 5847/1083/804 5835/1071/792
f 5850/1084/805 5837/1085/806 5838/1072/793
f 5851/1086/807 5838/1072/793 5839/1074/795
f 5852/1087/808 5839/1074/795 5840/1075/796
f 5853/1088/809 5840/1075/796 5841/1076/797
f 5854/1089/810 5841/1076/797 5842/1077/798
f 5855/1090/811 5842/1077/798 5843/1078/799
f 5844/1079/800 5855/1090/811 5843/1078/799
f 5845/1080/801 5856/1091/812 5844/1079/800
f 5846/1081/802 5857/1092/813 5845/1080/801
f 5847/1083/804 5858/1093/814 5846/1081/802
f 5848/1094/815 5859/1095/816 5847/1083/804
f 5862/1096/817 5849/1097/3485 5850/1084/805
f 5863/1098/819 5850/1084/805 5851/1086/807
f 5864/1099/820 5851/1086/807 5852/1087/808
f 5865/1100/821 5852/1087/808 5853/1088/809
f 5866/1101/822 5853/1088/809 5854/1089/810
f 5867/1102/823 5854/1089/810 5855/1090/811
f 5856/1091/812 5867/1102/823 5855/1090/811
f 5857/1092/813 5868/1103/824 5856/1091/812
f 5858/1093/814 5869/1104/825 5857/1092/813
f 5859/1095/816 5870/1105/826 5858/1093/814
f 5860/1106/3486 5871/1107/828 5859/1095/816
f 5874/1108/829 5861/1109/830 5862/1096/817
f 5875/1110/831 5862/1096/817 5863/1098/819
f 5876/1111/832 5863/1098/819 5864/1099/820
f 5877/1112/833 5864/1099/820 5865/1100/821
f 5878/1113/834 5865/1100/821 5866/1101/822
f 5879/1114/835 5866/1101/822 5867/1102/823
f 5868/1103/824 5879/1114/835 5867/1102/823
f 5869/1104/825 5880/1115/836 5868/1103/824
f 5870/1105/826 5881/1116/837 5869/1104/825
f 5871/1107/828 5882/1117/838 5870/1105/826
f 5872/1118/839 5883/1119/840 5871/1107/828
f 5886/1120/841 5873/1121/842 5874/1108/829
f 5887/1122/843 5874/1108/829 5875/1110/831
f 5888/1123/844 5875/1110/831 5876/1111/832
f 5889/1124/845 5876/1111/832 5877/1112/833
f 5890/1125/846 5877/1112/833 5878/1113/834
f 5891/1126/847 5878/1113/834 5879/1114/835
f 5880/1115/836 5891/1126/847 5879/1114/835
f 5881/1116/837 5892/1127/848 5880/1115/836
f 5882/1117/838 5893/1128/849 5881/1116/837
f 5883/1119/840 5894/1129/850 5882/1117/838
f 5884/1130/851 5895/1131/852 5883/1119/840
f 5898/1132/853 5885/242/854 5886/1120/841
f 5899/1133/855 5886/1120/841 5887/1122/843
f 5900/1134/3487 5887/1122/843 5888/1123/844
f 5901/1135/857 5888/1123/844 5889/1124/845
f 5902/1136/858 5889/1124/845 5890/1125/846
f 5903/1137/859 5890/1125/846 5891/1126/847
f 5892/1127/848 5903/1137/859 5891/1126/847
f 5893/1128/849 5904/1138/860 5892/1127/848
f 5894/1129/850 5905/1139/3488 5893/1128/849
f 5895/1131/852 5906/1140/862 5894/1129/850
f 5896/1141/863 5907/1142/864 5895/1131/852
f 5910/1143/865 5897/1144/866 5898/1132/853
f 5911/1145/867 5898/1132/853 5899/1133/855
f 5912/1146/868 5899/1133/855 5900/1134/3487
f 5913/1147/869 5900/1134/3487 5901/1135/857
f 5914/1148/870 5901/1135/857 5902/1136/858
f 5915/1149/871 5902/1136/858 5903/1137/859
f 5904/1138/860 5915/1149/871 5903/1137/859
f 5905/1139/3488 5916/1150/872 5904/1138/860
f 5906/1140/862 5917/1151/873 5905/1139/3488
f 5907/1142/864 5918/1152/874 5906/1140/862
f 5908/1153/875 5919/1154/876 5907/1142/864
f 5910/1143/865 5921/1155/877 5909/1156/878
f 5911/1145/867 5922/1157/879 5910/1143/865
f 5912/1146/868 5923/1158/880 5911/1145/867
f 5913/1147/869 5924/1159/881 5912/1146/868
f 5914/1148/870 5925/1160/882 5913/1147/869
f 5927/1161/883 5914/1148/870 5915/1149/871
f 5928/1162/884 5915/1149/871 5916/1150/872
f 5929/1163/885 5916/1150/872 5917/1151/873
f 5930/1164/886 5917/1151/873 5918/1152/874
f 5931/1165/887 5918/1152/874 5919/1154/876
f 5932/1166/888 5919/1154/876 5920/1167/889
f 5934/1168/890 5921/1155/877 5922/1157/879
f 5935/1169/891 5922/1157/879 5923/1158/880
f 5936/1170/3489 5923/1158/880 5924/1159/881
f 5937/1171/893 5924/1159/881 5925/1160/882
f 5938/1172/894 5925/1160/882 5926/1173/895
f 5939/1174/896 5926/1173/895 5927/1161/883
f 5928/1162/884 5939/1174/896 5927/1161/883
f 5929/1163/885 5940/1175/897 5928/1162/884
f 5930/1164/886 5941/1176/3490 5929/1163/885
f 5931/1165/887 5942/1177/899 5930/1164/886
f 5932/1166/888 5943/1178/900 5931/1165/887
f 5946/1179/901 5933/1180/3491 5934/1168/890
f 5947/1181/903 5934/1168/890 5935/1169/891
f 5948/1182/904 5935/1169/891 5936/1170/3489
f 5949/1183/905 5936/1170/3489 5937/1171/893
f 5950/1184/906 5937/1171/893 5938/1172/894
f 5951/1185/907 5938/1172/894 5939/1174/896
f 5940/1175/897 5951/1185/907 5939/1174/896
f 5941/1176/3490 5952/1186/908 5940/1175/897
f 5942/1177/899 5953/1187/909 5941/1176/3490
f 5943/1178/900 5954/1188/910 5942/1177/899
f 5944/1189/3492 5955/1190/912 5943/1178/900
f 5958/1191/913 5945/1192/914 5946/1179/901
f 5959/1193/915 5946/1179/901 5947/1181/903
f 5960/1194/916 5947/1181/903 5948/1182/904
f 5961/1195/917 5948/1182/904 5949/1183/905
f 5962/1196/918 5949/1183/905 5950/1184/906
f 5963/1197/919 5950/1184/906 5951/1185/907
f 5952/1186/908 5963/1197/919 5951/1185/907
f 5953/1187/909 5964/1198/920 5952/1186/908
f 5954/1188/910 5965/1199/921 5953/1187/909
f 5955/1190/912 5966/1200/922 5954/1188/910
f 5956/1201/923 5967/1202/924 5955/1190/912
f 5970/1203/925 5957/1204/926 5958/1191/913
f 5971/1205/3493 5958/1191/913 5959/1193/915
f 5972/1206/928 5959/1193/915 5960/1194/916
f 5973/1207/929 5960/1194/916 5961/1195/917
f 5974/1208/930 5961/1195/917 5962/1196/918
f 5975/1209/931 5962/1196/918 5963/1197/919
f 5964/1198/920 5975/1209/931 5963/1197/919
f 5965/1199/921 5976/1210/932 5964/1198/920
f 5966/1200/922 5977/1211/933 5965/1199/921
f 5967/1202/924 5978/1212/3494 5966/1200/922
f 5968/1213/935 5979/1214/936 5967/1202/924
f 5982/1215/937 5969/1216/938 5970/1203/925
f 5983/1217/939 5970/1203/925 5971/1205/3493
f 5984/1218/940 5971/1205/3493 5972/1206/928
f 5985/1219/941 5972/1206/928 5973/1207/929
f 5986/1220/942 5973/1207/929 5974/1208/930
f 5987/1221/943 5974/1208/930 5975/1209/931
f 5976/1210/932 5987/1221/943 5975/1209/931
f 5977/1211/933 5988/1222/944 5976/1210/932
f 5978/1212/3494 5989/1223/945 5977/1211/933
f 5979/1214/936 5990/1224/946 5978/1212/3494
f 5980/1225/947 5991/1226/948 5979/1214/936
f 5994/1227/949 5981/1228/950 5982/1215/937
f 5995/1229/951 5982/1215/937 5983/1217/939
f 5996/1230/952 5983/1217/939 5984/1218/940
f 5997/1231/953 5984/1218/940 5985/1219/941
f 5998/1232/954 5985/1219/941 5986/1220/942
f 5999/1233/955 5986/1220/942 5987/1221/943
f 5988/1222/944 5999/1233/955 5987/1221/943
f 5989/1223/945 6000/1234/956 5988/1222/944
f 5990/1224/946 6001/1235/957 5989/1223/945
f 5991/1226/948 6002/1236/958 5990/1224/946
f 5992/1237/959 6003/1238/960 5991/1226/948
f 6006/1239/961 5993/1240/962 5994/1227/949
f 6007/1241/963 5994/1227/949 5995/1229/951
f 6008/1242/964 5995/1229/951 5996/1230/952
f 6009/1243/965 5996/1230/952 5997/1231/953
f 6010/1244/966 5997/1231/953 5998/1232/954
f 6011/1245/967 5998/1232/954 5999/1233/955
f 6000/1234/956 6011/1245/967 5999/1233/955
f 6001/1235/957 6012/1246/968 6000/1234/956
f 6002/1236/958 6013/1247/969 6001/1235/957
f 6003/1238/960 6014/1248/970 6002/1236/958
f 6004/1249/971 6015/1250/972 6003/1238/960
f 6018/1251/973 6005/1252/974 6006/1239/961
f 6019/1253/975 6006/1239/961 6007/1241/963
f 6020/1254/976 6007/1241/963 6008/1242/964
f 6021/1255/977 6008/1242/964 6009/1243/965
f 6022/1256/978 6009/1243/965 6010/1244/966
f 6023/1257/979 6010/1244/966 6011/1245/967
f 6012/1246/968 6023/1257/979 6011/1245/967
f 6013/1247/969 6024/1258/980 6012/1246/968
f 6014/1248/970 6025/1259/981 6013/1247/969
f 6015/1250/972 6026/1260/982 6014/1248/970
f 6016/1261/983 6027/1262/984 6015/1250/972
f 6030/1263/985 6017/1264/986 6018/1251/973
f 6031/1265/987 6018/1251/973 6019/1253/975
f 6032/1266/3495 6019/1253/975 6020/1254/976
f 6033/1267/989 6020/1254/976 6021/1255/977
f 6034/1268/990 6021/1255/977 6022/1256/978
f 6035/1269/991 6022/1256/978 6023/1257/979
f 6024/1258/980 6035/1269/991 6023/1257/979
f 6025/1259/981 6036/1270/992 6024/1258/980
f 6026/1260/982 6037/1271/3496 6025/1259/981
f 6027/1262/984 6038/1272/994 6026/1260/982
f 6028/1273/995 6039/1274/996 6027/1262/984
f 6042/1275/997 6029/1276/998 6030/1263/985
f 6043/1277/999 6030/1263/985 6031/1265/987
f 6044/1278/1000 6031/1265/987 6032/1266/3495
f 6045/1279/1001 6032/1266/3495 6033/1267/989
f 6046/1280/1002 6033/1267/989 6034/1268/990
f 6047/1281/1003 6034/1268/990 6035/1269/991
f 6036/1270/992 6047/1281/1003 6035/1269/991
f 6037/1271/3496 6048/1282/1004 6036/1270/992
f 6038/1272/994 6049/1283/1005 6037/1271/3496
f 6039/1274/996 6050/1284/1006 6038/1272/994
f 6040/1285/1007 6051/1286/1008 6039/1274/996
f 6054/1287/1009 6041/1288/1010 6042/1275/997
f 6055/1289/1011 6042/1275/997 6043/1277/999
f 6056/1290/1012 6043/1277/999 6044/1278/1000
f 6057/1291/1013 6044/1278/1000 6045/1279/1001
f 6058/1292/1014 6045/1279/1001 6046/1280/1002
f 6059/1293/1015 6046/1280/1002 6047/1281/1003
f 6048/1282/1004 6059/1293/1015 6047/1281/1003
f 6049/1283/1005 6060/1294/1016 6048/1282/1004
f 6050/1284/1006 6061/1295/1017 6049/1283/1005
f 6051/1286/1008 6062/1296/1018 6050/1284/1006
f 6052/1297/3497 6063/1298/1020 6051/1286/1008
f 6066/1299/1021 6053/252/1022 6054/1287/1009
f 6067/1300/3498 6054/1287/1009 6055/1289/1011
f 6068/1301/1024 6055/1289/1011 6056/1290/1012
f 6069/1302/3499 6056/1290/1012 6057/1291/1013
f 6070/1303/1026 6057/1291/1013 6058/1292/1014
f 6071/1304/1027 6058/1292/1014 6059/1293/1015
f 6060/1294/1016 6071/1304/1027 6059/1293/1015
f 6061/1295/1017 6072/1305/3500 6060/1294/1016
f 6062/1296/1018 6073/1306/1029 6061/1295/1017
f 6063/1298/1020 6074/1307/3501 6062/1296/1018
f 6064/1308/1031 6075/1309/1032 6063/1298/1020
f 6066/1299/1021 6077/1310/1033 6065/1311/1034
f 6067/1300/3498 6078/1312/1035 6066/1299/1021
f 6068/1301/1024 6079/1313/1036 6067/1300/3498
f 6069/1302/3499 6080/1314/1037 6068/1301/1024
f 6070/1303/1026 6081/1315/1038 6069/1302/3499
f 6083/1316/1039 6070/1303/1026 6071/1304/1027
f 6084/1317/1040 6071/1304/1027 6072/1305/3500
f 6085/1318/1041 6072/1305/3500 6073/1306/1029
f 6086/1319/1042 6073/1306/1029 6074/1307/3501
f 6087/1320/1043 6074/1307/3501 6075/1309/1032
f 6088/1321/1044 6075/1309/1032 6076/1322/1045
f 6078/1312/1035 6089/1323/1046 6077/1310/1033
f 6079/1313/1036 6090/1324/1047 6078/1312/1035
f 6080/1314/1037 6091/1325/1048 6079/1313/1036
f 6081/1315/1038 6092/1326/1049 6080/1314/1037
f 6082/1327/1050 6093/1328/3502 6081/1315/1038
f 6095/1329/1052 6082/1327/1050 6083/1316/1039
f 6096/1330/3503 6083/1316/1039 6084/1317/1040
f 6097/1331/1054 6084/1317/1040 6085/1318/1041
f 6098/1332/1055 6085/1318/1041 6086/1319/1042
f 6099/1333/1056 6086/1319/1042 6087/1320/1043
f 6100/1334/1057 6087/1320/1043 6088/1321/1044
f 6090/1324/1047 6101/1335/1058 6089/1323/1046
f 6091/1325/1048 6102/1336/1059 6090/1324/1047
f 6092/1326/1049 6103/1337/1060 6091/1325/1048
f 6093/1328/3502 6104/1338/1061 6092/1326/1049
f 6094/1339/1062 6105/1340/1063 6093/1328/3502
f 6107/1341/1064 6094/1339/1062 6095/1329/1052
f 6108/1342/1065 6095/1329/1052 6096/1330/3503
f 6109/1343/1066 6096/1330/3503 6097/1331/1054
f 6110/1344/1067 6097/1331/1054 6098/1332/1055
f 6111/1345/1068 6098/1332/1055 6099/1333/1056
f 6112/1346/1069 6099/1333/1056 6100/1334/1057
f 6102/1336/1059 6113/1347/1070 6101/1335/1058
f 6103/1337/1060 6114/1348/1071 6102/1336/1059
f 6104/1338/1061 6115/1349/1072 6103/1337/1060
f 6105/1340/1063 6116/1350/1073 6104/1338/1061
f 6106/1351/1074 6117/1352/1075 6105/1340/1063
f 6119/1353/1076 6106/1351/1074 6107/1341/1064
f 6120/1354/1077 6107/1341/1064 6108/1342/1065
f 6121/1355/1078 6108/1342/1065 6109/1343/1066
f 6122/1356/1079 6109/1343/1066 6110/1344/1067
f 6123/1357/1080 6110/1344/1067 6111/1345/1068
f 6124/1358/1081 6111/1345/1068 6112/1346/1069
f 6114/1348/1071 6125/1359/1082 6113/1347/1070
f 6115/1349/1072 6126/1360/1083 6114/1348/1071
f 6116/1350/1073 6127/1361/1084 6115/1349/1072
f 6117/1352/1075 6128/1362/1085 6116/1350/1073
f 6118/1363/1086 6129/1364/1087 6117/1352/1075
f 6131/1365/1088 6118/1363/1086 6119/1353/1076
f 6132/1366/1089 6119/1353/1076 6120/1354/1077
f 6133/1367/1090 6120/1354/1077 6121/1355/1078
f 6134/1368/1091 6121/1355/1078 6122/1356/1079
f 6135/1369/1092 6122/1356/1079 6123/1357/1080
f 6136/1370/1093 6123/1357/1080 6124/1358/1081
f 6126/1360/1083 6137/1371/1094 6125/1359/1082
f 6127/1361/1084 6138/1372/1095 6126/1360/1083
f 6128/1362/1085 6139/1373/1096 6127/1361/1084
f 6129/1364/1087 6140/1374/1097 6128/1362/1085
f 6130/1375/1098 6141/1376/1099 6129/1364/1087
f 6143/1377/1100 6130/1375/1098 6131/1365/1088
f 6144/1378/1101 6131/1365/1088 6132/1366/1089
f 6145/1379/1102 6132/1366/1089 6133/1367/1090
f 6146/1380/1103 6133/1367/1090 6134/1368/1091
f 6147/1381/1104 6134/1368/1091 6135/1369/1092
f 6148/1382/1105 6135/1369/1092 6136/1370/1093
f 6138/1372/1095 6149/1383/1106 6137/1371/1094
f 6139/1373/1096 6150/1384/1107 6138/1372/1095
f 6140/1374/1097 6151/1385/1108 6139/1373/1096
f 6141/1376/1099 6152/1386/1109 6140/1374/1097
f 6142/1387/1110 6153/1388/1111 6141/1376/1099
f 6155/1389/1112 6142/1387/1110 6143/1377/1100
f 6156/1390/1113 6143/1377/1100 6144/1378/1101
f 6157/1391/1114 6144/1378/1101 6145/1379/1102
f 6158/1392/1115 6145/1379/1102 6146/1380/1103
f 6159/1393/1116 6146/1380/1103 6147/1381/1104
f 6160/1394/1117 6147/1381/1104 6148/1382/1105
f 6150/1384/1107 6161/1395/1118 6149/1383/1106
f 6151/1385/1108 6162/1396/1119 6150/1384/1107
f 6152/1386/1109 6163/1397/1120 6151/1385/1108
f 6153/1388/1111 6164/1398/1121 6152/1386/1109
f 6154/1399/1122 6165/1400/1123 6153/1388/1111
f 6167/1401/1124 6154/1399/1122 6155/1389/1112
f 6168/1402/1125 6155/1389/1112 6156/1390/1113
f 6169/1403/1126 6156/1390/1113 6157/1391/1114
f 6170/1404/1127 6157/1391/1114 6158/1392/1115
f 6171/1405/1128 6158/1392/1115 6159/1393/1116
f 6172/1406/1129 6159/1393/1116 6160/1394/1117
f 6162/1396/1119 6173/1407/1130 6161/1395/1118
f 6163/1397/1120 6174/1408/1131 6162/1396/1119
f 6164/1398/1121 6175/1409/1132 6163/1397/1120
f 6165/1400/1123 6176/1410/1133 6164/1398/1121
f 6166/1411/1134 6177/1412/1135 6165/1400/1123
f 6179/1413/1136 6166/1411/1134 6167/1401/1124
f 6180/1414/1137 6167/1401/1124 6168/1402/1125
f 6181/1415/1138 6168/1402/1125 6169/1403/1126
f 6182/1416/1139 6169/1403/1126 6170/1404/1127
f 6183/1417/1140 6170/1404/1127 6171/1405/1128
f 6184/1418/1141 6171/1405/1128 6172/1406/1129
f 6174/1408/1131 6185/1419/1142 6173/1407/1130
f 6175/1409/1132 6186/1420/1143 6174/1408/1131
f 6176/1410/1133 6187/1421/1144 6175/1409/1132
f 6177/1412/1135 6188/1422/1145 6176/1410/1133
f 6178/1423/1146 6189/1424/1147 6177/1412/1135
f 6191/1425/1148 6178/1423/1146 6179/1413/1136
f 6192/1426/1149 6179/1413/1136 6180/1414/1137
f 6193/1427/1150 6180/1414/1137 6181/1415/1138
f 6194/1428/1151 6181/1415/1138 6182/1416/1139
f 6195/1429/1152 6182/1416/1139 6183/1417/1140
f 6196/1430/1153 6183/1417/1140 6184/1418/1141
f 6186/1420/1143 6197/1431/1154 6185/1419/1142
f 6187/1421/1144 6198/1432/1155 6186/1420/1143
f 6188/1422/1145 6199/1433/1156 6187/1421/1144
f 6189/1424/1147 6200/1434/1157 6188/1422/1145
f 6190/1435/1158 6201/1436/1159 6189/1424/1147
f 6203/1437/1160 6190/1435/1158 6191/1425/1148
f 6204/1438/1161 6191/1425/1148 6192/1426/1149
f 6205/1439/1162 6192/1426/1149 6193/1427/1150
f 6206/1440/1163 6193/1427/1150 6194/1428/1151
f 6207/1441/1164 6194/1428/1151 6195/1429/1152
f 6208/1442/3504 6195/1429/1152 6196/1430/1153
f 6210/1443/1166 6197/1431/1154 6198/1432/1155
f 6211/1444/1167 6198/1432/1155 6199/1433/1156
f 6212/1445/1168 6199/1433/1156 6200/1434/1157
f 6213/1446/1169 6200/1434/1157 6201/1436/1159
f 6214/1447/1170 6201/1436/1159 6202/1448/1171
f 6215/1449/3505 6202/1448/1171 6203/1437/1160
f 6204/1438/1161 6215/1449/3505 6203/1437/1160
f 6205/1439/1162 6216/1450/1173 6204/1438/1161
f 6206/1440/1163 6217/1451/1174 6205/1439/1162
f 6207/1441/1164 6218/1452/1175 6206/1440/1163
f 6208/1442/3504 6219/1453/1176 6207/1441/1164
f 5046/1454/3 6209/1455/1177 6210/1443/1166
f 5047/1456/6 6210/1443/1166 6211/1444/1167
f 5048/1457/8 6211/1444/1167 6212/1445/1168
f 5049/1458/10 6212/1445/1168 6213/1446/1169
f 5050/1459/12 6213/1446/1169 6214/1447/1170
f 5051/1460/15 6214/1447/1170 6215/1449/3505
f 6216/1450/1173 5051/1460/15 6215/1449/3505
f 6217/1451/1174 5052/1461/17 6216/1450/1173
f 6218/1452/1175 5053/1462/19 6217/1451/1174
f 6219/1453/1176 5054/1463/21 6218/1452/1175
f 6220/1464/1178 5055/1465/23 6219/1453/1176
f 894/288/3 906/291/7 905/289/4
f 895/290/6 907/293/9 906/291/7
f 896/292/8 908/295/11 907/293/9
f 897/294/10 909/297/13 908/295/11
f 898/296/12 910/314/30 909/297/13
f 911/298/14 910/314/30 898/296/12
f 912/300/16 911/298/14 899/299/15
f 913/302/18 912/300/16 900/301/17
f 914/304/20 913/302/18 901/303/19
f 915/306/22 914/304/20 902/305/21
f 916/308/24 915/306/22 903/307/23
f 906/291/7 918/311/27 917/310/26
f 907/293/9 919/312/28 918/311/27
f 908/295/11 920/313/29 919/312/28
f 909/297/13 921/315/31 920/313/29
f 910/314/30 922/326/42 921/315/31
f 923/316/32 922/326/42 910/314/30
f 924/317/33 923/316/32 911/298/14
f 925/318/34 924/317/33 912/300/16
f 926/319/35 925/318/34 913/302/18
f 927/320/36 926/319/35 914/304/20
f 928/321/37 927/320/36 915/306/22
f 918/311/27 930/323/39 929/322/38
f 919/312/28 931/324/40 930/323/39
f 920/313/29 932/325/41 931/324/40
f 921/315/31 933/327/43 932/325/41
f 922/326/42 934/338/54 933/327/43
f 935/328/44 934/338/54 922/326/42
f 936/329/45 935/328/44 923/316/32
f 937/330/46 936/329/45 924/317/33
f 938/331/47 937/330/46 925/318/34
f 939/332/48 938/331/47 926/319/35
f 940/333/49 939/332/48 927/320/36
f 930/323/39 942/335/51 941/334/50
f 931/324/40 943/336/52 942/335/51
f 932/325/41 944/337/53 943/336/52
f 933/327/43 945/339/55 944/337/53
f 934/338/54 946/350/66 945/339/55
f 947/340/56 946/350/66 934/338/54
f 948/341/57 947/340/56 935/328/44
f 949/342/58 948/341/57 936/329/45
f 950/343/59 949/342/58 937/330/46
f 951/344/60 950/343/59 938/331/47
f 952/345/61 951/344/60 939/332/48
f 942/335/51 954/347/63 953/346/62
f 943/336/52 955/348/64 954/347/63
f 944/337/53 956/349/65 955/348/64
f 945/339/55 957/351/67 956/349/65
f 946/350/66 958/362/78 957/351/67
f 959/352/68 958/362/78 946/350/66
f 960/353/69 959/352/68 947/340/56
f 961/354/70 960/353/69 948/341/57
f 962/355/71 961/354/70 949/342/58
f 963/356/72 962/355/71 950/343/59
f 964/357/73 963/356/72 951/344/60
f 954/347/63 966/359/75 965/358/74
f 955/348/64 967/360/76 966/359/75
f 956/349/65 968/361/77 967/360/76
f 957/351/67 969/363/79 968/361/77
f 958/362/78 970/374/90 969/363/79
f 971/364/80 970/374/90 958/362/78
f 972/365/81 971/364/80 959/352/68
f 973/366/82 972/365/81 960/353/69
f 974/367/83 973/366/82 961/354/70
f 975/368/84 974/367/83 962/355/71
f 976/369/85 975/368/84 963/356/72
f 966/359/75 978/371/87 977/370/86
f 967/360/76 979/372/88 978/371/87
f 968/361/77 980/373/89 979/372/88
f 969/363/79 981/375/91 980/373/89
f 970/374/90 982/386/102 981/375/91
f 983/376/92 982/386/102 970/374/90
f 984/377/93 983/376/92 971/364/80
f 985/378/94 984/377/93 972/365/81
f 986/379/95 985/378/94 973/366/82
f 987/380/96 986/379/95 974/367/83
f 988/381/97 987/380/96 975/368/84
f 978/371/87 990/383/99 989/382/98
f 979/372/88 991/384/100 990/383/99
f 980/373/89 992/385/101 991/384/100
f 981/375/91 993/387/103 992/385/101
f 982/386/102 994/398/114 993/387/103
f 995/388/104 994/398/114 982/386/102
f 996/389/105 995/388/104 983/376/92
f 997/390/106 996/389/105 984/377/93
f 998/391/107 997/390/106 985/378/94
f 999/392/108 998/391/107 986/379/95
f 1000/393/109 999/392/108 987/380/96
f 990/383/99 1002/395/111 1001/394/110
f 991/384/100 1003/396/112 1002/395/111
f 992/385/101 1004/397/113 1003/396/112
f 993/387/103 1005/399/115 1004/397/113
f 994/398/114 1006/410/126 1005/399/115
f 1007/400/116 1006/410/126 994/398/114
f 1008/401/117 1007/400/116 995/388/104
f 1009/402/118 1008/401/117 996/389/105
f 1010/403/119 1009/402/118 997/390/106
f 1011/404/120 1010/403/119 998/391/107
f 1012/405/121 1011/404/120 999/392/108
f 1002/395/111 1014/407/123 1013/406/122
f 1003/396/112 1015/408/124 1014/407/123
f 1004/397/113 1016/409/125 1015/408/124
f 1005/399/115 1017/411/127 1016/409/125
f 1006/410/126 1018/423/139 1017/411/127
f 1019/412/128 1018/423/139 1006/410/126
f 1020/413/129 1019/412/128 1007/400/116
f 1021/414/130 1020/413/129 1008/401/117
f 1022/415/131 1021/414/130 1009/402/118
f 1023/416/132 1022/415/131 1010/403/119
f 1024/417/133 1023/416/132 1011/404/120
f 1026/418/134 1025/430/146 1013/406/122
f 1027/419/135 1026/418/134 1014/407/123
f 1028/420/136 1027/419/135 1015/408/124
f 1029/421/137 1028/420/136 1016/409/125
f 1030/422/138 1029/421/137 1017/411/127
f 1031/424/140 1030/422/138 1018/423/139
f 1020/413/129 1032/425/141 1031/424/140
f 1021/414/130 1033/426/142 1032/425/141
f 1022/415/131 1034/427/143 1033/426/142
f 1023/416/132 1035/428/144 1034/427/143
f 1024/417/133 1036/439/155 1035/428/144
f 1038/429/145 1037/442/158 1025/430/146
f 1039/431/147 1038/429/145 1026/418/134
f 1040/432/148 1039/431/147 1027/419/135
f 1041/433/149 1040/432/148 1028/420/136
f 1042/434/150 1041/433/149 1029/421/137
f 1043/435/151 1042/434/150 1030/422/138
f 1032/425/141 1044/436/152 1043/435/151
f 1033/426/142 1045/437/153 1044/436/152
f 1034/427/143 1046/438/154 1045/437/153
f 1035/428/144 1047/440/156 1046/438/154
f 1036/439/155 1048/451/167 1047/440/156
f 1050/441/157 1049/454/170 1037/442/158
f 1051/443/159 1050/441/157 1038/429/145
f 1052/444/160 1051/443/159 1039/431/147
f 1053/445/161 1052/444/160 1040/432/148
f 1054/446/162 1053/445/161 1041/433/149
f 1055/447/163 1054/446/162 1042/434/150
f 1044/436/152 1056/448/164 1055/447/163
f 1045/437/153 1057/449/165 1056/448/164
f 1046/438/154 1058/450/166 1057/449/165
f 1047/440/156 1059/452/168 1058/450/166
f 1048/451/167 1060/463/179 1059/452/168
f 1062/453/169 1061/216/182 1049/454/170
f 1063/455/171 1062/453/169 1050/441/157
f 1064/456/172 1063/455/171 1051/443/159
f 1065/457/173 1064/456/172 1052/444/160
f 1066/458/174 1065/457/173 1053/445/161
f 1067/459/175 1066/458/174 1054/446/162
f 1056/448/164 1068/460/176 1067/459/175
f 1057/449/165 1069/461/177 1068/460/176
f 1058/450/166 1070/462/178 1069/461/177
f 1059/452/168 1071/464/180 1070/462/178
f 1060/463/179 1072/474/191 1071/464/180
f 1074/465/181 1073/477/194 1061/216/182
f 1075/466/183 1074/465/181 1062/453/169
f 1076/467/184 1075/466/183 1063/455/171
f 1077/468/185 1076/467/184 1064/456/172
f 1078/469/186 1077/468/185 1065/457/173
f 1079/470/187 1078/469/186 1066/458/174
f 1068/460/176 1080/471/188 1079/470/187
f 1069/461/177 1081/472/189 1080/471/188
f 1070/462/178 1082/473/190 1081/472/189
f 1071/464/180 1083/475/192 1082/473/190
f 1072/474/191 1084/486/203 1083/475/192
f 1086/476/193 1085/489/206 1073/477/194
f 1087/478/195 1086/476/193 1074/465/181
f 1088/479/196 1087/478/195 1075/466/183
f 1089/480/197 1088/479/196 1076/467/184
f 1090/481/198 1089/480/197 1077/468/185
f 1091/482/199 1090/481/198 1078/469/186
f 1080/471/188 1092/483/200 1091/482/199
f 1081/472/189 1093/484/201 1092/483/200
f 1082/473/190 1094/485/202 1093/484/201
f 1083/475/192 1095/487/204 1094/485/202
f 1084/486/203 1096/498/215 1095/487/204
f 1098/488/205 1097/501/218 1085/489/206
f 1099/490/207 1098/488/205 1086/476/193
f 1100/491/208 1099/490/207 1087/478/195
f 1101/492/209 1100/491/208 1088/479/196
f 1102/493/210 1101/492/209 1089/480/197
f 1103/494/211 1102/493/210 1090/481/198
f 1092/483/200 1104/495/212 1103/494/211
f 1093/484/201 1105/496/213 1104/495/212
f 1094/485/202 1106/497/214 1105/496/213
f 1095/487/204 1107/499/216 1106/497/214
f 1096/498/215 1108/510/227 1107/499/216
f 1110/500/217 1109/513/230 1097/501/218
f 1111/502/219 1110/500/217 1098/488/205
f 1112/503/220 1111/502/219 1099/490/207
f 1113/504/221 1112/503/220 1100/491/208
f 1114/505/222 1113/504/221 1101/492/209
f 1115/506/223 1114/505/222 1102/493/210
f 1104/495/212 1116/507/224 1115/506/223
f 1105/496/213 1117/508/225 1116/507/224
f 1106/497/214 1118/509/226 1117/508/225
f 1107/499/216 1119/511/228 1118/509/226
f 1108/510/227 1120/522/239 1119/511/228
f 1122/512/229 1121/525/242 1109/513/230
f 1123/514/231 1122/512/229 1110/500/217
f 1124/515/232 1123/514/231 1111/502/219
f 1125/516/233 1124/515/232 1112/503/220
f 1126/517/234 1125/516/233 1113/504/221
f 1127/518/235 1126/517/234 1114/505/222
f 1116/507/224 1128/519/236 1127/518/235
f 1117/508/225 1129/520/237 1128/519/236
f 1118/509/226 1130/521/238 1129/520/237
f 1119/511/228 1131/523/240 1130/521/238
f 1120/522/239 1132/534/251 1131/523/240
f 1134/524/241 1133/537/254 1121/525/242
f 1135/526/243 1134/524/241 1122/512/229
f 1136/527/244 1135/526/243 1123/514/231
f 1137/528/245 1136/527/244 1124/515/232
f 1138/529/246 1137/528/245 1125/516/233
f 1139/530/247 1138/529/246 1126/517/234
f 1128/519/236 1140/531/248 1139/530/247
f 1129/520/237 1141/532/249 1140/531/248
f 1130/521/238 1142/533/250 1141/532/249
f 1131/523/240 1143/535/252 1142/533/250
f 1132/534/251 1144/546/263 1143/535/252
f 1146/536/253 1145/549/266 1133/537/254
f 1147/538/255 1146/536/253 1134/524/241
f 1148/539/256 1147/538/255 1135/526/243
f 1149/540/257 1148/539/256 1136/527/244
f 1150/541/258 1149/540/257 1137/528/245
f 1151/542/259 1150/541/258 1138/529/246
f 1140/531/248 1152/543/260 1151/542/259
f 1141/532/249 1153/544/261 1152/543/260
f 1142/533/250 1154/545/262 1153/544/261
f 1143/535/252 1155/547/264 1154/545/262
f 1144/546/263 1156/558/275 1155/547/264
f 1158/548/265 1157/561/278 1145/549/266
f 1159/550/267 1158/548/265 1146/536/253
f 1160/551/268 1159/550/267 1147/538/255
f 1161/552/269 1160/551/268 1148/539/256
f 1162/553/270 1161/552/269 1149/540/257
f 1163/554/271 1162/553/270 1150/541/258
f 1152/543/260 1164/555/272 1163/554/271
f 1153/544/261 1165/556/273 1164/555/272
f 1154/545/262 1166/557/274 1165/556/273
f 1155/547/264 1167/559/276 1166/557/274
f 1156/558/275 1168/570/287 1167/559/276
f 1170/560/277 1169/573/290 1157/561/278
f 1171/562/279 1170/560/277 1158/548/265
f 1172/563/280 1171/562/279 1159/550/267
f 1173/564/281 1172/563/280 1160/551/268
f 1174/565/282 1173/564/281 1161/552/269
f 1175/566/283 1174/565/282 1162/553/270
f 1164/555/272 1176/567/284 1175/566/283
f 1165/556/273 1177/568/285 1176/567/284
f 1166/557/274 1178/569/286 1177/568/285
f 1167/559/276 1179/571/288 1178/569/286
f 1168/570/287 1180/582/299 1179/571/288
f 1182/572/289 1181/585/302 1169/573/290
f 1183/574/291 1182/572/289 1170/560/277
f 1184/575/292 1183/574/291 1171/562/279
f 1185/576/293 1184/575/292 1172/563/280
f 1186/577/294 1185/576/293 1173/564/281
f 1187/578/295 1186/577/294 1174/565/282
f 1176/567/284 1188/579/296 1187/578/295
f 1177/568/285 1189/580/297 1188/579/296
f 1178/569/286 1190/581/298 1189/580/297
f 1179/571/288 1191/583/300 1190/581/298
f 1180/582/299 1192/594/311 1191/583/300
f 1194/584/301 1193/597/314 1181/585/302
f 1195/586/303 1194/584/301 1182/572/289
f 1196/587/304 1195/586/303 1183/574/291
f 1197/588/305 1196/587/304 1184/575/292
f 1198/589/306 1197/588/305 1185/576/293
f 1199/590/307 1198/589/306 1186/577/294
f 1188/579/296 1200/591/308 1199/590/307
f 1189/580/297 1201/592/309 1200/591/308
f 1190/581/298 1202/593/310 1201/592/309
f 1191/583/300 1203/595/312 1202/593/310
f 1192/594/311 1204/606/323 1203/595/312
f 1206/596/313 1205/609/326 1193/597/314
f 1207/598/315 1206/596/313 1194/584/301
f 1208/599/316 1207/598/315 1195/586/303
f 1209/600/317 1208/599/316 1196/587/304
f 1210/601/318 1209/600/317 1197/588/305
f 1211/602/319 1210/601/318 1198/589/306
f 1200/591/308 1212/603/320 1211/602/319
f 1201/592/309 1213/604/321 1212/603/320
f 1202/593/310 1214/605/322 1213/604/321
f 1203/595/312 1215/607/324 1214/605/322
f 1204/606/323 1216/618/335 1215/607/324
f 1218/608/325 1217/621/338 1205/609/326
f 1219/610/327 1218/608/325 1206/596/313
f 1220/611/328 1219/610/327 1207/598/315
f 1221/612/329 1220/611/328 1208/599/316
f 1222/613/330 1221/612/329 1209/600/317
f 1223/614/331 1222/613/330 1210/601/318
f 1212/603/320 1224/615/332 1223/614/331
f 1213/604/321 1225/616/333 1224/615/332
f 1214/605/322 1226/617/334 1225/616/333
f 1215/607/324 1227/619/336 1226/617/334
f 1216/618/335 1228/630/347 1227/619/336
f 1230/620/337 1229/205/350 1217/621/338
f 1231/622/339 1230/620/337 1218/608/325
f 1232/623/340 1231/622/339 1219/610/327
f 1233/624/341 1232/623/340 1220/611/328
f 1234/625/342 1233/624/341 1221/612/329
f 1235/626/343 1234/625/342 1222/613/330
f 1224/615/332 1236/627/344 1235/626/343
f 1225/616/333 1237/628/345 1236/627/344
f 1226/617/334 1238/629/346 1237/628/345
f 1227/619/336 1239/631/348 1238/629/346
f 1228/630/347 1240/641/359 1239/631/348
f 1242/632/349 1241/644/362 1229/205/350
f 1243/633/351 1242/632/349 1230/620/337
f 1244/634/352 1243/633/351 1231/622/339
f 1245/635/353 1244/634/352 1232/623/340
f 1246/636/354 1245/635/353 1233/624/341
f 1247/637/355 1246/636/354 1234/625/342
f 1236/627/344 1248/638/356 1247/637/355
f 1237/628/345 1249/639/357 1248/638/356
f 1238/629/346 1250/640/358 1249/639/357
f 1239/631/348 1251/642/360 1250/640/358
f 1240/641/359 1252/653/371 1251/642/360
f 1254/643/361 1253/656/374 1241/644/362
f 1255/645/363 1254/643/361 1242/632/349
f 1256/646/364 1255/645/363 1243/633/351
f 1257/647/365 1256/646/364 1244/634/352
f 1258/648/366 1257/647/365 1245/635/353
f 1259/649/367 1258/648/366 1246/636/354
f 1248/638/356 1260/650/368 1259/649/367
f 1249/639/357 1261/651/369 1260/650/368
f 1250/640/358 1262/652/370 1261/651/369
f 1251/642/360 1263/654/372 1262/652/370
f 1252/653/371 1264/665/383 1263/654/372
f 1266/655/373 1265/668/386 1253/656/374
f 1267/657/375 1266/655/373 1254/643/361
f 1268/658/376 1267/657/375 1255/645/363
f 1269/659/377 1268/658/376 1256/646/364
f 1270/660/378 1269/659/377 1257/647/365
f 1271/661/379 1270/660/378 1258/648/366
f 1260/650/368 1272/662/380 1271/661/379
f 1261/651/369 1273/663/381 1272/662/380
f 1262/652/370 1274/664/382 1273/663/381
f 1263/654/372 1275/666/384 1274/664/382
f 1264/665/383 1276/677/395 1275/666/384
f 1278/667/385 1277/680/398 1265/668/386
f 1279/669/387 1278/667/385 1266/655/373
f 1280/670/388 1279/669/387 1267/657/375
f 1281/671/389 1280/670/388 1268/658/376
f 1282/672/390 1281/671/389 1269/659/377
f 1283/673/391 1282/672/390 1270/660/378
f 1272/662/380 1284/674/392 1283/673/391
f 1273/663/381 1285/675/393 1284/674/392
f 1274/664/382 1286/676/394 1285/675/393
f 1275/666/384 1287/678/396 1286/676/394
f 1276/677/395 1288/689/407 1287/678/396
f 1290/679/397 1289/692/410 1277/680/398
f 1291/681/399 1290/679/397 1278/667/385
f 1292/682/400 1291/681/399 1279/669/387
f 1293/683/401 1292/682/400 1280/670/388
f 1294/684/402 1293/683/401 1281/671/389
f 1295/685/403 1294/684/402 1282/672/390
f 1284/674/392 1296/686/404 1295/685/403
f 1285/675/393 1297/687/405 1296/686/404
f 1286/676/394 1298/688/406 1297/687/405
f 1287/678/396 1299/690/408 1298/688/406
f 1288/689/407 1300/701/419 1299/690/408
f 1302/691/409 1301/704/422 1289/692/410
f 1303/693/411 1302/691/409 1290/679/397
f 1304/694/412 1303/693/411 1291/681/399
f 1305/695/413 1304/694/412 1292/682/400
f 1306/696/414 1305/695/413 1293/683/401
f 1307/697/415 1306/696/414 1294/684/402
f 1296/686/404 1308/698/416 1307/697/415
f 1297/687/405 1309/699/417 1308/698/416
f 1298/688/406 1310/700/418 1309/699/417
f 1299/690/408 1311/702/420 1310/700/418
f 1300/701/419 1312/713/431 1311/702/420
f 1314/703/421 1313/716/434 1301/704/422
f 1315/705/423 1314/703/421 1302/691/409
f 1316/706/424 1315/705/423 1303/693/411
f 1317/707/425 1316/706/424 1304/694/412
f 1318/708/426 1317/707/425 1305/695/413
f 1319/709/427 1318/708/426 1306/696/414
f 1308/698/416 1320/710/428 1319/709/427
f 1309/699/417 1321/711/429 1320/710/428
f 1310/700/418 1322/712/430 1321/711/429
f 1311/702/420 1323/714/432 1322/712/430
f 1312/713/431 1324/725/443 1323/714/432
f 1326/715/433 1325/728/446 1313/716/434
f 1327/717/435 1326/715/433 1314/703/421
f 1328/718/436 1327/717/435 1315/705/423
f 1329/719/437 1328/718/436 1316/706/424
f 1330/720/438 1329/719/437 1317/707/425
f 1331/721/439 1330/720/438 1318/708/426
f 1320/710/428 1332/722/440 1331/721/439
f 1321/711/429 1333/723/441 1332/722/440
f 1322/712/430 1334/724/442 1333/723/441
f 1323/714/432 1335/726/444 1334/724/442
f 1324/725/443 1336/739/457 1335/726/444
f 1326/715/433 1338/729/447 1337/727/445
f 1327/717/435 1339/730/448 1338/729/447
f 1328/718/436 1340/731/449 1339/730/448
f 1329/719/437 1341/732/450 1340/731/449
f 1330/720/438 1342/744/462 1341/732/450
f 1343/733/451 1342/744/462 1330/720/438
f 1344/734/452 1343/733/451 1331/721/439
f 1345/735/453 1344/734/452 1332/722/440
f 1346/736/454 1345/735/453 1333/723/441
f 1347/737/455 1346/736/454 1334/724/442
f 1348/738/456 1347/737/455 1335/726/444
f 1338/729/447 1350/741/459 1349/740/458
f 1339/730/448 1351/742/460 1350/741/459
f 1340/731/449 1352/743/461 1351/742/460
f 1341/732/450 1353/745/463 1352/743/461
f 1342/744/462 1354/756/474 1353/745/463
f 1355/746/464 1354/756/474 1342/744/462
f 1356/747/465 1355/746/464 1343/733/451
f 1357/748/466 1356/747/465 1344/734/452
f 1358/749/467 1357/748/466 1345/735/453
f 1359/750/468 1358/749/467 1346/736/454
f 1360/751/469 1359/750/468 1347/737/455
f 1350/741/459 1362/753/471 1361/752/470
f 1351/742/460 1363/754/472 1362/753/471
f 1352/743/461 1364/755/473 1363/754/472
f 1353/745/463 1365/757/475 1364/755/473
f 1354/756/474 1366/768/486 1365/757/475
f 1367/758/476 1366/768/486 1354/756/474
f 1368/759/477 1367/758/476 1355/746/464
f 1369/760/478 1368/759/477 1356/747/465
f 1370/761/479 1369/760/478 1357/748/466
f 1371/762/480 1370/761/479 1358/749/467
f 1372/763/481 1371/762/480 1359/750/468
f 1362/753/471 1374/765/483 1373/764/482
f 1363/754/472 1375/766/484 1374/765/483
f 1364/755/473 1376/767/485 1375/766/484
f 1365/757/475 1377/769/487 1376/767/485
f 1366/768/486 1378/780/498 1377/769/487
f 1379/770/488 1378/780/498 1366/768/486
f 1380/771/489 1379/770/488 1367/758/476
f 1381/772/490 1380/771/489 1368/759/477
f 1382/773/491 1381/772/490 1369/760/478
f 1383/774/492 1382/773/491 1370/761/479
f 1384/775/493 1383/774/492 1371/762/480
f 1374/765/483 1386/777/495 1385/776/494
f 1375/766/484 1387/778/496 1386/777/495
f 1376/767/485 1388/779/497 1387/778/496
f 1377/769/487 1389/781/499 1388/779/497
f 1378/780/498 1390/791/510 1389/781/499
f 1391/782/500 1390/791/510 1378/780/498
f 1392/783/501 1391/782/500 1379/770/488
f 1393/784/502 1392/783/501 1380/771/489
f 1394/785/503 1393/784/502 1381/772/490
f 1395/786/504 1394/785/503 1382/773/491
f 1396/787/505 1395/786/504 1383/774/492
f 1386/777/495 1398/788/507 1397/200/506
f 1387/778/496 1399/789/508 1398/788/507
f 1388/779/497 1400/790/509 1399/789/508
f 1389/781/499 1401/792/511 1400/790/509
f 1390/791/510 1402/803/522 1401/792/511
f 1403/793/512 1402/803/522 1390/791/510
f 1404/794/513 1403/793/512 1391/782/500
f 1405/795/514 1404/794/513 1392/783/501
f 1406/796/515 1405/795/514 1393/784/502
f 1407/797/516 1406/796/515 1394/785/503
f 1408/798/517 1407/797/516 1395/786/504
f 1398/788/507 1410/800/519 1409/799/518
f 1399/789/508 1411/801/520 1410/800/519
f 1400/790/509 1412/802/521 1411/801/520
f 1401/792/511 1413/804/523 1412/802/521
f 1402/803/522 1414/815/534 1413/804/523
f 1415/805/524 1414/815/534 1402/803/522
f 1416/806/525 1415/805/524 1403/793/512
f 1417/807/526 1416/806/525 1404/794/513
f 1418/808/527 1417/807/526 1405/795/514
f 1419/809/528 1418/808/527 1406/796/515
f 1420/810/529 1419/809/528 1407/797/516
f 1410/800/519 1422/812/531 1421/811/530
f 1411/801/520 1423/813/532 1422/812/531
f 1412/802/521 1424/814/533 1423/813/532
f 1413/804/523 1425/816/535 1424/814/533
f 1414/815/534 1426/827/546 1425/816/535
f 1427/817/536 1426/827/546 1414/815/534
f 1428/818/537 1427/817/536 1415/805/524
f 1429/819/538 1428/818/537 1416/806/525
f 1430/820/539 1429/819/538 1417/807/526
f 1431/821/540 1430/820/539 1418/808/527
f 1432/822/541 1431/821/540 1419/809/528
f 1422/812/531 1434/824/543 1433/823/542
f 1423/813/532 1435/825/544 1434/824/543
f 1424/814/533 1436/826/545 1435/825/544
f 1425/816/535 1437/828/547 1436/826/545
f 1426/827/546 1438/839/558 1437/828/547
f 1439/829/548 1438/839/558 1426/827/546
f 1440/830/549 1439/829/548 1427/817/536
f 1441/831/550 1440/830/549 1428/818/537
f 1442/832/551 1441/831/550 1429/819/538
f 1443/833/552 1442/832/551 1430/820/539
f 1444/834/553 1443/833/552 1431/821/540
f 1434/824/543 1446/836/555 1445/835/554
f 1435/825/544 1447/837/556 1446/836/555
f 1436/826/545 1448/838/557 1447/837/556
f 1437/828/547 1449/840/559 1448/838/557
f 1438/839/558 1450/851/570 1449/840/559
f 1451/841/560 1450/851/570 1438/839/558
f 1452/842/561 1451/841/560 1439/829/548
f 1453/843/562 1452/842/561 1440/830/549
f 1454/844/563 1453/843/562 1441/831/550
f 1455/845/564 1454/844/563 1442/832/551
f 1456/846/565 1455/845/564 1443/833/552
f 1446/836/555 1458/848/567 1457/847/566
f 1447/837/556 1459/849/568 1458/848/567
f 1448/838/557 1460/850/569 1459/849/568
f 1449/840/559 1461/852/571 1460/850/569
f 1450/851/570 1462/864/583 1461/852/571
f 1463/853/572 1462/864/583 1450/851/570
f 1464/854/573 1463/853/572 1451/841/560
f 1465/855/574 1464/854/573 1452/842/561
f 1466/856/575 1465/855/574 1453/843/562
f 1467/857/576 1466/856/575 1454/844/563
f 1468/858/577 1467/857/576 1455/845/564
f 1470/859/578 1469/871/590 1457/847/566
f 1471/860/579 1470/859/578 1458/848/567
f 1472/861/580 1471/860/579 1459/849/568
f 1473/862/581 1472/861/580 1460/850/569
f 1474/863/582 1473/862/581 1461/852/571
f 1475/865/584 1474/863/582 1462/864/583
f 1464/854/573 1476/866/585 1475/865/584
f 1465/855/574 1477/867/586 1476/866/585
f 1466/856/575 1478/868/587 1477/867/586
f 1467/857/576 1479/869/588 1478/868/587
f 1468/858/577 1480/880/599 1479/869/588
f 1482/870/589 1481/275/602 1469/871/590
f 1483/872/591 1482/870/589 1470/859/578
f 1484/873/592 1483/872/591 1471/860/579
f 1485/874/593 1484/873/592 1472/861/580
f 1486/875/594 1485/874/593 1473/862/581
f 1487/876/595 1486/875/594 1474/863/582
f 1476/866/585 1488/877/596 1487/876/595
f 1477/867/586 1489/878/597 1488/877/596
f 1478/868/587 1490/879/598 1489/878/597
f 1479/869/588 1491/881/600 1490/879/598
f 1480/880/599 1492/893/613 1491/881/600
f 1482/870/589 1494/883/603 1493/882/601
f 1483/872/591 1495/884/604 1494/883/603
f 1484/873/592 1496/885/605 1495/884/604
f 1485/874/593 1497/886/606 1496/885/605
f 1486/875/594 1498/898/618 1497/886/606
f 1499/887/607 1498/898/618 1486/875/594
f 1500/888/608 1499/887/607 1487/876/595
f 1501/889/609 1500/888/608 1488/877/596
f 1502/890/610 1501/889/609 1489/878/597
f 1503/891/611 1502/890/610 1490/879/598
f 1504/892/612 1503/891/611 1491/881/600
f 1494/883/603 1506/895/615 1505/894/614
f 1495/884/604 1507/896/616 1506/895/615
f 1496/885/605 1508/897/617 1507/896/616
f 1497/886/606 1509/899/619 1508/897/617
f 1498/898/618 1510/910/630 1509/899/619
f 1511/900/620 1510/910/630 1498/898/618
f 1512/901/621 1511/900/620 1499/887/607
f 1513/902/622 1512/901/621 1500/888/608
f 1514/903/623 1513/902/622 1501/889/609
f 1515/904/624 1514/903/623 1502/890/610
f 1516/905/625 1515/904/624 1503/891/611
f 1506/895/615 1518/907/627 1517/906/626
f 1507/896/616 1519/908/628 1518/907/627
f 1508/897/617 1520/909/629 1519/908/628
f 1509/899/619 1521/911/631 1520/909/629
f 1510/910/630 1522/922/642 1521/911/631
f 1523/912/632 1522/922/642 1510/910/630
f 1524/913/633 1523/912/632 1511/900/620
f 1525/914/634 1524/913/633 1512/901/621
f 1526/915/635 1525/914/634 1513/902/622
f 1527/916/636 1526/915/635 1514/903/623
f 1528/917/637 1527/916/636 1515/904/624
f 1518/907/627 1530/919/639 1529/918/638
f 1519/908/628 1531/920/640 1530/919/639
f 1520/909/629 1532/921/641 1531/920/640
f 1521/911/631 1533/923/643 1532/921/641
f 1522/922/642 1534/934/654 1533/923/643
f 1535/924/644 1534/934/654 1522/922/642
f 1536/925/645 1535/924/644 1523/912/632
f 1537/926/646 1536/925/645 1524/913/633
f 1538/927/647 1537/926/646 1525/914/634
f 1539/928/648 1538/927/647 1526/915/635
f 1540/929/649 1539/928/648 1527/916/636
f 1530/919/639 1542/931/651 1541/930/650
f 1531/920/640 1543/932/652 1542/931/651
f 1532/921/641 1544/933/653 1543/932/652
f 1533/923/643 1545/935/655 1544/933/653
f 1534/934/654 1546/946/666 1545/935/655
f 1547/936/656 1546/946/666 1534/934/654
f 1548/937/657 1547/936/656 1535/924/644
f 1549/938/658 1548/937/657 1536/925/645
f 1550/939/659 1549/938/658 1537/926/646
f 1551/940/660 1550/939/659 1538/927/647
f 1552/941/661 1551/940/660 1539/928/648
f 1542/931/651 1554/943/663 1553/942/662
f 1543/932/652 1555/944/664 1554/943/663
f 1544/933/653 1556/945/665 1555/944/664
f 1545/935/655 1557/947/667 1556/945/665
f 1546/946/666 1558/957/678 1557/947/667
f 1559/948/668 1558/957/678 1546/946/666
f 1560/949/669 1559/948/668 1547/936/656
f 1561/950/670 1560/949/669 1548/937/657
f 1562/951/671 1561/950/670 1549/938/658
f 1563/952/672 1562/951/671 1550/939/659
f 1564/953/673 1563/952/672 1551/940/660
f 1554/943/663 1566/954/675 1565/222/674
f 1555/944/664 1567/955/676 1566/954/675
f 1556/945/665 1568/956/677 1567/955/676
f 1557/947/667 1569/958/679 1568/956/677
f 1558/957/678 1570/969/690 1569/958/679
f 1571/959/680 1570/969/690 1558/957/678
f 1572/960/681 1571/959/680 1559/948/668
f 1573/961/682 1572/960/681 1560/949/669
f 1574/962/683 1573/961/682 1561/950/670
f 1575/963/684 1574/962/683 1562/951/671
f 1576/964/685 1575/963/684 1563/952/672
f 1566/954/675 1578/966/687 1577/965/686
f 1567/955/676 1579/967/688 1578/966/687
f 1568/956/677 1580/968/689 1579/967/688
f 1569/958/679 1581/970/691 1580/968/689
f 1570/969/690 1582/981/702 1581/970/691
f 1583/971/692 1582/981/702 1570/969/690
f 1584/972/693 1583/971/692 1571/959/680
f 1585/973/694 1584/972/693 1572/960/681
f 1586/974/695 1585/973/694 1573/961/682
f 1587/975/696 1586/974/695 1574/962/683
f 1588/976/697 1587/975/696 1575/963/684
f 1578/966/687 1590/978/699 1589/977/698
f 1579/967/688 1591/979/700 1590/978/699
f 1580/968/689 1592/980/701 1591/979/700
f 1581/970/691 1593/982/703 1592/980/701
f 1582/981/702 1594/993/714 1593/982/703
f 1595/983/704 1594/993/714 1582/981/702
f 1596/984/705 1595/983/704 1583/971/692
f 1597/985/706 1596/984/705 1584/972/693
f 1598/986/707 1597/985/706 1585/973/694
f 1599/987/708 1598/986/707 1586/974/695
f 1600/988/709 1599/987/708 1587/975/696
f 1590/978/699 1602/990/711 1601/989/710
f 1591/979/700 1603/991/712 1602/990/711
f 1592/980/701 1604/992/713 1603/991/712
f 1593/982/703 1605/994/715 1604/992/713
f 1594/993/714 1606/1006/727 1605/994/715
f 1607/995/716 1606/1006/727 1594/993/714
f 1608/996/717 1607/995/716 1595/983/704
f 1609/997/718 1608/996/717 1596/984/705
f 1610/998/719 1609/997/718 1597/985/706
f 1611/999/720 1610/998/719 1598/986/707
f 1612/1000/721 1611/999/720 1599/987/708
f 1614/1001/722 1613/1013/734 1601/989/710
f 1615/1002/723 1614/1001/722 1602/990/711
f 1616/1003/724 1615/1002/723 1603/991/712
f 1617/1004/725 1616/1003/724 1604/992/713
f 1618/1005/726 1617/1004/725 1605/994/715
f 1619/1007/728 1618/1005/726 1606/1006/727
f 1608/996/717 1620/1008/729 1619/1007/728
f 1609/997/718 1621/1009/730 1620/1008/729
f 1610/998/719 1622/1010/731 1621/1009/730
f 1611/999/720 1623/1011/732 1622/1010/731
f 1612/1000/721 1624/1022/743 1623/1011/732
f 1626/1012/733 1625/1025/746 1613/1013/734
f 1627/1014/735 1626/1012/733 1614/1001/722
f 1628/1015/736 1627/1014/735 1615/1002/723
f 1629/1016/737 1628/1015/736 1616/1003/724
f 1630/1017/738 1629/1016/737 1617/1004/725
f 1631/1018/739 1630/1017/738 1618/1005/726
f 1620/1008/729 1632/1019/740 1631/1018/739
f 1621/1009/730 1633/1020/741 1632/1019/740
f 1622/1010/731 1634/1021/742 1633/1020/741
f 1623/1011/732 1635/1023/744 1634/1021/742
f 1624/1022/743 1636/1034/755 1635/1023/744
f 1638/1024/745 1637/1037/758 1625/1025/746
f 1639/1026/747 1638/1024/745 1626/1012/733
f 1640/1027/748 1639/1026/747 1627/1014/735
f 1641/1028/749 1640/1027/748 1628/1015/736
f 1642/1029/750 1641/1028/749 1629/1016/737
f 1643/1030/751 1642/1029/750 1630/1017/738
f 1632/1019/740 1644/1031/752 1643/1030/751
f 1633/1020/741 1645/1032/753 1644/1031/752
f 1634/1021/742 1646/1033/754 1645/1032/753
f 1635/1023/744 1647/1035/756 1646/1033/754
f 1636/1034/755 1648/1046/767 1647/1035/756
f 1650/1036/757 1649/1049/770 1637/1037/758
f 1651/1038/759 1650/1036/757 1638/1024/745
f 1652/1039/760 1651/1038/759 1639/1026/747
f 1653/1040/761 1652/1039/760 1640/1027/748
f 1654/1041/762 1653/1040/761 1641/1028/749
f 1655/1042/763 1654/1041/762 1642/1029/750
f 1644/1031/752 1656/1043/764 1655/1042/763
f 1645/1032/753 1657/1044/765 1656/1043/764
f 1646/1033/754 1658/1045/766 1657/1044/765
f 1647/1035/756 1659/1047/768 1658/1045/766
f 1648/1046/767 1660/1058/779 1659/1047/768
f 1662/1048/769 1661/1061/782 1649/1049/770
f 1663/1050/771 1662/1048/769 1650/1036/757
f 1664/1051/772 1663/1050/771 1651/1038/759
f 1665/1052/773 1664/1051/772 1652/1039/760
f 1666/1053/774 1665/1052/773 1653/1040/761
f 1667/1054/775 1666/1053/774 1654/1041/762
f 1656/1043/764 1668/1055/776 1667/1054/775
f 1657/1044/765 1669/1056/777 1668/1055/776
f 1658/1045/766 1670/1057/778 1669/1056/777
f 1659/1047/768 1671/1059/780 1670/1057/778
f 1660/1058/779 1672/1070/791 1671/1059/780
f 1674/1060/781 1673/1073/794 1661/1061/782
f 1675/1062/783 1674/1060/781 1662/1048/769
f 1676/1063/784 1675/1062/783 1663/1050/771
f 1677/1064/785 1676/1063/784 1664/1051/772
f 1678/1065/786 1677/1064/785 1665/1052/773
f 1679/1066/787 1678/1065/786 1666/1053/774
f 1668/1055/776 1680/1067/788 1679/1066/787
f 1669/1056/777 1681/1068/789 1680/1067/788
f 1670/1057/778 1682/1069/790 1681/1068/789
f 1671/1059/780 1683/1071/792 1682/1069/790
f 1672/1070/791 1684/1082/803 1683/1071/792
f 1686/1072/793 1685/1085/806 1673/1073/794
f 1687/1074/795 1686/1072/793 1674/1060/781
f 1688/1075/796 1687/1074/795 1675/1062/783
f 1689/1076/797 1688/1075/796 1676/1063/784
f 1690/1077/798 1689/1076/797 1677/1064/785
f 1691/1078/799 1690/1077/798 1678/1065/786
f 1680/1067/788 1692/1079/800 1691/1078/799
f 1681/1068/789 1693/1080/801 1692/1079/800
f 1682/1069/790 1694/1081/802 1693/1080/801
f 1683/1071/792 1695/1083/804 1694/1081/802
f 1684/1082/803 1696/1094/815 1695/1083/804
f 1698/1084/805 1697/1097/818 1685/1085/806
f 1699/1086/807 1698/1084/805 1686/1072/793
f 1700/1087/808 1699/1086/807 1687/1074/795
f 1701/1088/809 1700/1087/808 1688/1075/796
f 1702/1089/810 1701/1088/809 1689/1076/797
f 1703/1090/811 1702/1089/810 1690/1077/798
f 1692/1079/800 1704/1091/812 1703/1090/811
f 1693/1080/801 1705/1092/813 1704/1091/812
f 1694/1081/802 1706/1093/814 1705/1092/813
f 1695/1083/804 1707/1095/816 1706/1093/814
f 1696/1094/815 1708/1106/827 1707/1095/816
f 1710/1096/817 1709/1109/830 1697/1097/818
f 1711/1098/819 1710/1096/817 1698/1084/805
f 1712/1099/820 1711/1098/819 1699/1086/807
f 1713/1100/821 1712/1099/820 1700/1087/808
f 1714/1101/822 1713/1100/821 1701/1088/809
f 1715/1102/823 1714/1101/822 1702/1089/810
f 1704/1091/812 1716/1103/824 1715/1102/823
f 1705/1092/813 1717/1104/825 1716/1103/824
f 1706/1093/814 1718/1105/826 1717/1104/825
f 1707/1095/816 1719/1107/828 1718/1105/826
f 1708/1106/827 1720/1118/839 1719/1107/828
f 1722/1108/829 1721/1121/842 1709/1109/830
f 1723/1110/831 1722/1108/829 1710/1096/817
f 1724/1111/832 1723/1110/831 1711/1098/819
f 1725/1112/833 1724/1111/832 1712/1099/820
f 1726/1113/834 1725/1112/833 1713/1100/821
f 1727/1114/835 1726/1113/834 1714/1101/822
f 1716/1103/824 1728/1115/836 1727/1114/835
f 1717/1104/825 1729/1116/837 1728/1115/836
f 1718/1105/826 1730/1117/838 1729/1116/837
f 1719/1107/828 1731/1119/840 1730/1117/838
f 1720/1118/839 1732/1130/851 1731/1119/840
f 1734/1120/841 1733/242/854 1721/1121/842
f 1735/1122/843 1734/1120/841 1722/1108/829
f 1736/1123/844 1735/1122/843 1723/1110/831
f 1737/1124/845 1736/1123/844 1724/1111/832
f 1738/1125/846 1737/1124/845 1725/1112/833
f 1739/1126/847 1738/1125/846 1726/1113/834
f 1728/1115/836 1740/1127/848 1739/1126/847
f 1729/1116/837 1741/1128/849 1740/1127/848
f 1730/1117/838 1742/1129/850 1741/1128/849
f 1731/1119/840 1743/1131/852 1742/1129/850
f 1732/1130/851 1744/1141/863 1743/1131/852
f 1746/1132/853 1745/1144/866 1733/242/854
f 1747/1133/855 1746/1132/853 1734/1120/841
f 1748/1134/856 1747/1133/855 1735/1122/843
f 1749/1135/857 1748/1134/856 1736/1123/844
f 1750/1136/858 1749/1135/857 1737/1124/845
f 1751/1137/859 1750/1136/858 1738/1125/846
f 1740/1127/848 1752/1138/860 1751/1137/859
f 1741/1128/849 1753/1139/861 1752/1138/860
f 1742/1129/850 1754/1140/862 1753/1139/861
f 1743/1131/852 1755/1142/864 1754/1140/862
f 1744/1141/863 1756/1153/875 1755/1142/864
f 1758/1143/865 1757/1156/878 1745/1144/866
f 1759/1145/867 1758/1143/865 1746/1132/853
f 1760/1146/868 1759/1145/867 1747/1133/855
f 1761/1147/869 1760/1146/868 1748/1134/856
f 1762/1148/870 1761/1147/869 1749/1135/857
f 1763/1149/871 1762/1148/870 1750/1136/858
f 1752/1138/860 1764/1150/872 1763/1149/871
f 1753/1139/861 1765/1151/873 1764/1150/872
f 1754/1140/862 1766/1152/874 1765/1151/873
f 1755/1142/864 1767/1154/876 1766/1152/874
f 1756/1153/875 1768/1167/889 1767/1154/876
f 1758/1143/865 1770/1157/879 1769/1155/877
f 1759/1145/867 1771/1158/880 1770/1157/879
f 1760/1146/868 1772/1159/881 1771/1158/880
f 1761/1147/869 1773/1160/882 1772/1159/881
f 1762/1148/870 1774/1173/895 1773/1160/882
f 1775/1161/883 1774/1173/895 1762/1148/870
f 1776/1162/884 1775/1161/883 1763/1149/871
f 1777/1163/885 1776/1162/884 1764/1150/872
f 1778/1164/886 1777/1163/885 1765/1151/873
f 1779/1165/887 1778/1164/886 1766/1152/874
f 1780/1166/888 1779/1165/887 1767/1154/876
f 1782/1168/890 1781/1180/902 1769/1155/877
f 1783/1169/891 1782/1168/890 1770/1157/879
f 1784/1170/892 1783/1169/891 1771/1158/880
f 1785/1171/893 1784/1170/892 1772/1159/881
f 1786/1172/894 1785/1171/893 1773/1160/882
f 1787/1174/896 1786/1172/894 1774/1173/895
f 1776/1162/884 1788/1175/897 1787/1174/896
f 1777/1163/885 1789/1176/898 1788/1175/897
f 1778/1164/886 1790/1177/899 1789/1176/898
f 1779/1165/887 1791/1178/900 1790/1177/899
f 1780/1166/888 1792/1189/911 1791/1178/900
f 1794/1179/901 1793/1192/914 1781/1180/902
f 1795/1181/903 1794/1179/901 1782/1168/890
f 1796/1182/904 1795/1181/903 1783/1169/891
f 1797/1183/905 1796/1182/904 1784/1170/892
f 1798/1184/906 1797/1183/905 1785/1171/893
f 1799/1185/907 1798/1184/906 1786/1172/894
f 1788/1175/897 1800/1186/908 1799/1185/907
f 1789/1176/898 1801/1187/909 1800/1186/908
f 1790/1177/899 1802/1188/910 1801/1187/909
f 1791/1178/900 1803/1190/912 1802/1188/910
f 1792/1189/911 1804/1201/923 1803/1190/912
f 1806/1191/913 1805/1204/926 1793/1192/914
f 1807/1193/915 1806/1191/913 1794/1179/901
f 1808/1194/916 1807/1193/915 1795/1181/903
f 1809/1195/917 1808/1194/916 1796/1182/904
f 1810/1196/918 1809/1195/917 1797/1183/905
f 1811/1197/919 1810/1196/918 1798/1184/906
f 1800/1186/908 1812/1198/920 1811/1197/919
f 1801/1187/909 1813/1199/921 1812/1198/920
f 1802/1188/910 1814/1200/922 1813/1199/921
f 1803/1190/912 1815/1202/924 1814/1200/922
f 1804/1201/923 1816/1213/935 1815/1202/924
f 1818/1203/925 1817/1216/938 1805/1204/926
f 1819/1205/927 1818/1203/925 1806/1191/913
f 1820/1206/928 1819/1205/927 1807/1193/915
f 1821/1207/929 1820/1206/928 1808/1194/916
f 1822/1208/930 1821/1207/929 1809/1195/917
f 1823/1209/931 1822/1208/930 1810/1196/918
f 1812/1198/920 1824/1210/932 1823/1209/931
f 1813/1199/921 1825/1211/933 1824/1210/932
f 1814/1200/922 1826/1212/934 1825/1211/933
f 1815/1202/924 1827/1214/936 1826/1212/934
f 1816/1213/935 1828/1225/947 1827/1214/936
f 1830/1215/937 1829/1228/950 1817/1216/938
f 1831/1217/939 1830/1215/937 1818/1203/925
f 1832/1218/940 1831/1217/939 1819/1205/927
f 1833/1219/941 1832/1218/940 1820/1206/928
f 1834/1220/942 1833/1219/941 1821/1207/929
f 1835/1221/943 1834/1220/942 1822/1208/930
f 1824/1210/932 1836/1222/944 1835/1221/943
f 1825/1211/933 1837/1223/945 1836/1222/944
f 1826/1212/934 1838/1224/946 1837/1223/945
f 1827/1214/936 1839/1226/948 1838/1224/946
f 1828/1225/947 1840/1237/959 1839/1226/948
f 1842/1227/949 1841/1240/962 1829/1228/950
f 1843/1229/951 1842/1227/949 1830/1215/937
f 1844/1230/952 1843/1229/951 1831/1217/939
f 1845/1231/953 1844/1230/952 1832/1218/940
f 1846/1232/954 1845/1231/953 1833/1219/941
f 1847/1233/955 1846/1232/954 1834/1220/942
f 1836/1222/944 1848/1234/956 1847/1233/955
f 1837/1223/945 1849/1235/957 1848/1234/956
f 1838/1224/946 1850/1236/958 1849/1235/957
f 1839/1226/948 1851/1238/960 1850/1236/958
f 1840/1237/959 1852/1249/971 1851/1238/960
f 1854/1239/961 1853/1252/974 1841/1240/962
f 1855/1241/963 1854/1239/961 1842/1227/949
f 1856/1242/964 1855/1241/963 1843/1229/951
f 1857/1243/965 1856/1242/964 1844/1230/952
f 1858/1244/966 1857/1243/965 1845/1231/953
f 1859/1245/967 1858/1244/966 1846/1232/954
f 1848/1234/956 1860/1246/968 1859/1245/967
f 1849/1235/957 1861/1247/969 1860/1246/968
f 1850/1236/958 1862/1248/970 1861/1247/969
f 1851/1238/960 1863/1250/972 1862/1248/970
f 1852/1249/971 1864/1261/983 1863/1250/972
f 1866/1251/973 1865/1264/986 1853/1252/974
f 1867/1253/975 1866/1251/973 1854/1239/961
f 1868/1254/976 1867/1253/975 1855/1241/963
f 1869/1255/977 1868/1254/976 1856/1242/964
f 1870/1256/978 1869/1255/977 1857/1243/965
f 1871/1257/979 1870/1256/978 1858/1244/966
f 1860/1246/968 1872/1258/980 1871/1257/979
f 1861/1247/969 1873/1259/981 1872/1258/980
f 1862/1248/970 1874/1260/982 1873/1259/981
f 1863/1250/972 1875/1262/984 1874/1260/982
f 1864/1261/983 1876/1273/995 1875/1262/984
f 1878/1263/985 1877/1276/998 1865/1264/986
f 1879/1265/987 1878/1263/985 1866/1251/973
f 1880/1266/988 1879/1265/987 1867/1253/975
f 1881/1267/989 1880/1266/988 1868/1254/976
f 1882/1268/990 1881/1267/989 1869/1255/977
f 1883/1269/991 1882/1268/990 1870/1256/978
f 1872/1258/980 1884/1270/992 1883/1269/991
f 1873/1259/981 1885/1271/993 1884/1270/992
f 1874/1260/982 1886/1272/994 1885/1271/993
f 1875/1262/984 1887/1274/996 1886/1272/994
f 1876/1273/995 1888/1285/1007 1887/1274/996
f 1890/1275/997 1889/1288/1010 1877/1276/998
f 1891/1277/999 1890/1275/997 1878/1263/985
f 1892/1278/1000 1891/1277/999 1879/1265/987
f 1893/1279/1001 1892/1278/1000 1880/1266/988
f 1894/1280/1002 1893/1279/1001 1881/1267/989
f 1895/1281/1003 1894/1280/1002 1882/1268/990
f 1884/1270/992 1896/1282/1004 1895/1281/1003
f 1885/1271/993 1897/1283/1005 1896/1282/1004
f 1886/1272/994 1898/1284/1006 1897/1283/1005
f 1887/1274/996 1899/1286/1008 1898/1284/1006
f 1888/1285/1007 1900/1297/1019 1899/1286/1008
f 1902/1287/1009 1901/252/1022 1889/1288/1010
f 1903/1289/1011 1902/1287/1009 1890/1275/997
f 1904/1290/1012 1903/1289/1011 1891/1277/999
f 1905/1291/1013 1904/1290/1012 1892/1278/1000
f 1906/1292/1014 1905/1291/1013 1893/1279/1001
f 1907/1293/1015 1906/1292/1014 1894/1280/1002
f 1896/1282/1004 1908/1294/1016 1907/1293/1015
f 1897/1283/1005 1909/1295/1017 1908/1294/1016
f 1898/1284/1006 1910/1296/1018 1909/1295/1017
f 1899/1286/1008 1911/1298/1020 1910/1296/1018
f 1900/1297/1019 1912/1308/1031 1911/1298/1020
f 1914/1299/1021 1913/1311/1034 1901/252/1022
f 1915/1300/1023 1914/1299/1021 1902/1287/1009
f 1916/1301/1024 1915/1300/1023 1903/1289/1011
f 1917/1302/1025 1916/1301/1024 1904/1290/1012
f 1918/1303/1026 1917/1302/1025 1905/1291/1013
f 1919/1304/1027 1918/1303/1026 1906/1292/1014
f 1908/1294/1016 1920/1305/1028 1919/1304/1027
f 1909/1295/1017 1921/1306/1029 1920/1305/1028
f 1910/1296/1018 1922/1307/1030 1921/1306/1029
f 1911/1298/1020 1923/1309/1032 1922/1307/1030
f 1912/1308/1031 1924/1322/1045 1923/1309/1032
f 1914/1299/1021 1926/1312/1035 1925/1310/1033
f 1915/1300/1023 1927/1313/1036 1926/1312/1035
f 1916/1301/1024 1928/1314/1037 1927/1313/1036
f 1917/1302/1025 1929/1315/1038 1928/1314/1037
f 1918/1303/1026 1930/1327/1050 1929/1315/1038
f 1931/1316/1039 1930/1327/1050 1918/1303/1026
f 1932/1317/1040 1931/1316/1039 1919/1304/1027
f 1933/1318/1041 1932/1317/1040 1920/1305/1028
f 1934/1319/1042 1933/1318/1041 1921/1306/1029
f 1935/1320/1043 1934/1319/1042 1922/1307/1030
f 1936/1321/1044 1935/1320/1043 1923/1309/1032
f 1926/1312/1035 1938/1324/1047 1937/1323/1046
f 1927/1313/1036 1939/1325/1048 1938/1324/1047
f 1928/1314/1037 1940/1326/1049 1939/1325/1048
f 1929/1315/1038 1941/1328/1051 1940/1326/1049
f 1930/1327/1050 1942/1339/1062 1941/1328/1051
f 1943/1329/1052 1942/1339/1062 1930/1327/1050
f 1944/1330/1053 1943/1329/1052 1931/1316/1039
f 1945/1331/1054 1944/1330/1053 1932/1317/1040
f 1946/1332/1055 1945/1331/1054 1933/1318/1041
f 1947/1333/1056 1946/1332/1055 1934/1319/1042
f 1948/1334/1057 1947/1333/1056 1935/1320/1043
f 1938/1324/1047 1950/1336/1059 1949/1335/1058
f 1939/1325/1048 1951/1337/1060 1950/1336/1059
f 1940/1326/1049 1952/1338/1061 1951/1337/1060
f 1941/1328/1051 1953/1340/1063 1952/1338/1061
f 1942/1339/1062 1954/1351/1074 1953/1340/1063
f 1955/1341/1064 1954/1351/1074 1942/1339/1062
f 1956/1342/1065 1955/1341/1064 1943/1329/1052
f 1957/1343/1066 1956/1342/1065 1944/1330/1053
f 1958/1344/1067 1957/1343/1066 1945/1331/1054
f 1959/1345/1068 1958/1344/1067 1946/1332/1055
f 1960/1346/1069 1959/1345/1068 1947/1333/1056
f 1950/1336/1059 1962/1348/1071 1961/1347/1070
f 1951/1337/1060 1963/1349/1072 1962/1348/1071
f 1952/1338/1061 1964/1350/1073 1963/1349/1072
f 1953/1340/1063 1965/1352/1075 1964/1350/1073
f 1954/1351/1074 1966/1363/1086 1965/1352/1075
f 1967/1353/1076 1966/1363/1086 1954/1351/1074
f 1968/1354/1077 1967/1353/1076 1955/1341/1064
f 1969/1355/1078 1968/1354/1077 1956/1342/1065
f 1970/1356/1079 1969/1355/1078 1957/1343/1066
f 1971/1357/1080 1970/1356/1079 1958/1344/1067
f 1972/1358/1081 1971/1357/1080 1959/1345/1068
f 1962/1348/1071 1974/1360/1083 1973/1359/1082
f 1963/1349/1072 1975/1361/1084 1974/1360/1083
f 1964/1350/1073 1976/1362/1085 1975/1361/1084
f 1965/1352/1075 1977/1364/1087 1976/1362/1085
f 1966/1363/1086 1978/1375/1098 1977/1364/1087
f 1979/1365/1088 1978/1375/1098 1966/1363/1086
f 1980/1366/1089 1979/1365/1088 1967/1353/1076
f 1981/1367/1090 1980/1366/1089 1968/1354/1077
f 1982/1368/1091 1981/1367/1090 1969/1355/1078
f 1983/1369/1092 1982/1368/1091 1970/1356/1079
f 1984/1370/1093 1983/1369/1092 1971/1357/1080
f 1974/1360/1083 1986/1372/1095 1985/1371/1094
f 1975/1361/1084 1987/1373/1096 1986/1372/1095
f 1976/1362/1085 1988/1374/1097 1987/1373/1096
f 1977/1364/1087 1989/1376/1099 1988/1374/1097
f 1978/1375/1098 1990/1387/1110 1989/1376/1099
f 1991/1377/1100 1990/1387/1110 1978/1375/1098
f 1992/1378/1101 1991/1377/1100 1979/1365/1088
f 1993/1379/1102 1992/1378/1101 1980/1366/1089
f 1994/1380/1103 1993/1379/1102 1981/1367/1090
f 1995/1381/1104 1994/1380/1103 1982/1368/1091
f 1996/1382/1105 1995/1381/1104 1983/1369/1092
f 1986/1372/1095 1998/1384/1107 1997/1383/1106
f 1987/1373/1096 1999/1385/1108 1998/1384/1107
f 1988/1374/1097 2000/1386/1109 1999/1385/1108
f 1989/1376/1099 2001/1388/1111 2000/1386/1109
f 1990/1387/1110 2002/1399/1122 2001/1388/1111
f 2003/1389/1112 2002/1399/1122 1990/1387/1110
f 2004/1390/1113 2003/1389/1112 1991/1377/1100
f 2005/1391/1114 2004/1390/1113 1992/1378/1101
f 2006/1392/1115 2005/1391/1114 1993/1379/1102
f 2007/1393/1116 2006/1392/1115 1994/1380/1103
f 2008/1394/1117 2007/1393/1116 1995/1381/1104
f 1998/1384/1107 2010/1396/1119 2009/1395/1118
f 1999/1385/1108 2011/1397/1120 2010/1396/1119
f 2000/1386/1109 2012/1398/1121 2011/1397/1120
f 2001/1388/1111 2013/1400/1123 2012/1398/1121
f 2002/1399/1122 2014/1411/1134 2013/1400/1123
f 2015/1401/1124 2014/1411/1134 2002/1399/1122
f 2016/1402/1125 2015/1401/1124 2003/1389/1112
f 2017/1403/1126 2016/1402/1125 2004/1390/1113
f 2018/1404/1127 2017/1403/1126 2005/1391/1114
f 2019/1405/1128 2018/1404/1127 2006/1392/1115
f 2020/1406/1129 2019/1405/1128 2007/1393/1116
f 2010/1396/1119 2022/1408/1131 2021/1407/1130
f 2011/1397/1120 2023/1409/1132 2022/1408/1131
f 2012/1398/1121 2024/1410/1133 2023/1409/1132
f 2013/1400/1123 2025/1412/1135 2024/1410/1133
f 2014/1411/1134 2026/1423/1146 2025/1412/1135
f 2027/1413/1136 2026/1423/1146 2014/1411/1134
f 2028/1414/1137 2027/1413/1136 2015/1401/1124
f 2029/1415/1138 2028/1414/1137 2016/1402/1125
f 2030/1416/1139 2029/1415/1138 2017/1403/1126
f 2031/1417/1140 2030/1416/1139 2018/1404/1127
f 2032/1418/1141 2031/1417/1140 2019/1405/1128
f 2022/1408/1131 2034/1420/1143 2033/1419/1142
f 2023/1409/1132 2035/1421/1144 2034/1420/1143
f 2024/1410/1133 2036/1422/1145 2035/1421/1144
f 2025/1412/1135 2037/1424/1147 2036/1422/1145
f 2026/1423/1146 2038/1435/1158 2037/1424/1147
f 2039/1425/1148 2038/1435/1158 2026/1423/1146
f 2040/1426/1149 2039/1425/1148 2027/1413/1136
f 2041/1427/1150 2040/1426/1149 2028/1414/1137
f 2042/1428/1151 2041/1427/1150 2029/1415/1138
f 2043/1429/1152 2042/1428/1151 2030/1416/1139
f 2044/1430/1153 2043/1429/1152 2031/1417/1140
f 2034/1420/1143 2046/1432/1155 2045/1431/1154
f 2035/1421/1144 2047/1433/1156 2046/1432/1155
f 2036/1422/1145 2048/1434/1157 2047/1433/1156
f 2037/1424/1147 2049/1436/1159 2048/1434/1157
f 2038/1435/1158 2050/1448/1171 2049/1436/1159
f 2051/1437/1160 2050/1448/1171 2038/1435/1158
f 2052/1438/1161 2051/1437/1160 2039/1425/1148
f 2053/1439/1162 2052/1438/1161 2040/1426/1149
f 2054/1440/1163 2053/1439/1162 2041/1427/1150
f 2055/1441/1164 2054/1440/1163 2042/1428/1151
f 2056/1442/1165 2055/1441/1164 2043/1429/1152
f 2058/1443/1166 2057/1455/1177 2045/1431/1154
f 2059/1444/1167 2058/1443/1166 2046/1432/1155
f 2060/1445/1168 2059/1444/1167 2047/1433/1156
f 2061/1446/1169 2060/1445/1168 2048/1434/1157
f 2062/1447/1170 2061/1446/1169 2049/1436/1159
f 2063/1449/1172 2062/1447/1170 2050/1448/1171
f 2052/1438/1161 2064/1450/1173 2063/1449/1172
f 2053/1439/1162 2065/1451/1174 2064/1450/1173
f 2054/1440/1163 2066/1452/1175 2065/1451/1174
f 2055/1441/1164 2067/1453/1176 2066/1452/1175
f 2056/1442/1165 2068/1464/1178 2067/1453/1176
f 894/1454/3 893/1/5 2057/1455/1177
f 895/1456/6 894/1454/3 2058/1443/1166
f 896/1457/8 895/1456/6 2059/1444/1167
f 897/1458/10 896/1457/8 2060/1445/1168
f 898/1459/12 897/1458/10 2061/1446/1169
f 899/1460/15 898/1459/12 2062/1447/1170
f 2064/1450/1173 900/1461/17 899/1460/15
f 2065/1451/1174 901/1462/19 900/1461/17
f 2066/1452/1175 902/1463/21 901/1462/19
f 2067/1453/1176 903/1465/23 902/1463/21
f 2068/1464/1178 904/1774/25 903/1465/23
f 2082/1466/1179 2081/1478/1202 2069/7/1180
f 2083/1467/1182 2082/1466/1179 2070/288/1181
f 2084/1468/1184 2083/1467/1182 2071/290/1183
f 2085/1469/1186 2084/1468/1184 2072/292/1185
f 2086/1470/1188 2085/1469/1186 2073/294/1187
f 2087/1471/1190 2086/1470/1188 2074/296/1189
f 2088/1472/1192 2087/1471/1190 2075/299/1191
f 2089/1473/1194 2088/1472/1192 2076/301/1193
f 2090/1474/1196 2089/1473/1194 2077/303/1195
f 2091/1475/1198 2090/1474/1196 2078/305/1197
f 2092/1476/1200 2091/1475/1198 2079/307/1199
f 2082/1466/1179 2094/1479/1203 2093/1477/1202
f 2083/1467/1182 2095/1480/1204 2094/1479/1203
f 2084/1468/1184 2096/1481/1205 2095/1480/1204
f 2085/1469/1186 2097/1482/1206 2096/1481/1205
f 2086/1470/1188 2098/1494/1217 2097/1482/1206
f 2099/1483/1207 2098/1494/1217 2086/1470/1188
f 2100/1484/1208 2099/1483/1207 2087/1471/1190
f 2101/1485/1209 2100/1484/1208 2088/1472/1192
f 2102/1486/1210 2101/1485/1209 2089/1473/1194
f 2103/1487/1211 2102/1486/1210 2090/1474/1196
f 2104/1488/1200 2103/1487/1211 2091/1475/1198
f 2106/1489/1212 2105/278/1180 2093/1477/1202
f 2107/1490/1213 2106/1489/1212 2094/1479/1203
f 2108/1491/1214 2107/1490/1213 2095/1480/1204
f 2109/1492/1215 2108/1491/1214 2096/1481/1205
f 2110/1493/1216 2109/1492/1215 2097/1482/1206
f 2111/1495/1218 2110/1493/1216 2098/1494/1217
f 2112/1496/1219 2111/1495/1218 2099/1483/1207
f 2113/1497/1220 2112/1496/1219 2100/1484/1208
f 2114/1498/1221 2113/1497/1220 2101/1485/1209
f 2115/1499/1222 2114/1498/1221 2102/1486/1210
f 2116/1500/1201 2115/1499/1222 2103/1487/1211
f 2118/1501/1181 2117/101/1180 2105/278/1180
f 2119/1502/1183 2118/1501/1181 2106/1489/1212
f 2120/1503/1185 2119/1502/1183 2107/1490/1213
f 2121/1504/1187 2120/1503/1185 2108/1491/1214
f 2122/1505/1189 2121/1504/1187 2109/1492/1215
f 2123/1506/1191 2122/1505/1189 2110/1493/1216
f 2112/1496/1219 2124/1507/1193 2123/1506/1191
f 2113/1497/1220 2125/1508/1195 2124/1507/1193
f 2114/1498/1221 2126/1509/1197 2125/1508/1195
f 2115/1499/1222 2127/1510/1199 2126/1509/1197
f 2116/1500/1201 2128/1521/1201 2127/1510/1199
f 2118/1501/1181 2130/1522/1179 2129/1511/1202
f 2131/1512/1182 2130/1522/1179 2118/1501/1181
f 2132/1513/1184 2131/1512/1182 2119/1502/1183
f 2133/1514/1186 2132/1513/1184 2120/1503/1185
f 2134/1515/1188 2133/1514/1186 2121/1504/1187
f 2135/1516/1223 2134/1515/1188 2122/1505/1189
f 2136/1517/1192 2135/1516/1223 2123/1506/1191
f 2137/1518/1194 2136/1517/1192 2124/1507/1193
f 2138/1519/1196 2137/1518/1194 2125/1508/1195
f 2127/1510/1199 2139/1523/1198 2138/1519/1196
f 2140/1520/1200 2139/1523/1198 2127/1510/1199
f 2130/1522/1179 2142/870/1203 2141/275/1202
f 2131/1512/1182 2143/872/1204 2142/870/1203
f 2132/1513/1184 2144/873/1205 2143/872/1204
f 2133/1514/1186 2145/874/1206 2144/873/1205
f 2134/1515/1188 2146/875/1217 2145/874/1206
f 2147/876/1207 2146/875/1217 2134/1515/1188
f 2148/877/1208 2147/876/1207 2135/1516/1223
f 2149/878/1209 2148/877/1208 2136/1517/1192
f 2150/879/1210 2149/878/1209 2137/1518/1194
f 2151/881/1211 2150/879/1210 2138/1519/1196
f 2152/893/1200 2151/881/1211 2139/1523/1198
f 2154/1524/1212 2153/1533/1180 2141/275/1202
f 2155/1525/1213 2154/1524/1212 2142/870/1203
f 2156/1526/1214 2155/1525/1213 2143/872/1204
f 2145/874/1206 2157/1537/1215 2156/1526/1214
f 2158/1527/1216 2157/1537/1215 2145/874/1206
f 2159/1528/1218 2158/1527/1216 2146/875/1217
f 2148/877/1208 2160/1541/1219 2159/1528/1218
f 2161/1529/1220 2160/1541/1219 2148/877/1208
f 2150/879/1210 2162/1544/1221 2161/1529/1220
f 2163/1530/1222 2162/1544/1221 2150/879/1210
f 2164/1531/1201 2163/1530/1222 2151/881/1211
f 2166/1532/1224 2165/104/1236 2153/1533/1180
f 2167/1534/1225 2166/1532/1224 2154/1524/1212
f 2168/1535/1226 2167/1534/1225 2155/1525/1213
f 2169/1536/1227 2168/1535/1226 2156/1526/1214
f 2170/1538/1228 2169/1536/1227 2157/1537/1215
f 2171/1539/1229 2170/1538/1228 2158/1527/1216
f 2172/1540/1230 2171/1539/1229 2159/1528/1218
f 2173/1542/1231 2172/1540/1230 2160/1541/1219
f 2174/1543/1232 2173/1542/1231 2161/1529/1220
f 2175/1545/1233 2174/1543/1232 2162/1544/1221
f 2176/1546/1234 2175/1545/1233 2163/1530/1222
f 2178/1547/1235 2177/273/1247 2165/104/1236
f 2179/1548/1237 2178/1547/1235 2166/1532/1224
f 2180/1549/1238 2179/1548/1237 2167/1534/1225
f 2181/1550/1239 2180/1549/1238 2168/1535/1226
f 2182/1551/1240 2181/1550/1239 2169/1536/1227
f 2183/1552/1241 2182/1551/1240 2170/1538/1228
f 2184/1553/1242 2183/1552/1241 2171/1539/1229
f 2185/1554/1243 2184/1553/1242 2172/1540/1230
f 2186/1555/1244 2185/1554/1243 2173/1542/1231
f 2187/1556/1245 2186/1555/1244 2174/1543/1232
f 2188/1557/1246 2187/1556/1245 2175/1545/1233
f 2190/1558/1203 2189/1570/1202 2177/273/1247
f 2191/1559/1204 2190/1558/1203 2178/1547/1235
f 2192/1560/1205 2191/1559/1204 2179/1548/1237
f 2193/1561/1206 2192/1560/1205 2180/1549/1238
f 2194/1562/1217 2193/1561/1206 2181/1550/1239
f 2195/1563/1207 2194/1562/1217 2182/1551/1240
f 2196/1564/1208 2195/1563/1207 2183/1552/1241
f 2197/1565/1209 2196/1564/1208 2184/1553/1242
f 2198/1566/1210 2197/1565/1209 2185/1554/1243
f 2199/1567/1211 2198/1566/1210 2186/1555/1244
f 2200/1568/1200 2199/1567/1211 2187/1556/1245
f 2202/1569/1212 2201/1578/1180 2189/1570/1202
f 2203/1571/1213 2202/1569/1212 2190/1558/1203
f 2192/1560/1205 2204/1579/1214 2203/1571/1213
f 2205/1572/1215 2204/1579/1214 2192/1560/1205
f 2194/1562/1217 2206/1580/1216 2205/1572/1215
f 2207/1573/1218 2206/1580/1216 2194/1562/1217
f 2208/1574/1219 2207/1573/1218 2195/1563/1207
f 2197/1565/1209 2209/1581/1220 2208/1574/1219
f 2210/1575/1221 2209/1581/1220 2197/1565/1209
f 2211/1576/1222 2210/1575/1221 2198/1566/1210
f 2212/1577/1201 2211/1576/1222 2199/1567/1211
f 2070/1454/1181 2069/1/1180 2201/1578/1180
f 2071/1456/1183 2070/1454/1181 2202/1569/1212
f 2072/1457/1185 2071/1456/1183 2203/1571/1213
f 2073/1458/1187 2072/1457/1185 2204/1579/1214
f 2074/1459/1189 2073/1458/1187 2205/1572/1215
f 2075/1460/1191 2074/1459/1189 2206/1580/1216
f 2208/1574/1219 2076/1461/1193 2075/1460/1191
f 2209/1581/1220 2077/1462/1195 2076/1461/1193
f 2210/1575/1221 2078/1463/1197 2077/1462/1195
f 2211/1576/1222 2079/1465/1199 2078/1463/1197
f 2212/1577/1201 2080/1774/1201 2079/1465/1199
f 2226/1582/1248 2225/1593/1270 2213/7/1249
f 2227/1583/1251 2226/1582/1248 2214/288/1250
f 2228/1584/1253 2227/1583/1251 2215/290/1252
f 2229/1585/1255 2228/1584/1253 2216/292/1254
f 2230/1586/1257 2229/1585/1255 2217/294/1256
f 2231/1587/1259 2230/1586/1257 2218/296/1258
f 2220/301/1261 2232/1588/1263 2231/1587/1259
f 2221/303/1262 2233/1589/1265 2232/1588/1263
f 2222/305/1264 2234/1590/1267 2233/1589/1265
f 2223/307/1266 2235/1591/1269 2234/1590/1267
f 2224/309/1268 2236/1604/1271 2235/1591/1269
f 2226/1582/1248 2238/1594/1212 2237/1592/1180
f 2227/1583/1251 2239/1595/1213 2238/1594/1212
f 2228/1584/1253 2240/1596/1214 2239/1595/1213
f 2229/1585/1255 2241/1597/1215 2240/1596/1214
f 2230/1586/1257 2242/1610/1216 2241/1597/1215
f 2243/1598/1218 2242/1610/1216 2230/1586/1257
f 2244/1599/1219 2243/1598/1218 2231/1587/1259
f 2245/1600/1220 2244/1599/1219 2232/1588/1263
f 2246/1601/1221 2245/1600/1220 2233/1589/1265
f 2247/1602/1222 2246/1601/1221 2234/1590/1267
f 2248/1603/1201 2247/1602/1222 2235/1591/1269
f 2250/1605/1224 2249/1618/1236 2237/1592/1180
f 2251/1606/1225 2250/1605/1224 2238/1594/1212
f 2252/1607/1226 2251/1606/1225 2239/1595/1213
f 2253/1608/1272 2252/1607/1226 2240/1596/1214
f 2254/1609/1228 2253/1608/1272 2241/1597/1215
f 2255/1611/1229 2254/1609/1228 2242/1610/1216
f 2256/1612/1230 2255/1611/1229 2243/1598/1218
f 2257/1613/1231 2256/1612/1230 2244/1599/1219
f 2258/1614/1232 2257/1613/1231 2245/1600/1220
f 2259/1615/1233 2258/1614/1232 2246/1601/1221
f 2260/1616/1234 2259/1615/1233 2247/1602/1222
f 2262/1617/1235 2261/1629/1247 2249/1618/1236
f 2263/1619/1237 2262/1617/1235 2250/1605/1224
f 2264/1620/1238 2263/1619/1237 2251/1606/1225
f 2265/1621/1239 2264/1620/1238 2252/1607/1226
f 2266/1622/1240 2265/1621/1239 2253/1608/1272
f 2267/1623/1241 2266/1622/1240 2254/1609/1228
f 2268/1624/1242 2267/1623/1241 2255/1611/1229
f 2269/1625/1243 2268/1624/1242 2256/1612/1230
f 2270/1626/1244 2269/1625/1243 2257/1613/1231
f 2271/1627/1245 2270/1626/1244 2258/1614/1232
f 2272/1628/1246 2271/1627/1245 2259/1615/1233
f 2274/870/1273 2273/275/1284 2261/1629/1247
f 2275/872/1274 2274/870/1273 2262/1617/1235
f 2276/873/1275 2275/872/1274 2263/1619/1237
f 2277/874/1276 2276/873/1275 2264/1620/1238
f 2278/875/1277 2277/874/1276 2265/1621/1239
f 2279/876/1278 2278/875/1277 2266/1622/1240
f 2268/1624/1242 2280/877/1279 2279/876/1278
f 2269/1625/1243 2281/878/1280 2280/877/1279
f 2270/1626/1244 2282/879/1281 2281/878/1280
f 2271/1627/1245 2283/881/1282 2282/879/1281
f 2272/1628/1246 2284/893/1293 2283/881/1282
f 2286/1630/1283 2285/1641/1295 2273/275/1284
f 2287/1631/1285 2286/1630/1283 2274/870/1273
f 2288/1632/1286 2287/1631/1285 2275/872/1274
f 2289/1633/1287 2288/1632/1286 2276/873/1275
f 2290/1634/1288 2289/1633/1287 2277/874/1276
f 2291/1635/1289 2290/1634/1288 2278/875/1277
f 2280/877/1279 2292/1636/1290 2291/1635/1289
f 2281/878/1280 2293/1637/1291 2292/1636/1290
f 2282/879/1281 2294/1638/1292 2293/1637/1291
f 2283/881/1282 2295/1639/1294 2294/1638/1292
f 2284/893/1293 2296/1652/1297 2295/1639/1294
f 2286/1630/1283 2298/1642/1235 2297/1640/1247
f 2287/1631/1285 2299/1643/1237 2298/1642/1235
f 2288/1632/1286 2300/1644/1238 2299/1643/1237
f 2289/1633/1287 2301/1645/1239 2300/1644/1238
f 2290/1634/1288 2302/1658/1240 2301/1645/1239
f 2303/1646/1241 2302/1658/1240 2290/1634/1288
f 2304/1647/1296 2303/1646/1241 2291/1635/1289
f 2305/1648/1243 2304/1647/1296 2292/1636/1290
f 2306/1649/1244 2305/1648/1243 2293/1637/1291
f 2307/1650/1245 2306/1649/1244 2294/1638/1292
f 2308/1651/1246 2307/1650/1245 2295/1639/1294
f 2298/1642/1235 2310/1666/1203 2309/1653/1202
f 2311/1654/1204 2310/1666/1203 2298/1642/1235
f 2312/1655/1205 2311/1654/1204 2299/1643/1237
f 2313/1656/1298 2312/1655/1205 2300/1644/1238
f 2314/1657/1217 2313/1656/1298 2301/1645/1239
f 2315/1659/1207 2314/1657/1217 2302/1658/1240
f 2316/1660/1208 2315/1659/1207 2303/1646/1241
f 2317/1661/1209 2316/1660/1208 2304/1647/1296
f 2318/1662/1210 2317/1661/1209 2305/1648/1243
f 2319/1663/1211 2318/1662/1210 2306/1649/1244
f 2320/1664/1200 2319/1663/1211 2307/1650/1245
f 2322/1665/1212 2321/1677/1180 2309/1653/1202
f 2323/1667/1213 2322/1665/1212 2310/1666/1203
f 2324/1668/1214 2323/1667/1213 2311/1654/1204
f 2325/1669/1215 2324/1668/1214 2312/1655/1205
f 2326/1670/1216 2325/1669/1215 2313/1656/1298
f 2327/1671/1218 2326/1670/1216 2314/1657/1217
f 2328/1672/1219 2327/1671/1218 2315/1659/1207
f 2329/1673/1220 2328/1672/1219 2316/1660/1208
f 2330/1674/1221 2329/1673/1220 2317/1661/1209
f 2331/1675/1222 2330/1674/1221 2318/1662/1210
f 2332/1676/1201 2331/1675/1222 2319/1663/1211
f 2214/1454/1250 2213/1/1249 2321/1677/1180
f 2215/1456/1252 2214/1454/1250 2322/1665/1212
f 2216/1457/1254 2215/1456/1252 2323/1667/1213
f 2217/1458/1256 2216/1457/1254 2324/1668/1214
f 2218/1459/1258 2217/1458/1256 2325/1669/1215
f 2219/1460/1260 2218/1459/1258 2326/1670/1216
f 2328/1672/1219 2220/1461/1261 2219/1460/1260
f 2329/1673/1220 2221/1462/1262 2220/1461/1261
f 2330/1674/1221 2222/1463/1264 2221/1462/1262
f 2331/1675/1222 2223/1465/1266 2222/1463/1264
f 2332/1676/1201 2224/1774/1268 2223/1465/1266
f 2346/1466/1179 2345/1478/1202 2333/7/1180
f 2347/1467/1182 2346/1466/1179 2334/288/1181
f 2348/1468/1184 2347/1467/1182 2335/290/1183
f 2349/1469/1186 2348/1468/1184 2336/292/1185
f 2350/1470/1299 2349/1469/1186 2337/294/1187
f 2351/1471/1301 2350/1470/1299 2338/296/1300
f 2352/1472/1192 2351/1471/1301 2339/299/1302
f 2353/1473/1194 2352/1472/1192 2340/301/1193
f 2354/1474/1196 2353/1473/1194 2341/303/1195
f 2355/1475/1198 2354/1474/1196 2342/305/1197
f 2356/1476/1200 2355/1475/1198 2343/307/1199
f 2346/1466/1179 2358/1479/1203 2357/1477/1202
f 2347/1467/1182 2359/1480/1204 2358/1479/1203
f 2348/1468/1184 2360/1481/1205 2359/1480/1204
f 2349/1469/1186 2361/1482/1206 2360/1481/1205
f 2350/1470/1299 2362/1494/1217 2361/1482/1206
f 2363/1483/1207 2362/1494/1217 2350/1470/1299
f 2364/1484/1208 2363/1483/1207 2351/1471/1301
f 2365/1485/1209 2364/1484/1208 2352/1472/1192
f 2366/1486/1210 2365/1485/1209 2353/1473/1194
f 2367/1487/1211 2366/1486/1210 2354/1474/1196
f 2368/1488/1200 2367/1487/1211 2355/1475/1198
f 2370/1489/1212 2369/278/1180 2357/1477/1202
f 2371/1490/1213 2370/1489/1212 2358/1479/1203
f 2372/1491/1214 2371/1490/1213 2359/1480/1204
f 2373/1492/1215 2372/1491/1214 2360/1481/1205
f 2374/1493/1216 2373/1492/1215 2361/1482/1206
f 2375/1495/1218 2374/1493/1216 2362/1494/1217
f 2376/1496/1219 2375/1495/1218 2363/1483/1207
f 2377/1497/1220 2376/1496/1219 2364/1484/1208
f 2378/1498/1221 2377/1497/1220 2365/1485/1209
f 2379/1499/1222 2378/1498/1221 2366/1486/1210
f 2380/1500/1201 2379/1499/1222 2367/1487/1211
f 2382/1501/1181 2381/101/1180 2369/278/1180
f 2383/1502/1183 2382/1501/1181 2370/1489/1212
f 2384/1503/1185 2383/1502/1183 2371/1490/1213
f 2385/1504/1187 2384/1503/1185 2372/1491/1214
f 2386/1505/1300 2385/1504/1187 2373/1492/1215
f 2387/1506/1302 2386/1505/1300 2374/1493/1216
f 2376/1496/1219 2388/1507/1193 2387/1506/1302
f 2377/1497/1220 2389/1508/1195 2388/1507/1193
f 2378/1498/1221 2390/1509/1197 2389/1508/1195
f 2379/1499/1222 2391/1510/1199 2390/1509/1197
f 2380/1500/1201 2392/1521/1201 2391/1510/1199
f 2382/1501/1181 2394/1522/1179 2393/1511/1202
f 2395/1512/1182 2394/1522/1179 2382/1501/1181
f 2396/1513/1184 2395/1512/1182 2383/1502/1183
f 2397/1514/1186 2396/1513/1184 2384/1503/1185
f 2398/1515/1299 2397/1514/1186 2385/1504/1187
f 2399/1516/1301 2398/1515/1299 2386/1505/1300
f 2400/1517/1192 2399/1516/1301 2387/1506/1302
f 2401/1518/1194 2400/1517/1192 2388/1507/1193
f 2402/1519/1196 2401/1518/1194 2389/1508/1195
f 2391/1510/1199 2403/1523/1198 2402/1519/1196
f 2404/1520/1200 2403/1523/1198 2391/1510/1199
f 2394/1522/1179 2406/870/1203 2405/275/1202
f 2395/1512/1182 2407/872/1204 2406/870/1203
f 2396/1513/1184 2408/873/1205 2407/872/1204
f 2397/1514/1186 2409/874/1206 2408/873/1205
f 2398/1515/1299 2410/875/1217 2409/874/1206
f 2411/876/1207 2410/875/1217 2398/1515/1299
f 2412/877/1208 2411/876/1207 2399/1516/1301
f 2413/878/1209 2412/877/1208 2400/1517/1192
f 2414/879/1210 2413/878/1209 2401/1518/1194
f 2415/881/1211 2414/879/1210 2402/1519/1196
f 2416/893/1200 2415/881/1211 2403/1523/1198
f 2418/1524/1212 2417/1533/1180 2405/275/1202
f 2419/1525/1213 2418/1524/1212 2406/870/1203
f 2420/1526/1214 2419/1525/1213 2407/872/1204
f 2409/874/1206 2421/1537/1303 2420/1526/1214
f 2422/1527/1216 2421/1537/1303 2409/874/1206
f 2423/1528/1218 2422/1527/1216 2410/875/1217
f 2412/877/1208 2424/1541/1219 2423/1528/1218
f 2425/1529/1220 2424/1541/1219 2412/877/1208
f 2414/879/1210 2426/1544/1221 2425/1529/1220
f 2427/1530/1222 2426/1544/1221 2414/879/1210
f 2428/1531/1201 2427/1530/1222 2415/881/1211
f 2418/1524/1212 2430/1532/1224 2429/104/1236
f 2431/1534/1225 2430/1532/1224 2418/1524/1212
f 2432/1535/1226 2431/1534/1225 2419/1525/1213
f 2433/1536/1272 2432/1535/1226 2420/1526/1214
f 2434/1538/1228 2433/1536/1272 2421/1537/1303
f 2435/1539/1229 2434/1538/1228 2422/1527/1216
f 2436/1540/1304 2435/1539/1229 2423/1528/1218
f 2437/1542/1231 2436/1540/1304 2424/1541/1219
f 2438/1543/1232 2437/1542/1231 2425/1529/1220
f 2439/1545/1233 2438/1543/1232 2426/1544/1221
f 2440/1546/1234 2439/1545/1233 2427/1530/1222
f 2442/1547/1235 2441/273/1247 2429/104/1236
f 2443/1548/1237 2442/1547/1235 2430/1532/1224
f 2444/1549/1238 2443/1548/1237 2431/1534/1225
f 2445/1550/1239 2444/1549/1238 2432/1535/1226
f 2446/1551/1240 2445/1550/1239 2433/1536/1272
f 2447/1552/1241 2446/1551/1240 2434/1538/1228
f 2448/1553/1296 2447/1552/1241 2435/1539/1229
f 2449/1554/1243 2448/1553/1296 2436/1540/1304
f 2450/1555/1244 2449/1554/1243 2437/1542/1231
f 2451/1556/1245 2450/1555/1244 2438/1543/1232
f 2452/1557/1246 2451/1556/1245 2439/1545/1233
f 2454/1558/1203 2453/1570/1202 2441/273/1247
f 2455/1559/1204 2454/1558/1203 2442/1547/1235
f 2456/1560/1205 2455/1559/1204 2443/1548/1237
f 2457/1561/1298 2456/1560/1205 2444/1549/1238
f 2458/1562/1217 2457/1561/1298 2445/1550/1239
f 2459/1563/1207 2458/1562/1217 2446/1551/1240
f 2460/1564/1208 2459/1563/1207 2447/1552/1241
f 2461/1565/1209 2460/1564/1208 2448/1553/1296
f 2462/1566/1210 2461/1565/1209 2449/1554/1243
f 2463/1567/1211 2462/1566/1210 2450/1555/1244
f 2452/1557/1246 2464/1568/1200 2463/1567/1211
f 2466/1569/1212 2465/1578/1180 2453/1570/1202
f 2467/1571/1213 2466/1569/1212 2454/1558/1203
f 2456/1560/1205 2468/1579/1214 2467/1571/1213
f 2469/1572/1215 2468/1579/1214 2456/1560/1205
f 2458/1562/1217 2470/1580/1216 2469/1572/1215
f 2471/1573/1218 2470/1580/1216 2458/1562/1217
f 2472/1574/1219 2471/1573/1218 2459/1563/1207
f 2461/1565/1209 2473/1581/1220 2472/1574/1219
f 2474/1575/1221 2473/1581/1220 2461/1565/1209
f 2475/1576/1222 2474/1575/1221 2462/1566/1210
f 2476/1577/1201 2475/1576/1222 2463/1567/1211
f 2334/1454/1181 2333/1/1180 2465/1578/1180
f 2335/1456/1183 2334/1454/1181 2466/1569/1212
f 2336/1457/1185 2335/1456/1183 2467/1571/1213
f 2337/1458/1187 2336/1457/1185 2468/1579/1214
f 2338/1459/1300 2337/1458/1187 2469/1572/1215
f 2339/1460/1302 2338/1459/1300 2470/1580/1216
f 2472/1574/1219 2340/1461/1193 2339/1460/1302
f 2473/1581/1220 2341/1462/1195 2340/1461/1193
f 2474/1575/1221 2342/1463/1197 2341/1462/1195
f 2475/1576/1222 2343/1465/1199 2342/1463/1197
f 2476/1577/1201 2344/1774/1201 2343/1465/1199
f 2490/1678/1305 2489/1689/1316 2477/7/1236
f 2491/1679/1306 2490/1678/1305 2478/288/1224
f 2492/1680/1307 2491/1679/1306 2479/290/1225
f 2493/1681/1308 2492/1680/1307 2480/292/1226
f 2494/1682/1309 2493/1681/1308 2481/294/1227
f 2495/1683/1310 2494/1682/1309 2482/296/1228
f 2484/301/1230 2496/1684/1311 2495/1683/1310
f 2485/303/1231 2497/1685/1312 2496/1684/1311
f 2486/305/1232 2498/1686/1313 2497/1685/1312
f 2487/307/1233 2499/1687/1314 2498/1686/1313
f 2488/309/1234 2500/1698/1325 2499/1687/1314
f 2502/1688/1315 2501/1700/1328 2489/1689/1316
f 2503/1690/1317 2502/1688/1315 2490/1678/1305
f 2504/1691/1318 2503/1690/1317 2491/1679/1306
f 2505/1692/1319 2504/1691/1318 2492/1680/1307
f 2506/1693/1320 2505/1692/1319 2493/1681/1308
f 2507/1694/1321 2506/1693/1320 2494/1682/1309
f 2496/1684/1311 2508/1695/1322 2507/1694/1321
f 2497/1685/1312 2509/1696/1323 2508/1695/1322
f 2498/1686/1313 2510/1697/1324 2509/1696/1323
f 2499/1687/1314 2511/1699/1326 2510/1697/1324
f 2500/1698/1325 2512/1701/1339 2511/1699/1326
f 2502/1688/1315 2514/1594/1329 2513/1592/1327
f 2503/1690/1317 2515/1595/1330 2514/1594/1329
f 2504/1691/1318 2516/1596/1331 2515/1595/1330
f 2505/1692/1319 2517/1597/1332 2516/1596/1331
f 2506/1693/1320 2518/1610/1345 2517/1597/1332
f 2519/1598/1333 2518/1610/1345 2506/1693/1320
f 2520/1599/1334 2519/1598/1333 2507/1694/1321
f 2521/1600/1335 2520/1599/1334 2508/1695/1322
f 2522/1601/1336 2521/1600/1335 2509/1696/1323
f 2523/1602/1337 2522/1601/1336 2510/1697/1324
f 2524/1603/1338 2523/1602/1337 2511/1699/1326
f 2514/1594/1329 2526/1703/1341 2525/1702/1340
f 2515/1595/1330 2527/1713/1354 2526/1703/1341
f 2528/1704/1342 2527/1713/1354 2515/1595/1330
f 2529/1705/1343 2528/1704/1342 2516/1596/1331
f 2530/1706/1344 2529/1705/1343 2517/1597/1332
f 2531/1707/1346 2530/1706/1344 2518/1610/1345
f 2532/1708/1347 2531/1707/1346 2519/1598/1333
f 2533/1709/1348 2532/1708/1347 2520/1599/1334
f 2534/1710/1349 2533/1709/1348 2521/1600/1335
f 2535/1711/1350 2534/1710/1349 2522/1601/1336
f 2536/1712/1351 2535/1711/1350 2523/1602/1337
f 2538/1501/1352 2537/101/1364 2525/1702/1340
f 2539/1502/1353 2538/1501/1352 2526/1703/1341
f 2540/1503/1355 2539/1502/1353 2527/1713/1354
f 2541/1504/1356 2540/1503/1355 2528/1704/1342
f 2542/1505/1357 2541/1504/1356 2529/1705/1343
f 2543/1506/1358 2542/1505/1357 2530/1706/1344
f 2532/1708/1347 2544/1507/1359 2543/1506/1358
f 2533/1709/1348 2545/1508/1360 2544/1507/1359
f 2534/1710/1349 2546/1509/1361 2545/1508/1360
f 2535/1711/1350 2547/1510/1362 2546/1509/1361
f 2536/1712/1351 2548/1521/1375 2547/1510/1362
f 2538/1501/1352 2550/1617/1365 2549/1629/1363
f 2539/1502/1353 2551/1619/1366 2550/1617/1365
f 2540/1503/1355 2552/1620/1367 2551/1619/1366
f 2541/1504/1356 2553/1621/1368 2552/1620/1367
f 2542/1505/1357 2554/1622/1376 2553/1621/1368
f 2555/1623/1369 2554/1622/1376 2542/1505/1357
f 2556/1624/1370 2555/1623/1369 2543/1506/1358
f 2557/1625/1371 2556/1624/1370 2544/1507/1359
f 2558/1626/1372 2557/1625/1371 2545/1508/1360
f 2559/1627/1373 2558/1626/1372 2546/1509/1361
f 2560/1628/1374 2559/1627/1373 2547/1510/1362
f 2550/1617/1365 2562/1715/1212 2561/1714/1180
f 2551/1619/1366 2563/1716/1213 2562/1715/1212
f 2552/1620/1367 2564/1717/1214 2563/1716/1213
f 2553/1621/1368 2565/1718/1303 2564/1717/1214
f 2554/1622/1376 2566/1730/1216 2565/1718/1303
f 2567/1719/1218 2566/1730/1216 2554/1622/1376
f 2568/1720/1219 2567/1719/1218 2555/1623/1369
f 2569/1721/1220 2568/1720/1219 2556/1624/1370
f 2570/1722/1221 2569/1721/1220 2557/1625/1371
f 2571/1723/1222 2570/1722/1221 2558/1626/1372
f 2572/1724/1201 2571/1723/1222 2559/1627/1373
f 2562/1715/1212 2574/1737/1224 2573/1725/1236
f 2575/1726/1225 2574/1737/1224 2562/1715/1212
f 2576/1727/1226 2575/1726/1225 2563/1716/1213
f 2577/1728/1272 2576/1727/1226 2564/1717/1214
f 2578/1729/1228 2577/1728/1272 2565/1718/1303
f 2579/1731/1229 2578/1729/1228 2566/1730/1216
f 2580/1732/1230 2579/1731/1229 2567/1719/1218
f 2581/1733/1231 2580/1732/1230 2568/1720/1219
f 2582/1734/1232 2581/1733/1231 2569/1721/1220
f 2583/1735/1233 2582/1734/1232 2570/1722/1221
f 2584/1736/1234 2583/1735/1233 2571/1723/1222
f 2586/1630/1235 2585/1641/1247 2573/1725/1236
f 2587/1631/1237 2586/1630/1235 2574/1737/1224
f 2588/1632/1238 2587/1631/1237 2575/1726/1225
f 2589/1633/1377 2588/1632/1238 2576/1727/1226
f 2590/1634/1240 2589/1633/1377 2577/1728/1272
f 2591/1635/1241 2590/1634/1240 2578/1729/1228
f 2592/1636/1296 2591/1635/1241 2579/1731/1229
f 2593/1637/1243 2592/1636/1296 2580/1732/1230
f 2594/1638/1244 2593/1637/1243 2581/1733/1231
f 2595/1639/1245 2594/1638/1244 2582/1734/1232
f 2596/1652/1246 2595/1639/1245 2583/1735/1233
f 2598/1532/1378 2597/104/1389 2585/1641/1247
f 2599/1534/1379 2598/1532/1378 2586/1630/1235
f 2600/1535/1380 2599/1534/1379 2587/1631/1237
f 2601/1536/1381 2600/1535/1380 2588/1632/1238
f 2602/1538/1382 2601/1536/1381 2589/1633/1377
f 2603/1539/1383 2602/1538/1382 2590/1634/1240
f 2592/1636/1296 2604/1540/1384 2603/1539/1383
f 2593/1637/1243 2605/1542/1385 2604/1540/1384
f 2594/1638/1244 2606/1543/1386 2605/1542/1385
f 2595/1639/1245 2607/1545/1387 2606/1543/1386
f 2596/1652/1246 2608/1546/1398 2607/1545/1387
f 2610/1738/1388 2609/1748/1401 2597/104/1389
f 2611/1739/1390 2610/1738/1388 2598/1532/1378
f 2612/1740/1391 2611/1739/1390 2599/1534/1379
f 2613/1741/1392 2612/1740/1391 2600/1535/1380
f 2614/1742/1393 2613/1741/1392 2601/1536/1381
f 2615/1743/1394 2614/1742/1393 2602/1538/1382
f 2604/1540/1384 2616/1744/1395 2615/1743/1394
f 2605/1542/1385 2617/1745/1396 2616/1744/1395
f 2606/1543/1386 2618/1746/1397 2617/1745/1396
f 2607/1545/1387 2619/1747/1399 2618/1746/1397
f 2608/1546/1398 2620/1749/1412 2619/1747/1399
f 2610/1738/1388 2622/1666/1402 2621/1653/1400
f 2611/1739/1390 2623/1654/1403 2622/1666/1402
f 2612/1740/1391 2624/1655/1404 2623/1654/1403
f 2613/1741/1392 2625/1656/1405 2624/1655/1404
f 2614/1742/1393 2626/1657/1413 2625/1656/1405
f 2627/1659/1406 2626/1657/1413 2614/1742/1393
f 2628/1660/1407 2627/1659/1406 2615/1743/1394
f 2629/1661/1408 2628/1660/1407 2616/1744/1395
f 2630/1662/1409 2629/1661/1408 2617/1745/1396
f 2631/1663/1410 2630/1662/1409 2618/1746/1397
f 2632/1664/1411 2631/1663/1410 2619/1747/1399
f 2622/1666/1402 2634/1751/1203 2633/1750/1202
f 2623/1654/1403 2635/1752/1204 2634/1751/1203
f 2624/1655/1404 2636/1753/1205 2635/1752/1204
f 2625/1656/1405 2637/1754/1298 2636/1753/1205
f 2626/1657/1413 2638/1766/1217 2637/1754/1298
f 2639/1755/1207 2638/1766/1217 2626/1657/1413
f 2640/1756/1414 2639/1755/1207 2627/1659/1406
f 2641/1757/1209 2640/1756/1414 2628/1660/1407
f 2642/1758/1210 2641/1757/1209 2629/1661/1408
f 2643/1759/1211 2642/1758/1210 2630/1662/1409
f 2644/1760/1200 2643/1759/1211 2631/1663/1410
f 2646/1761/1212 2645/1773/1180 2633/1750/1202
f 2647/1762/1213 2646/1761/1212 2634/1751/1203
f 2648/1763/1214 2647/1762/1213 2635/1752/1204
f 2649/1764/1303 2648/1763/1214 2636/1753/1205
f 2650/1765/1216 2649/1764/1303 2637/1754/1298
f 2651/1767/1218 2650/1765/1216 2638/1766/1217
f 2652/1768/1415 2651/1767/1218 2639/1755/1207
f 2653/1769/1220 2652/1768/1415 2640/1756/1414
f 2654/1770/1221 2653/1769/1220 2641/1757/1209
f 2655/1771/1222 2654/1770/1221 2642/1758/1210
f 2656/1772/1201 2655/1771/1222 2643/1759/1211
f 2478/1454/1224 2477/1/1236 2645/1773/1180
f 2479/1456/1225 2478/1454/1224 2646/1761/1212
f 2480/1457/1226 2479/1456/1225 2647/1762/1213
f 2481/1458/1227 2480/1457/1226 2648/1763/1214
f 2482/1459/1228 2481/1458/1227 2649/1764/1303
f 2483/1460/1229 2482/1459/1228 2650/1765/1216
f 2484/1461/1230 2483/1460/1229 2651/1767/1218
f 2485/1462/1231 2484/1461/1230 2652/1768/1415
f 2486/1463/1232 2485/1462/1231 2653/1769/1220
f 2487/1465/1233 2486/1463/1232 2654/1770/1221
f 2488/1774/1234 2487/1465/1233 2655/1771/1222
f 2670/1775/1416 2669/100/1438 2657/7/1417
f 2671/1776/1419 2670/1775/1416 2658/288/1418
f 2672/1777/1421 2671/1776/1419 2659/290/1420
f 2673/1778/1423 2672/1777/1421 2660/292/1422
f 2674/1779/1425 2673/1778/1423 2661/294/1424
f 2675/1780/1427 2674/1779/1425 2662/296/1426
f 2664/301/1429 2676/1781/1431 2675/1780/1427
f 2665/303/1430 2677/1782/1433 2676/1781/1431
f 2666/305/1432 2678/1783/1435 2677/1782/1433
f 2667/307/1434 2679/1784/1437 2678/1783/1435
f 2668/309/1436 2680/1795/1439 2679/1784/1437
f 2670/1775/1416 2682/1785/1212 2681/99/1180
f 2671/1776/1419 2683/1786/1213 2682/1785/1212
f 2672/1777/1421 2684/1787/1214 2683/1786/1213
f 2673/1778/1423 2685/1788/1303 2684/1787/1214
f 2674/1779/1425 2686/1796/1216 2685/1788/1303
f 2687/1789/1218 2686/1796/1216 2674/1779/1425
f 2688/1790/1219 2687/1789/1218 2675/1780/1427
f 2689/1791/1220 2688/1790/1219 2676/1781/1431
f 2690/1792/1221 2689/1791/1220 2677/1782/1433
f 2691/1793/1222 2690/1792/1221 2678/1783/1435
f 2692/1794/1201 2691/1793/1222 2679/1784/1437
f 2694/1501/1224 2693/101/1236 2681/99/1180
f 2695/1502/1225 2694/1501/1224 2682/1785/1212
f 2684/1787/1214 2696/1503/1226 2695/1502/1225
f 2697/1504/1272 2696/1503/1226 2684/1787/1214
f 2686/1796/1216 2698/1505/1228 2697/1504/1272
f 2699/1506/1229 2698/1505/1228 2686/1796/1216
f 2700/1507/1230 2699/1506/1229 2687/1789/1218
f 2689/1791/1220 2701/1508/1231 2700/1507/1230
f 2702/1509/1232 2701/1508/1231 2689/1791/1220
f 2691/1793/1222 2703/1510/1233 2702/1509/1232
f 2704/1521/1234 2703/1510/1233 2691/1793/1222
f 2706/1797/1440 2705/102/1451 2693/101/1236
f 2707/1798/1441 2706/1797/1440 2694/1501/1224
f 2708/1799/1442 2707/1798/1441 2695/1502/1225
f 2709/1800/1443 2708/1799/1442 2696/1503/1226
f 2710/1801/1444 2709/1800/1443 2697/1504/1272
f 2711/1802/1445 2710/1801/1444 2698/1505/1228
f 2700/1507/1230 2712/1803/1446 2711/1802/1445
f 2701/1508/1231 2713/1804/1447 2712/1803/1446
f 2702/1509/1232 2714/1805/1448 2713/1804/1447
f 2703/1510/1233 2715/1806/1449 2714/1805/1448
f 2704/1521/1234 2716/1817/1462 2715/1806/1449
f 2706/1797/1440 2718/1807/1452 2717/103/1450
f 2707/1798/1441 2719/1808/1453 2718/1807/1452
f 2708/1799/1442 2720/1809/1454 2719/1808/1453
f 2709/1800/1443 2721/1810/1455 2720/1809/1454
f 2710/1801/1444 2722/1818/1468 2721/1810/1455
f 2723/1811/1456 2722/1818/1468 2710/1801/1444
f 2724/1812/1457 2723/1811/1456 2711/1802/1445
f 2725/1813/1458 2724/1812/1457 2712/1803/1446
f 2726/1814/1459 2725/1813/1458 2713/1804/1447
f 2727/1815/1460 2726/1814/1459 2714/1805/1448
f 2728/1816/1461 2727/1815/1460 2715/1806/1449
f 2730/1532/1463 2729/104/1475 2717/103/1450
f 2731/1534/1464 2730/1532/1463 2718/1807/1452
f 2732/1535/1465 2731/1534/1464 2719/1808/1453
f 2733/1536/1466 2732/1535/1465 2720/1809/1454
f 2734/1538/1467 2733/1536/1466 2721/1810/1455
f 2735/1539/1469 2734/1538/1467 2722/1818/1468
f 2724/1812/1457 2736/1540/1470 2735/1539/1469
f 2725/1813/1458 2737/1542/1471 2736/1540/1470
f 2726/1814/1459 2738/1543/1472 2737/1542/1471
f 2727/1815/1460 2739/1545/1473 2738/1543/1472
f 2728/1816/1461 2740/1546/1484 2739/1545/1473
f 2742/1819/1474 2741/106/1487 2729/104/1475
f 2743/1820/1476 2742/1819/1474 2730/1532/1463
f 2744/1821/1477 2743/1820/1476 2731/1534/1464
f 2745/1822/1478 2744/1821/1477 2732/1535/1465
f 2746/1823/1479 2745/1822/1478 2733/1536/1466
f 2747/1824/1480 2746/1823/1479 2734/1538/1467
f 2736/1540/1470 2748/1825/1481 2747/1824/1480
f 2737/1542/1471 2749/1826/1482 2748/1825/1481
f 2738/1543/1472 2750/1827/1483 2749/1826/1482
f 2739/1545/1473 2751/1828/1485 2750/1827/1483
f 2740/1546/1484 2752/1839/1498 2751/1828/1485
f 2742/1819/1474 2754/1829/1488 2753/105/1486
f 2743/1820/1476 2755/1830/1489 2754/1829/1488
f 2744/1821/1477 2756/1831/1490 2755/1830/1489
f 2745/1822/1478 2757/1832/1491 2756/1831/1490
f 2746/1823/1479 2758/1840/1499 2757/1832/1491
f 2759/1833/1492 2758/1840/1499 2746/1823/1479
f 2760/1834/1493 2759/1833/1492 2747/1824/1480
f 2761/1835/1494 2760/1834/1493 2748/1825/1481
f 2762/1836/1495 2761/1835/1494 2749/1826/1482
f 2763/1837/1496 2762/1836/1495 2750/1827/1483
f 2764/1838/1497 2763/1837/1496 2751/1828/1485
f 2754/1829/1488 2658/1454/1418 2657/1/1417
f 2755/1830/1489 2659/1456/1420 2658/1454/1418
f 2756/1831/1490 2660/1457/1422 2659/1456/1420
f 2757/1832/1491 2661/1458/1424 2660/1457/1422
f 2758/1840/1499 2662/1459/1426 2661/1458/1424
f 2663/1460/1428 2662/1459/1426 2758/1840/1499
f 2664/1461/1429 2663/1460/1428 2759/1833/1492
f 2665/1462/1430 2664/1461/1429 2760/1834/1493
f 2666/1463/1432 2665/1462/1430 2761/1835/1494
f 2667/1465/1434 2666/1463/1432 2762/1836/1495
f 2668/1774/1436 2667/1465/1434 2763/1837/1496
f 2766/288/1181 2778/1841/1212 2777/276/1180
f 2767/290/1183 2779/1842/1213 2778/1841/1212
f 2768/292/1185 2780/1843/1214 2779/1842/1213
f 2769/294/1187 2781/1844/1303 2780/1843/1214
f 2770/296/1189 2782/1851/1216 2781/1844/1303
f 2783/1845/1218 2782/1851/1216 2770/296/1189
f 2784/1846/1415 2783/1845/1218 2771/299/1302
f 2785/1847/1220 2784/1846/1415 2772/301/1193
f 2786/1848/1221 2785/1847/1220 2773/303/1195
f 2787/1849/1222 2786/1848/1221 2774/305/1197
f 2788/1850/1201 2787/1849/1222 2775/307/1199
f 2790/1489/1224 2789/278/1236 2777/276/1180
f 2791/1490/1225 2790/1489/1224 2778/1841/1212
f 2792/1491/1226 2791/1490/1225 2779/1842/1213
f 2793/1492/1227 2792/1491/1226 2780/1843/1214
f 2794/1493/1228 2793/1492/1227 2781/1844/1303
f 2795/1495/1229 2794/1493/1228 2782/1851/1216
f 2796/1496/1230 2795/1495/1229 2783/1845/1218
f 2797/1497/1231 2796/1496/1230 2784/1846/1415
f 2798/1498/1232 2797/1497/1231 2785/1847/1220
f 2799/1499/1233 2798/1498/1232 2786/1848/1221
f 2800/1500/1234 2799/1499/1233 2787/1849/1222
f 2802/1852/1500 2801/279/1236 2789/278/1236
f 2803/1853/1501 2802/1852/1500 2790/1489/1224
f 2804/1854/1502 2803/1853/1501 2791/1490/1225
f 2805/1855/1503 2804/1854/1502 2792/1491/1226
f 2806/1856/1504 2805/1855/1503 2793/1492/1227
f 2807/1857/1505 2806/1856/1504 2794/1493/1228
f 2796/1496/1230 2808/1858/1506 2807/1857/1505
f 2797/1497/1231 2809/1859/1507 2808/1858/1506
f 2798/1498/1232 2810/1860/1508 2809/1859/1507
f 2799/1499/1233 2811/1861/1509 2810/1860/1508
f 2800/1500/1234 2812/1862/1234 2811/1861/1509
f 2802/1852/1500 2814/870/1224 2813/275/1236
f 2803/1853/1501 2815/872/1225 2814/870/1224
f 2804/1854/1502 2816/873/1226 2815/872/1225
f 2805/1855/1503 2817/874/1227 2816/873/1226
f 2806/1856/1504 2818/875/1228 2817/874/1227
f 2819/876/1229 2818/875/1228 2806/1856/1504
f 2820/877/1304 2819/876/1229 2807/1857/1505
f 2821/878/1231 2820/877/1304 2808/1858/1506
f 2822/879/1232 2821/878/1231 2809/1859/1507
f 2823/881/1233 2822/879/1232 2810/1860/1508
f 2824/893/1234 2823/881/1233 2811/1861/1509
f 2826/1863/1235 2825/274/1247 2813/275/1236
f 2827/1864/1237 2826/1863/1235 2814/870/1224
f 2828/1865/1238 2827/1864/1237 2815/872/1225
f 2817/874/1227 2829/1871/1377 2828/1865/1238
f 2830/1866/1240 2829/1871/1377 2817/874/1227
f 2831/1867/1241 2830/1866/1240 2818/875/1228
f 2820/877/1304 2832/1872/1296 2831/1867/1241
f 2833/1868/1243 2832/1872/1296 2820/877/1304
f 2822/879/1232 2834/1873/1244 2833/1868/1243
f 2835/1869/1245 2834/1873/1244 2822/879/1232
f 2836/1870/1246 2835/1869/1245 2823/881/1233
f 2838/1547/1203 2837/273/1202 2825/274/1247
f 2839/1548/1204 2838/1547/1203 2826/1863/1235
f 2828/1865/1238 2840/1549/1205 2839/1548/1204
f 2841/1550/1298 2840/1549/1205 2828/1865/1238
f 2842/1551/1217 2841/1550/1298 2829/1871/1377
f 2843/1552/1207 2842/1551/1217 2830/1866/1240
f 2844/1553/1414 2843/1552/1207 2831/1867/1241
f 2845/1554/1209 2844/1553/1414 2832/1872/1296
f 2846/1555/1210 2845/1554/1209 2833/1868/1243
f 2835/1869/1245 2847/1556/1211 2846/1555/1210
f 2848/1557/1200 2847/1556/1211 2835/1869/1245
f 2850/1874/1212 2849/277/1180 2837/273/1202
f 2851/1875/1213 2850/1874/1212 2838/1547/1203
f 2840/1549/1205 2852/1882/1214 2851/1875/1213
f 2853/1876/1303 2852/1882/1214 2840/1549/1205
f 2842/1551/1217 2854/1883/1216 2853/1876/1303
f 2855/1877/1218 2854/1883/1216 2842/1551/1217
f 2856/1878/1415 2855/1877/1218 2843/1552/1207
f 2845/1554/1209 2857/1884/1220 2856/1878/1415
f 2858/1879/1221 2857/1884/1220 2845/1554/1209
f 2859/1880/1222 2858/1879/1221 2846/1555/1210
f 2860/1881/1201 2859/1880/1222 2847/1556/1211
f 2766/1454/1181 2765/1/1180 2849/277/1180
f 2767/1456/1183 2766/1454/1181 2850/1874/1212
f 2768/1457/1185 2767/1456/1183 2851/1875/1213
f 2769/1458/1187 2768/1457/1185 2852/1882/1214
f 2770/1459/1189 2769/1458/1187 2853/1876/1303
f 2771/1460/1302 2770/1459/1189 2854/1883/1216
f 2856/1878/1415 2772/1461/1193 2771/1460/1302
f 2857/1884/1220 2773/1462/1195 2772/1461/1193
f 2858/1879/1221 2774/1463/1197 2773/1462/1195
f 2859/1880/1222 2775/1465/1199 2774/1463/1197
f 2860/1881/1201 2776/1774/1201 2775/1465/1199
f 2862/288/1510 2874/1886/1514 2873/1885/1511
f 2863/290/1513 2875/1887/1516 2874/1886/1514
f 2864/292/1515 2876/1888/1518 2875/1887/1516
f 2865/294/1517 2877/1889/1520 2876/1888/1518
f 2866/296/1519 2878/1900/1537 2877/1889/1520
f 2879/1890/1521 2878/1900/1537 2866/296/1519
f 2880/1891/1523 2879/1890/1521 2867/299/1522
f 2881/1892/1525 2880/1891/1523 2868/301/1524
f 2882/1893/1527 2881/1892/1525 2869/303/1526
f 2883/1894/1529 2882/1893/1527 2870/305/1528
f 2884/1895/1531 2883/1894/1529 2871/307/1530
f 2874/1886/1514 2886/1897/1534 2885/1896/1533
f 2875/1887/1516 2887/1898/1535 2886/1897/1534
f 2876/1888/1518 2888/1899/1536 2887/1898/1535
f 2877/1889/1520 2889/1901/1538 2888/1899/1536
f 2878/1900/1537 2890/1912/1549 2889/1901/1538
f 2891/1902/1539 2890/1912/1549 2878/1900/1537
f 2892/1903/1540 2891/1902/1539 2879/1890/1521
f 2893/1904/1541 2892/1903/1540 2880/1891/1523
f 2894/1905/1542 2893/1904/1541 2881/1892/1525
f 2895/1906/1543 2894/1905/1542 2882/1893/1527
f 2896/1907/1544 2895/1906/1543 2883/1894/1529
f 2886/1897/1534 2898/1909/1546 2897/1908/1545
f 2887/1898/1535 2899/1910/1547 2898/1909/1546
f 2888/1899/1536 2900/1911/1548 2899/1910/1547
f 2889/1901/1538 2901/1913/1550 2900/1911/1548
f 2890/1912/1549 2902/1924/1561 2901/1913/1550
f 2903/1914/1551 2902/1924/1561 2890/1912/1549
f 2904/1915/1552 2903/1914/1551 2891/1902/1539
f 2905/1916/1553 2904/1915/1552 2892/1903/1540
f 2906/1917/1554 2905/1916/1553 2893/1904/1541
f 2907/1918/1555 2906/1917/1554 2894/1905/1542
f 2908/1919/1556 2907/1918/1555 2895/1906/1543
f 2898/1909/1546 2910/1921/1558 2909/1920/1557
f 2899/1910/1547 2911/1922/1559 2910/1921/1558
f 2900/1911/1548 2912/1923/1560 2911/1922/1559
f 2901/1913/1550 2913/1925/1562 2912/1923/1560
f 2902/1924/1561 2914/1936/1573 2913/1925/1562
f 2915/1926/1563 2914/1936/1573 2902/1924/1561
f 2916/1927/1564 2915/1926/1563 2903/1914/1551
f 2917/1928/1565 2916/1927/1564 2904/1915/1552
f 2918/1929/1566 2917/1928/1565 2905/1916/1553
f 2919/1930/1567 2918/1929/1566 2906/1917/1554
f 2920/1931/1568 2919/1930/1567 2907/1918/1555
f 2910/1921/1558 2922/1933/1570 2921/1932/1569
f 2911/1922/1559 2923/1934/1571 2922/1933/1570
f 2912/1923/1560 2924/1935/1572 2923/1934/1571
f 2913/1925/1562 2925/1937/1574 2924/1935/1572
f 2914/1936/1573 2926/1949/1586 2925/1937/1574
f 2927/1938/1575 2926/1949/1586 2914/1936/1573
f 2928/1939/1576 2927/1938/1575 2915/1926/1563
f 2929/1940/1577 2928/1939/1576 2916/1927/1564
f 2930/1941/1578 2929/1940/1577 2917/1928/1565
f 2931/1942/1579 2930/1941/1578 2918/1929/1566
f 2932/1943/1580 2931/1942/1579 2919/1930/1567
f 2934/1944/1581 2933/1956/1593 2921/1932/1569
f 2935/1945/1582 2934/1944/1581 2922/1933/1570
f 2936/1946/1583 2935/1945/1582 2923/1934/1571
f 2937/1947/1584 2936/1946/1583 2924/1935/1572
f 2938/1948/1585 2937/1947/1584 2925/1937/1574
f 2939/1950/1587 2938/1948/1585 2926/1949/1586
f 2928/1939/1576 2940/1951/1588 2939/1950/1587
f 2929/1940/1577 2941/1952/1589 2940/1951/1588
f 2930/1941/1578 2942/1953/1590 2941/1952/1589
f 2931/1942/1579 2943/1954/1591 2942/1953/1590
f 2932/1943/1580 2944/1965/1602 2943/1954/1591
f 2946/1955/1592 2945/1968/1605 2933/1956/1593
f 2947/1957/1594 2946/1955/1592 2934/1944/1581
f 2948/1958/1595 2947/1957/1594 2935/1945/1582
f 2949/1959/1596 2948/1958/1595 2936/1946/1583
f 2950/1960/1597 2949/1959/1596 2937/1947/1584
f 2951/1961/1598 2950/1960/1597 2938/1948/1585
f 2940/1951/1588 2952/1962/1599 2951/1961/1598
f 2941/1952/1589 2953/1963/1600 2952/1962/1599
f 2942/1953/1590 2954/1964/1601 2953/1963/1600
f 2943/1954/1591 2955/1966/1603 2954/1964/1601
f 2944/1965/1602 2956/1977/1614 2955/1966/1603
f 2958/1967/1604 2957/1980/1617 2945/1968/1605
f 2959/1969/1606 2958/1967/1604 2946/1955/1592
f 2960/1970/1607 2959/1969/1606 2947/1957/1594
f 2961/1971/1608 2960/1970/1607 2948/1958/1595
f 2962/1972/1609 2961/1971/1608 2949/1959/1596
f 2963/1973/1610 2962/1972/1609 2950/1960/1597
f 2952/1962/1599 2964/1974/1611 2963/1973/1610
f 2953/1963/1600 2965/1975/1612 2964/1974/1611
f 2954/1964/1601 2966/1976/1613 2965/1975/1612
f 2955/1966/1603 2967/1978/1615 2966/1976/1613
f 2956/1977/1614 2968/1989/1626 2967/1978/1615
f 2970/1979/1616 2969/1992/1629 2957/1980/1617
f 2971/1981/1618 2970/1979/1616 2958/1967/1604
f 2972/1982/1619 2971/1981/1618 2959/1969/1606
f 2973/1983/1620 2972/1982/1619 2960/1970/1607
f 2974/1984/1621 2973/1983/1620 2961/1971/1608
f 2975/1985/1622 2974/1984/1621 2962/1972/1609
f 2964/1974/1611 2976/1986/1623 2975/1985/1622
f 2965/1975/1612 2977/1987/1624 2976/1986/1623
f 2966/1976/1613 2978/1988/1625 2977/1987/1624
f 2967/1978/1615 2979/1990/1627 2978/1988/1625
f 2968/1989/1626 2980/2001/1638 2979/1990/1627
f 2982/1991/1628 2981/2004/1641 2969/1992/1629
f 2983/1993/1630 2982/1991/1628 2970/1979/1616
f 2984/1994/1631 2983/1993/1630 2971/1981/1618
f 2985/1995/1632 2984/1994/1631 2972/1982/1619
f 2986/1996/1633 2985/1995/1632 2973/1983/1620
f 2987/1997/1634 2986/1996/1633 2974/1984/1621
f 2976/1986/1623 2988/1998/1635 2987/1997/1634
f 2977/1987/1624 2989/1999/1636 2988/1998/1635
f 2978/1988/1625 2990/2000/1637 2989/1999/1636
f 2979/1990/1627 2991/2002/1639 2990/2000/1637
f 2980/2001/1638 2992/2013/1650 2991/2002/1639
f 2994/2003/1640 2993/2016/1653 2981/2004/1641
f 2995/2005/1642 2994/2003/1640 2982/1991/1628
f 2996/2006/1643 2995/2005/1642 2983/1993/1630
f 2997/2007/1644 2996/2006/1643 2984/1994/1631
f 2998/2008/1645 2997/2007/1644 2985/1995/1632
f 2999/2009/1646 2998/2008/1645 2986/1996/1633
f 2988/1998/1635 3000/2010/1647 2999/2009/1646
f 2989/1999/1636 3001/2011/1648 3000/2010/1647
f 2990/2000/1637 3002/2012/1649 3001/2011/1648
f 2991/2002/1639 3003/2014/1651 3002/2012/1649
f 2992/2013/1650 3004/2027/1664 3003/2014/1651
f 2994/2003/1640 3006/2017/1654 3005/2015/1652
f 2995/2005/1642 3007/2018/1655 3006/2017/1654
f 2996/2006/1643 3008/2019/1656 3007/2018/1655
f 2997/2007/1644 3009/2020/1657 3008/2019/1656
f 2998/2008/1645 3010/2028/1669 3009/2020/1657
f 3011/2021/1658 3010/2028/1669 2998/2008/1645
f 3012/2022/1659 3011/2021/1658 2999/2009/1646
f 3013/2023/1660 3012/2022/1659 3000/2010/1647
f 3014/2024/1661 3013/2023/1660 3001/2011/1648
f 3015/2025/1662 3014/2024/1661 3002/2012/1649
f 3016/2026/1663 3015/2025/1662 3003/2014/1651
f 3006/2017/1654 3018/1479/1666 3017/1477/1665
f 3007/2018/1655 3019/1480/1667 3018/1479/1666
f 3008/2019/1656 3020/1481/1668 3019/1480/1667
f 3009/2020/1657 3021/1482/1670 3020/1481/1668
f 3010/2028/1669 3022/1494/1681 3021/1482/1670
f 3023/1483/1671 3022/1494/1681 3010/2028/1669
f 3024/1484/1672 3023/1483/1671 3011/2021/1658
f 3025/1485/1673 3024/1484/1672 3012/2022/1659
f 3026/1486/1674 3025/1485/1673 3013/2023/1660
f 3027/1487/1675 3026/1486/1674 3014/2024/1661
f 3028/1488/1676 3027/1487/1675 3015/2025/1662
f 3018/1479/1666 3030/2030/1678 3029/2029/1677
f 3019/1480/1667 3031/2031/1679 3030/2030/1678
f 3020/1481/1668 3032/2032/1680 3031/2031/1679
f 3021/1482/1670 3033/2033/1682 3032/2032/1680
f 3022/1494/1681 3034/2044/1693 3033/2033/1682
f 3035/2034/1683 3034/2044/1693 3022/1494/1681
f 3036/2035/1684 3035/2034/1683 3023/1483/1671
f 3037/2036/1685 3036/2035/1684 3024/1484/1672
f 3038/2037/1686 3037/2036/1685 3025/1485/1673
f 3039/2038/1687 3038/2037/1686 3026/1486/1674
f 3040/2039/1688 3039/2038/1687 3027/1487/1675
f 3030/2030/1678 3042/2041/1690 3041/2040/1689
f 3031/2031/1679 3043/2042/1691 3042/2041/1690
f 3032/2032/1680 3044/2043/1692 3043/2042/1691
f 3033/2033/1682 3045/2045/1694 3044/2043/1692
f 3034/2044/1693 3046/2056/1705 3045/2045/1694
f 3047/2046/1695 3046/2056/1705 3034/2044/1693
f 3048/2047/1696 3047/2046/1695 3035/2034/1683
f 3049/2048/1697 3048/2047/1696 3036/2035/1684
f 3050/2049/1698 3049/2048/1697 3037/2036/1685
f 3051/2050/1699 3050/2049/1698 3038/2037/1686
f 3052/2051/1700 3051/2050/1699 3039/2038/1687
f 3042/2041/1690 3054/2053/1702 3053/2052/1701
f 3043/2042/1691 3055/2054/1703 3054/2053/1702
f 3044/2043/1692 3056/2055/1704 3055/2054/1703
f 3045/2045/1694 3057/2057/1706 3056/2055/1704
f 3046/2056/1705 3058/2068/1717 3057/2057/1706
f 3059/2058/1707 3058/2068/1717 3046/2056/1705
f 3060/2059/1708 3059/2058/1707 3047/2046/1695
f 3061/2060/1709 3060/2059/1708 3048/2047/1696
f 3062/2061/1710 3061/2060/1709 3049/2048/1697
f 3063/2062/1711 3062/2061/1710 3050/2049/1698
f 3064/2063/1712 3063/2062/1711 3051/2050/1699
f 3054/2053/1702 3066/2065/1714 3065/2064/1713
f 3055/2054/1703 3067/2066/1715 3066/2065/1714
f 3056/2055/1704 3068/2067/1716 3067/2066/1715
f 3057/2057/1706 3069/2069/1718 3068/2067/1716
f 3058/2068/1717 3070/2080/1729 3069/2069/1718
f 3071/2070/1719 3070/2080/1729 3058/2068/1717
f 3072/2071/1720 3071/2070/1719 3059/2058/1707
f 3073/2072/1721 3072/2071/1720 3060/2059/1708
f 3074/2073/1722 3073/2072/1721 3061/2060/1709
f 3075/2074/1723 3074/2073/1722 3062/2061/1710
f 3076/2075/1724 3075/2074/1723 3063/2062/1711
f 3066/2065/1714 3078/2077/1726 3077/2076/1725
f 3067/2066/1715 3079/2078/1727 3078/2077/1726
f 3068/2067/1716 3080/2079/1728 3079/2078/1727
f 3069/2069/1718 3081/2081/1730 3080/2079/1728
f 3070/2080/1729 3082/2092/1741 3081/2081/1730
f 3083/2082/1731 3082/2092/1741 3070/2080/1729
f 3084/2083/1732 3083/2082/1731 3071/2070/1719
f 3085/2084/1733 3084/2083/1732 3072/2071/1720
f 3086/2085/1734 3085/2084/1733 3073/2072/1721
f 3087/2086/1735 3086/2085/1734 3074/2073/1722
f 3088/2087/1736 3087/2086/1735 3075/2074/1723
f 3078/2077/1726 3090/2089/1738 3089/2088/1737
f 3079/2078/1727 3091/2090/1739 3090/2089/1738
f 3080/2079/1728 3092/2091/1740 3091/2090/1739
f 3081/2081/1730 3093/2093/1742 3092/2091/1740
f 3082/2092/1741 3094/2105/1754 3093/2093/1742
f 3095/2094/1743 3094/2105/1754 3082/2092/1741
f 3096/2095/1744 3095/2094/1743 3083/2082/1731
f 3097/2096/1745 3096/2095/1744 3084/2083/1732
f 3098/2097/1746 3097/2096/1745 3085/2084/1733
f 3099/2098/1747 3098/2097/1746 3086/2085/1734
f 3100/2099/1748 3099/2098/1747 3087/2086/1735
f 3102/2100/1749 3101/2112/1761 3089/2088/1737
f 3103/2101/1750 3102/2100/1749 3090/2089/1738
f 3104/2102/1751 3103/2101/1750 3091/2090/1739
f 3105/2103/1752 3104/2102/1751 3092/2091/1740
f 3106/2104/1753 3105/2103/1752 3093/2093/1742
f 3107/2106/1755 3106/2104/1753 3094/2105/1754
f 3096/2095/1744 3108/2107/1756 3107/2106/1755
f 3097/2096/1745 3109/2108/1757 3108/2107/1756
f 3098/2097/1746 3110/2109/1758 3109/2108/1757
f 3099/2098/1747 3111/2110/1759 3110/2109/1758
f 3100/2099/1748 3112/2121/1770 3111/2110/1759
f 3114/2111/1760 3113/2124/1773 3101/2112/1761
f 3115/2113/1762 3114/2111/1760 3102/2100/1749
f 3116/2114/1763 3115/2113/1762 3103/2101/1750
f 3117/2115/1764 3116/2114/1763 3104/2102/1751
f 3118/2116/1765 3117/2115/1764 3105/2103/1752
f 3119/2117/1766 3118/2116/1765 3106/2104/1753
f 3108/2107/1756 3120/2118/1767 3119/2117/1766
f 3109/2108/1757 3121/2119/1768 3120/2118/1767
f 3110/2109/1758 3122/2120/1769 3121/2119/1768
f 3111/2110/1759 3123/2122/1771 3122/2120/1769
f 3112/2121/1770 3124/2133/1782 3123/2122/1771
f 3126/2123/1772 3125/2136/1785 3113/2124/1773
f 3127/2125/1774 3126/2123/1772 3114/2111/1760
f 3128/2126/1775 3127/2125/1774 3115/2113/1762
f 3129/2127/1776 3128/2126/1775 3116/2114/1763
f 3130/2128/1777 3129/2127/1776 3117/2115/1764
f 3131/2129/1778 3130/2128/1777 3118/2116/1765
f 3120/2118/1767 3132/2130/1779 3131/2129/1778
f 3121/2119/1768 3133/2131/1780 3132/2130/1779
f 3122/2120/1769 3134/2132/1781 3133/2131/1780
f 3123/2122/1771 3135/2134/1783 3134/2132/1781
f 3124/2133/1782 3136/2145/1794 3135/2134/1783
f 3138/2135/1784 3137/2148/1796 3125/2136/1785
f 3139/2137/1786 3138/2135/1784 3126/2123/1772
f 3140/2138/1787 3139/2137/1786 3127/2125/1774
f 3141/2139/1788 3140/2138/1787 3128/2126/1775
f 3142/2140/1789 3141/2139/1788 3129/2127/1776
f 3143/2141/1790 3142/2140/1789 3130/2128/1777
f 3132/2130/1779 3144/2142/1791 3143/2141/1790
f 3133/2131/1780 3145/2143/1792 3144/2142/1791
f 3134/2132/1781 3146/2144/1793 3145/2143/1792
f 3135/2134/1783 3147/2146/1795 3146/2144/1793
f 3136/2145/1794 3148/2159/1797 3147/2146/1795
f 3138/2135/1784 3150/2149/1235 3149/2147/1247
f 3139/2137/1786 3151/2150/1237 3150/2149/1235
f 3140/2138/1787 3152/2151/1238 3151/2150/1237
f 3141/2139/1788 3153/2152/1377 3152/2151/1238
f 3142/2140/1789 3154/2164/1240 3153/2152/1377
f 3155/2153/1241 3154/2164/1240 3142/2140/1789
f 3156/2154/1296 3155/2153/1241 3143/2141/1790
f 3157/2155/1243 3156/2154/1296 3144/2142/1791
f 3158/2156/1244 3157/2155/1243 3145/2143/1792
f 3159/2157/1245 3158/2156/1244 3146/2144/1793
f 3160/2158/1246 3159/2157/1245 3147/2146/1795
f 3162/2160/1203 3161/2171/1202 3149/2147/1247
f 3151/2150/1237 3163/2172/1204 3162/2160/1203
f 3164/2161/1205 3163/2172/1204 3151/2150/1237
f 3165/2162/1298 3164/2161/1205 3152/2151/1238
f 3166/2163/1217 3165/2162/1298 3153/2152/1377
f 3167/2165/1207 3166/2163/1217 3154/2164/1240
f 3168/2166/1414 3167/2165/1207 3155/2153/1241
f 3169/2167/1209 3168/2166/1414 3156/2154/1296
f 3170/2168/1210 3169/2167/1209 3157/2155/1243
f 3171/2169/1211 3170/2168/1210 3158/2156/1244
f 3172/2170/1200 3171/2169/1211 3159/2157/1245
f 3174/1501/1798 3173/101/1809 3161/2171/1202
f 3175/1502/1799 3174/1501/1798 3162/2160/1203
f 3176/1503/1800 3175/1502/1799 3163/2172/1204
f 3177/1504/1801 3176/1503/1800 3164/2161/1205
f 3178/1505/1802 3177/1504/1801 3165/2162/1298
f 3179/1506/1803 3178/1505/1802 3166/2163/1217
f 3168/2166/1414 3180/1507/1804 3179/1506/1803
f 3169/2167/1209 3181/1508/1805 3180/1507/1804
f 3170/2168/1210 3182/1509/1806 3181/1508/1805
f 3171/2169/1211 3183/1510/1807 3182/1509/1806
f 3172/2170/1200 3184/1521/1818 3183/1510/1807
f 3186/2173/1808 3185/2184/1821 3173/101/1809
f 3187/2174/1810 3186/2173/1808 3174/1501/1798
f 3188/2175/1811 3187/2174/1810 3175/1502/1799
f 3189/2176/1812 3188/2175/1811 3176/1503/1800
f 3190/2177/1813 3189/2176/1812 3177/1504/1801
f 3191/2178/1814 3190/2177/1813 3178/1505/1802
f 3180/1507/1804 3192/2179/1815 3191/2178/1814
f 3181/1508/1805 3193/2180/1816 3192/2179/1815
f 3182/1509/1806 3194/2181/1817 3193/2180/1816
f 3183/1510/1807 3195/2182/1819 3194/2181/1817
f 3184/1521/1818 3196/2193/1830 3195/2182/1819
f 3198/2183/1820 3197/2196/1833 3185/2184/1821
f 3199/2185/1822 3198/2183/1820 3186/2173/1808
f 3200/2186/1823 3199/2185/1822 3187/2174/1810
f 3201/2187/1824 3200/2186/1823 3188/2175/1811
f 3202/2188/1825 3201/2187/1824 3189/2176/1812
f 3203/2189/1826 3202/2188/1825 3190/2177/1813
f 3192/2179/1815 3204/2190/1827 3203/2189/1826
f 3193/2180/1816 3205/2191/1828 3204/2190/1827
f 3194/2181/1817 3206/2192/1829 3205/2191/1828
f 3195/2182/1819 3207/2194/1831 3206/2192/1829
f 3196/2193/1830 3208/2205/1842 3207/2194/1831
f 3210/2195/1832 3209/2208/1845 3197/2196/1833
f 3211/2197/1834 3210/2195/1832 3198/2183/1820
f 3212/2198/1835 3211/2197/1834 3199/2185/1822
f 3213/2199/1836 3212/2198/1835 3200/2186/1823
f 3214/2200/1837 3213/2199/1836 3201/2187/1824
f 3215/2201/1838 3214/2200/1837 3202/2188/1825
f 3204/2190/1827 3216/2202/1839 3215/2201/1838
f 3205/2191/1828 3217/2203/1840 3216/2202/1839
f 3206/2192/1829 3218/2204/1841 3217/2203/1840
f 3207/2194/1831 3219/2206/1843 3218/2204/1841
f 3208/2205/1842 3220/2217/1854 3219/2206/1843
f 3222/2207/1844 3221/2220/1857 3209/2208/1845
f 3223/2209/1846 3222/2207/1844 3210/2195/1832
f 3224/2210/1847 3223/2209/1846 3211/2197/1834
f 3225/2211/1848 3224/2210/1847 3212/2198/1835
f 3226/2212/1849 3225/2211/1848 3213/2199/1836
f 3227/2213/1850 3226/2212/1849 3214/2200/1837
f 3216/2202/1839 3228/2214/1851 3227/2213/1850
f 3217/2203/1840 3229/2215/1852 3228/2214/1851
f 3218/2204/1841 3230/2216/1853 3229/2215/1852
f 3219/2206/1843 3231/2218/1855 3230/2216/1853
f 3220/2217/1854 3232/2229/1866 3231/2218/1855
f 3234/2219/1856 3233/2232/1869 3221/2220/1857
f 3235/2221/1858 3234/2219/1856 3222/2207/1844
f 3236/2222/1859 3235/2221/1858 3223/2209/1846
f 3237/2223/1860 3236/2222/1859 3224/2210/1847
f 3238/2224/1861 3237/2223/1860 3225/2211/1848
f 3239/2225/1862 3238/2224/1861 3226/2212/1849
f 3228/2214/1851 3240/2226/1863 3239/2225/1862
f 3229/2215/1852 3241/2227/1864 3240/2226/1863
f 3230/2216/1853 3242/2228/1865 3241/2227/1864
f 3231/2218/1855 3243/2230/1867 3242/2228/1865
f 3232/2229/1866 3244/2241/1878 3243/2230/1867
f 3246/2231/1868 3245/2244/1881 3233/2232/1869
f 3247/2233/1870 3246/2231/1868 3234/2219/1856
f 3248/2234/1871 3247/2233/1870 3235/2221/1858
f 3249/2235/1872 3248/2234/1871 3236/2222/1859
f 3250/2236/1873 3249/2235/1872 3237/2223/1860
f 3251/2237/1874 3250/2236/1873 3238/2224/1861
f 3240/2226/1863 3252/2238/1875 3251/2237/1874
f 3241/2227/1864 3253/2239/1876 3252/2238/1875
f 3242/2228/1865 3254/2240/1877 3253/2239/1876
f 3243/2230/1867 3255/2242/1879 3254/2240/1877
f 3244/2241/1878 3256/2253/1890 3255/2242/1879
f 3258/2243/1880 3257/2256/1893 3245/2244/1881
f 3259/2245/1882 3258/2243/1880 3246/2231/1868
f 3260/2246/1883 3259/2245/1882 3247/2233/1870
f 3261/2247/1884 3260/2246/1883 3248/2234/1871
f 3262/2248/1885 3261/2247/1884 3249/2235/1872
f 3263/2249/1886 3262/2248/1885 3250/2236/1873
f 3252/2238/1875 3264/2250/1887 3263/2249/1886
f 3253/2239/1876 3265/2251/1888 3264/2250/1887
f 3254/2240/1877 3266/2252/1889 3265/2251/1888
f 3255/2242/1879 3267/2254/1891 3266/2252/1889
f 3256/2253/1890 3268/2265/1902 3267/2254/1891
f 3270/2255/1892 3269/2268/1905 3257/2256/1893
f 3271/2257/1894 3270/2255/1892 3258/2243/1880
f 3272/2258/1895 3271/2257/1894 3259/2245/1882
f 3273/2259/1896 3272/2258/1895 3260/2246/1883
f 3274/2260/1897 3273/2259/1896 3261/2247/1884
f 3275/2261/1898 3274/2260/1897 3262/2248/1885
f 3264/2250/1887 3276/2262/1899 3275/2261/1898
f 3265/2251/1888 3277/2263/1900 3276/2262/1899
f 3266/2252/1889 3278/2264/1901 3277/2263/1900
f 3267/2254/1891 3279/2266/1903 3278/2264/1901
f 3268/2265/1902 3280/2279/1916 3279/2266/1903
f 3270/2255/1892 3282/2269/1906 3281/2267/1904
f 3271/2257/1894 3283/2270/1907 3282/2269/1906
f 3272/2258/1895 3284/2271/1908 3283/2270/1907
f 3273/2259/1896 3285/2272/1909 3284/2271/1908
f 3274/2260/1897 3286/2284/1921 3285/2272/1909
f 3287/2273/1910 3286/2284/1921 3274/2260/1897
f 3288/2274/1911 3287/2273/1910 3275/2261/1898
f 3289/2275/1912 3288/2274/1911 3276/2262/1899
f 3290/2276/1913 3289/2275/1912 3277/2263/1900
f 3291/2277/1914 3290/2276/1913 3278/2264/1901
f 3292/2278/1915 3291/2277/1914 3279/2266/1903
f 3282/2269/1906 3294/2281/1918 3293/2280/1917
f 3283/2270/1907 3295/2282/1919 3294/2281/1918
f 3284/2271/1908 3296/2283/1920 3295/2282/1919
f 3285/2272/1909 3297/2285/1922 3296/2283/1920
f 3286/2284/1921 3298/2296/1933 3297/2285/1922
f 3299/2286/1923 3298/2296/1933 3286/2284/1921
f 3300/2287/1924 3299/2286/1923 3287/2273/1910
f 3301/2288/1925 3300/2287/1924 3288/2274/1911
f 3302/2289/1926 3301/2288/1925 3289/2275/1912
f 3303/2290/1927 3302/2289/1926 3290/2276/1913
f 3304/2291/1928 3303/2290/1927 3291/2277/1914
f 3294/2281/1918 3306/2293/1930 3305/2292/1929
f 3295/2282/1919 3307/2294/1931 3306/2293/1930
f 3296/2283/1920 3308/2295/1932 3307/2294/1931
f 3297/2285/1922 3309/2297/1934 3308/2295/1932
f 3298/2296/1933 3310/2308/1945 3309/2297/1934
f 3311/2298/1935 3310/2308/1945 3298/2296/1933
f 3312/2299/1936 3311/2298/1935 3299/2286/1923
f 3313/2300/1937 3312/2299/1936 3300/2287/1924
f 3314/2301/1938 3313/2300/1937 3301/2288/1925
f 3315/2302/1939 3314/2301/1938 3302/2289/1926
f 3316/2303/1940 3315/2302/1939 3303/2290/1927
f 3306/2293/1930 3318/2305/1942 3317/2304/1941
f 3307/2294/1931 3319/2306/1943 3318/2305/1942
f 3308/2295/1932 3320/2307/1944 3319/2306/1943
f 3309/2297/1934 3321/2309/1946 3320/2307/1944
f 3310/2308/1945 3322/2316/1958 3321/2309/1946
f 3323/2310/1947 3322/2316/1958 3310/2308/1945
f 3324/2311/1948 3323/2310/1947 3311/2298/1935
f 3325/2312/1949 3324/2311/1948 3312/2299/1936
f 3326/2313/1950 3325/2312/1949 3313/2300/1937
f 3327/2314/1951 3326/2313/1950 3314/2301/1938
f 3328/2315/1952 3327/2314/1951 3315/2302/1939
f 3330/870/1953 3329/275/1965 3317/2304/1941
f 3331/872/1954 3330/870/1953 3318/2305/1942
f 3332/873/1955 3331/872/1954 3319/2306/1943
f 3333/874/1956 3332/873/1955 3320/2307/1944
f 3334/875/1957 3333/874/1956 3321/2309/1946
f 3335/876/1959 3334/875/1957 3322/2316/1958
f 3324/2311/1948 3336/877/1960 3335/876/1959
f 3325/2312/1949 3337/878/1961 3336/877/1960
f 3326/2313/1950 3338/879/1962 3337/878/1961
f 3327/2314/1951 3339/881/1963 3338/879/1962
f 3328/2315/1952 3340/893/1974 3339/881/1963
f 3342/2317/1964 3341/2328/1977 3329/275/1965
f 3343/2318/1966 3342/2317/1964 3330/870/1953
f 3344/2319/1967 3343/2318/1966 3331/872/1954
f 3345/2320/1968 3344/2319/1967 3332/873/1955
f 3346/2321/1969 3345/2320/1968 3333/874/1956
f 3347/2322/1970 3346/2321/1969 3334/875/1957
f 3336/877/1960 3348/2323/1971 3347/2322/1970
f 3337/878/1961 3349/2324/1972 3348/2323/1971
f 3338/879/1962 3350/2325/1973 3349/2324/1972
f 3339/881/1963 3351/2326/1975 3350/2325/1973
f 3340/893/1974 3352/2337/1986 3351/2326/1975
f 3354/2327/1976 3353/2340/1989 3341/2328/1977
f 3355/2329/1978 3354/2327/1976 3342/2317/1964
f 3356/2330/1979 3355/2329/1978 3343/2318/1966
f 3357/2331/1980 3356/2330/1979 3344/2319/1967
f 3358/2332/1981 3357/2331/1980 3345/2320/1968
f 3359/2333/1982 3358/2332/1981 3346/2321/1969
f 3348/2323/1971 3360/2334/1983 3359/2333/1982
f 3349/2324/1972 3361/2335/1984 3360/2334/1983
f 3350/2325/1973 3362/2336/1985 3361/2335/1984
f 3351/2326/1975 3363/2338/1987 3362/2336/1985
f 3352/2337/1986 3364/2349/1998 3363/2338/1987
f 3366/2339/1988 3365/2352/2001 3353/2340/1989
f 3367/2341/1990 3366/2339/1988 3354/2327/1976
f 3368/2342/1991 3367/2341/1990 3355/2329/1978
f 3369/2343/1992 3368/2342/1991 3356/2330/1979
f 3370/2344/1993 3369/2343/1992 3357/2331/1980
f 3371/2345/1994 3370/2344/1993 3358/2332/1981
f 3360/2334/1983 3372/2346/1995 3371/2345/1994
f 3361/2335/1984 3373/2347/1996 3372/2346/1995
f 3362/2336/1985 3374/2348/1997 3373/2347/1996
f 3363/2338/1987 3375/2350/1999 3374/2348/1997
f 3364/2349/1998 3376/2362/2011 3375/2350/1999
f 3366/2339/1988 3378/2353/2002 3377/2351/2000
f 3367/2341/1990 3379/2354/2003 3378/2353/2002
f 3368/2342/1991 3380/2355/2004 3379/2354/2003
f 3369/2343/1992 3381/2366/2015 3380/2355/2004
f 3382/2356/2005 3381/2366/2015 3369/2343/1992
f 3383/2357/2006 3382/2356/2005 3370/2344/1993
f 3372/2346/1995 3384/2371/2020 3383/2357/2006
f 3385/2358/2007 3384/2371/2020 3372/2346/1995
f 3386/2359/2008 3385/2358/2007 3373/2347/1996
f 3387/2360/2009 3386/2359/2008 3374/2348/1997
f 3388/2361/2010 3387/2360/2009 3375/2350/1999
f 3378/2353/2002 3390/2364/2013 3389/2363/2012
f 3379/2354/2003 3391/2365/2014 3390/2364/2013
f 3380/2355/2004 3392/2367/2016 3391/2365/2014
f 3381/2366/2015 3393/2368/2017 3392/2367/2016
f 3382/2356/2005 3394/2380/2029 3393/2368/2017
f 3395/2369/2018 3394/2380/2029 3382/2356/2005
f 3396/2370/2019 3395/2369/2018 3383/2357/2006
f 3397/2372/2021 3396/2370/2019 3384/2371/2020
f 3398/2373/2022 3397/2372/2021 3385/2358/2007
f 3399/2374/2023 3398/2373/2022 3386/2359/2008
f 3400/2375/2024 3399/2374/2023 3387/2360/2009
f 3390/2364/2013 3402/2377/2026 3401/2376/2025
f 3391/2365/2014 3403/2378/2027 3402/2377/2026
f 3392/2367/2016 3404/2379/2028 3403/2378/2027
f 3393/2368/2017 3405/2381/2030 3404/2379/2028
f 3394/2380/2029 3406/2392/2041 3405/2381/2030
f 3407/2382/2031 3406/2392/2041 3394/2380/2029
f 3408/2383/2032 3407/2382/2031 3395/2369/2018
f 3409/2384/2033 3408/2383/2032 3396/2370/2019
f 3410/2385/2034 3409/2384/2033 3397/2372/2021
f 3411/2386/2035 3410/2385/2034 3398/2373/2022
f 3412/2387/2036 3411/2386/2035 3399/2374/2023
f 3402/2377/2026 3414/2389/2038 3413/2388/2037
f 3403/2378/2027 3415/2390/2039 3414/2389/2038
f 3404/2379/2028 3416/2391/2040 3415/2390/2039
f 3405/2381/2030 3417/2393/2042 3416/2391/2040
f 3406/2392/2041 3418/2404/2053 3417/2393/2042
f 3419/2394/2043 3418/2404/2053 3406/2392/2041
f 3420/2395/2044 3419/2394/2043 3407/2382/2031
f 3421/2396/2045 3420/2395/2044 3408/2383/2032
f 3422/2397/2046 3421/2396/2045 3409/2384/2033
f 3423/2398/2047 3422/2397/2046 3410/2385/2034
f 3424/2399/2048 3423/2398/2047 3411/2386/2035
f 3414/2389/2038 3426/2401/2050 3425/2400/2049
f 3415/2390/2039 3427/2402/2051 3426/2401/2050
f 3416/2391/2040 3428/2403/2052 3427/2402/2051
f 3417/2393/2042 3429/2405/2054 3428/2403/2052
f 3418/2404/2053 3430/2416/2065 3429/2405/2054
f 3431/2406/2055 3430/2416/2065 3418/2404/2053
f 3432/2407/2056 3431/2406/2055 3419/2394/2043
f 3433/2408/2057 3432/2407/2056 3420/2395/2044
f 3434/2409/2058 3433/2408/2057 3421/2396/2045
f 3435/2410/2059 3434/2409/2058 3422/2397/2046
f 3436/2411/2060 3435/2410/2059 3423/2398/2047
f 3426/2401/2050 3438/2413/2062 3437/2412/2061
f 3427/2402/2051 3439/2414/2063 3438/2413/2062
f 3428/2403/2052 3440/2415/2064 3439/2414/2063
f 3429/2405/2054 3441/2417/2066 3440/2415/2064
f 3430/2416/2065 3442/2428/2077 3441/2417/2066
f 3443/2418/2067 3442/2428/2077 3430/2416/2065
f 3444/2419/2068 3443/2418/2067 3431/2406/2055
f 3445/2420/2069 3444/2419/2068 3432/2407/2056
f 3446/2421/2070 3445/2420/2069 3433/2408/2057
f 3447/2422/2071 3446/2421/2070 3434/2409/2058
f 3448/2423/2072 3447/2422/2071 3435/2410/2059
f 3438/2413/2062 3450/2425/2074 3449/2424/2073
f 3439/2414/2063 3451/2426/2075 3450/2425/2074
f 3440/2415/2064 3452/2427/2076 3451/2426/2075
f 3441/2417/2066 3453/2429/2078 3452/2427/2076
f 3442/2428/2077 3454/2440/2089 3453/2429/2078
f 3455/2430/2079 3454/2440/2089 3442/2428/2077
f 3456/2431/2080 3455/2430/2079 3443/2418/2067
f 3457/2432/2081 3456/2431/2080 3444/2419/2068
f 3458/2433/2082 3457/2432/2081 3445/2420/2069
f 3459/2434/2083 3458/2433/2082 3446/2421/2070
f 3460/2435/2084 3459/2434/2083 3447/2422/2071
f 3450/2425/2074 3462/2437/2086 3461/2436/2085
f 3451/2426/2075 3463/2438/2087 3462/2437/2086
f 3452/2427/2076 3464/2439/2088 3463/2438/2087
f 3453/2429/2078 3465/2441/2090 3464/2439/2088
f 3454/2440/2089 3466/2453/2102 3465/2441/2090
f 3467/2442/2091 3466/2453/2102 3454/2440/2089
f 3468/2443/2092 3467/2442/2091 3455/2430/2079
f 3469/2444/2093 3468/2443/2092 3456/2431/2080
f 3470/2445/2094 3469/2444/2093 3457/2432/2081
f 3471/2446/2095 3470/2445/2094 3458/2433/2082
f 3472/2447/2096 3471/2446/2095 3459/2434/2083
f 3474/2448/2097 3473/2459/2109 3461/2436/2085
f 3475/2449/2098 3474/2448/2097 3462/2437/2086
f 3476/2450/2099 3475/2449/2098 3463/2438/2087
f 3477/2451/2100 3476/2450/2099 3464/2439/2088
f 3478/2452/2101 3477/2451/2100 3465/2441/2090
f 3479/2454/2103 3478/2452/2101 3466/2453/2102
f 3468/2443/2092 3480/2455/2104 3479/2454/2103
f 3469/2444/2093 3481/2456/2105 3480/2455/2104
f 3470/2445/2094 3482/2457/2106 3481/2456/2105
f 3471/2446/2095 3483/2458/2107 3482/2457/2106
f 3472/2447/2096 3484/2460/2118 3483/2458/2107
f 3486/1532/2108 3485/104/2121 3473/2459/2109
f 3487/1534/2110 3486/1532/2108 3474/2448/2097
f 3488/1535/2111 3487/1534/2110 3475/2449/2098
f 3489/1536/2112 3488/1535/2111 3476/2450/2099
f 3490/1538/2113 3489/1536/2112 3477/2451/2100
f 3491/1539/2114 3490/1538/2113 3478/2452/2101
f 3480/2455/2104 3492/1540/2115 3491/1539/2114
f 3481/2456/2105 3493/1542/2116 3492/1540/2115
f 3482/2457/2106 3494/1543/2117 3493/1542/2116
f 3483/2458/2107 3495/1545/2119 3494/1543/2117
f 3484/2460/2118 3496/1546/2130 3495/1545/2119
f 3498/2461/2120 3497/2472/2133 3485/104/2121
f 3499/2462/2122 3498/2461/2120 3486/1532/2108
f 3500/2463/2123 3499/2462/2122 3487/1534/2110
f 3501/2464/2124 3500/2463/2123 3488/1535/2111
f 3502/2465/2125 3501/2464/2124 3489/1536/2112
f 3503/2466/2126 3502/2465/2125 3490/1538/2113
f 3492/1540/2115 3504/2467/2127 3503/2466/2126
f 3493/1542/2116 3505/2468/2128 3504/2467/2127
f 3494/1543/2117 3506/2469/2129 3505/2468/2128
f 3495/1545/2119 3507/2470/2131 3506/2469/2129
f 3496/1546/2130 3508/2481/2142 3507/2470/2131
f 3510/2471/2132 3509/2484/2145 3497/2472/2133
f 3511/2473/2134 3510/2471/2132 3498/2461/2120
f 3512/2474/2135 3511/2473/2134 3499/2462/2122
f 3513/2475/2136 3512/2474/2135 3500/2463/2123
f 3514/2476/2137 3513/2475/2136 3501/2464/2124
f 3515/2477/2138 3514/2476/2137 3502/2465/2125
f 3504/2467/2127 3516/2478/2139 3515/2477/2138
f 3505/2468/2128 3517/2479/2140 3516/2478/2139
f 3506/2469/2129 3518/2480/2141 3517/2479/2140
f 3507/2470/2131 3519/2482/2143 3518/2480/2141
f 3508/2481/2142 3520/2493/2154 3519/2482/2143
f 3522/2483/2144 3521/2496/2157 3509/2484/2145
f 3523/2485/2146 3522/2483/2144 3510/2471/2132
f 3524/2486/2147 3523/2485/2146 3511/2473/2134
f 3525/2487/2148 3524/2486/2147 3512/2474/2135
f 3526/2488/2149 3525/2487/2148 3513/2475/2136
f 3527/2489/2150 3526/2488/2149 3514/2476/2137
f 3516/2478/2139 3528/2490/2151 3527/2489/2150
f 3517/2479/2140 3529/2491/2152 3528/2490/2151
f 3518/2480/2141 3530/2492/2153 3529/2491/2152
f 3519/2482/2143 3531/2494/2155 3530/2492/2153
f 3520/2493/2154 3532/2505/2166 3531/2494/2155
f 3534/2495/2156 3533/2508/2169 3521/2496/2157
f 3535/2497/2158 3534/2495/2156 3522/2483/2144
f 3536/2498/2159 3535/2497/2158 3523/2485/2146
f 3537/2499/2160 3536/2498/2159 3524/2486/2147
f 3538/2500/2161 3537/2499/2160 3525/2487/2148
f 3539/2501/2162 3538/2500/2161 3526/2488/2149
f 3528/2490/2151 3540/2502/2163 3539/2501/2162
f 3529/2491/2152 3541/2503/2164 3540/2502/2163
f 3530/2492/2153 3542/2504/2165 3541/2503/2164
f 3531/2494/2155 3543/2506/2167 3542/2504/2165
f 3532/2505/2166 3544/2517/2178 3543/2506/2167
f 3546/2507/2168 3545/2520/2181 3533/2508/2169
f 3547/2509/2170 3546/2507/2168 3534/2495/2156
f 3548/2510/2171 3547/2509/2170 3535/2497/2158
f 3549/2511/2172 3548/2510/2171 3536/2498/2159
f 3550/2512/2173 3549/2511/2172 3537/2499/2160
f 3551/2513/2174 3550/2512/2173 3538/2500/2161
f 3540/2502/2163 3552/2514/2175 3551/2513/2174
f 3541/2503/2164 3553/2515/2176 3552/2514/2175
f 3542/2504/2165 3554/2516/2177 3553/2515/2176
f 3543/2506/2167 3555/2518/2179 3554/2516/2177
f 3544/2517/2178 3556/2529/2190 3555/2518/2179
f 3558/2519/2180 3557/2532/2193 3545/2520/2181
f 3559/2521/2182 3558/2519/2180 3546/2507/2168
f 3560/2522/2183 3559/2521/2182 3547/2509/2170
f 3561/2523/2184 3560/2522/2183 3548/2510/2171
f 3562/2524/2185 3561/2523/2184 3549/2511/2172
f 3563/2525/2186 3562/2524/2185 3550/2512/2173
f 3552/2514/2175 3564/2526/2187 3563/2525/2186
f 3553/2515/2176 3565/2527/2188 3564/2526/2187
f 3554/2516/2177 3566/2528/2189 3565/2527/2188
f 3555/2518/2179 3567/2530/2191 3566/2528/2189
f 3556/2529/2190 3568/2541/2202 3567/2530/2191
f 3570/2531/2192 3569/2544/2205 3557/2532/2193
f 3571/2533/2194 3570/2531/2192 3558/2519/2180
f 3572/2534/2195 3571/2533/2194 3559/2521/2182
f 3573/2535/2196 3572/2534/2195 3560/2522/2183
f 3574/2536/2197 3573/2535/2196 3561/2523/2184
f 3575/2537/2198 3574/2536/2197 3562/2524/2185
f 3564/2526/2187 3576/2538/2199 3575/2537/2198
f 3565/2527/2188 3577/2539/2200 3576/2538/2199
f 3566/2528/2189 3578/2540/2201 3577/2539/2200
f 3567/2530/2191 3579/2542/2203 3578/2540/2201
f 3568/2541/2202 3580/2553/2214 3579/2542/2203
f 3582/2543/2204 3581/2556/2217 3569/2544/2205
f 3583/2545/2206 3582/2543/2204 3570/2531/2192
f 3584/2546/2207 3583/2545/2206 3571/2533/2194
f 3585/2547/2208 3584/2546/2207 3572/2534/2195
f 3586/2548/2209 3585/2547/2208 3573/2535/2196
f 3587/2549/2210 3586/2548/2209 3574/2536/2197
f 3576/2538/2199 3588/2550/2211 3587/2549/2210
f 3577/2539/2200 3589/2551/2212 3588/2550/2211
f 3578/2540/2201 3590/2552/2213 3589/2551/2212
f 3579/2542/2203 3591/2554/2215 3590/2552/2213
f 3580/2553/2214 3592/2565/2226 3591/2554/2215
f 3594/2555/2216 3593/2568/2229 3581/2556/2217
f 3595/2557/2218 3594/2555/2216 3582/2543/2204
f 3596/2558/2219 3595/2557/2218 3583/2545/2206
f 3597/2559/2220 3596/2558/2219 3584/2546/2207
f 3598/2560/2221 3597/2559/2220 3585/2547/2208
f 3599/2561/2222 3598/2560/2221 3586/2548/2209
f 3588/2550/2211 3600/2562/2223 3599/2561/2222
f 3589/2551/2212 3601/2563/2224 3600/2562/2223
f 3590/2552/2213 3602/2564/2225 3601/2563/2224
f 3591/2554/2215 3603/2566/2227 3602/2564/2225
f 3592/2565/2226 3604/2577/2238 3603/2566/2227
f 3606/2567/2228 3605/2580/2241 3593/2568/2229
f 3607/2569/2230 3606/2567/2228 3594/2555/2216
f 3608/2570/2231 3607/2569/2230 3595/2557/2218
f 3609/2571/2232 3608/2570/2231 3596/2558/2219
f 3610/2572/2233 3609/2571/2232 3597/2559/2220
f 3611/2573/2234 3610/2572/2233 3598/2560/2221
f 3600/2562/2223 3612/2574/2235 3611/2573/2234
f 3601/2563/2224 3613/2575/2236 3612/2574/2235
f 3602/2564/2225 3614/2576/2237 3613/2575/2236
f 3603/2566/2227 3615/2578/2239 3614/2576/2237
f 3604/2577/2238 3616/2589/2250 3615/2578/2239
f 3618/2579/2240 3617/2592/2253 3605/2580/2241
f 3619/2581/2242 3618/2579/2240 3606/2567/2228
f 3620/2582/2243 3619/2581/2242 3607/2569/2230
f 3621/2583/2244 3620/2582/2243 3608/2570/2231
f 3622/2584/2245 3621/2583/2244 3609/2571/2232
f 3623/2585/2246 3622/2584/2245 3610/2572/2233
f 3612/2574/2235 3624/2586/2247 3623/2585/2246
f 3613/2575/2236 3625/2587/2248 3624/2586/2247
f 3614/2576/2237 3626/2588/2249 3625/2587/2248
f 3615/2578/2239 3627/2590/2251 3626/2588/2249
f 3616/2589/2250 3628/2603/2264 3627/2590/2251
f 3618/2579/2240 3630/2593/2254 3629/2591/2252
f 3619/2581/2242 3631/2594/2255 3630/2593/2254
f 3620/2582/2243 3632/2595/2256 3631/2594/2255
f 3621/2583/2244 3633/2596/2257 3632/2595/2256
f 3622/2584/2245 3634/2604/2269 3633/2596/2257
f 3635/2597/2258 3634/2604/2269 3622/2584/2245
f 3636/2598/2259 3635/2597/2258 3623/2585/2246
f 3637/2599/2260 3636/2598/2259 3624/2586/2247
f 3638/2600/2261 3637/2599/2260 3625/2587/2248
f 3639/2601/2262 3638/2600/2261 3626/2588/2249
f 3640/2602/2263 3639/2601/2262 3627/2590/2251
f 3630/2593/2254 3642/1558/2266 3641/1570/2265
f 3631/2594/2255 3643/1559/2267 3642/1558/2266
f 3632/2595/2256 3644/1560/2268 3643/1559/2267
f 3633/2596/2257 3645/1561/2270 3644/1560/2268
f 3634/2604/2269 3646/1562/2281 3645/1561/2270
f 3647/1563/2271 3646/1562/2281 3634/2604/2269
f 3648/1564/2272 3647/1563/2271 3635/2597/2258
f 3649/1565/2273 3648/1564/2272 3636/2598/2259
f 3650/1566/2274 3649/1565/2273 3637/2599/2260
f 3651/1567/2275 3650/1566/2274 3638/2600/2261
f 3652/1568/2276 3651/1567/2275 3639/2601/2262
f 3642/1558/2266 3654/2606/2278 3653/2605/2277
f 3643/1559/2267 3655/2607/2279 3654/2606/2278
f 3644/1560/2268 3656/2608/2280 3655/2607/2279
f 3645/1561/2270 3657/2609/2282 3656/2608/2280
f 3646/1562/2281 3658/2620/2293 3657/2609/2282
f 3659/2610/2283 3658/2620/2293 3646/1562/2281
f 3660/2611/2284 3659/2610/2283 3647/1563/2271
f 3661/2612/2285 3660/2611/2284 3648/1564/2272
f 3662/2613/2286 3661/2612/2285 3649/1565/2273
f 3663/2614/2287 3662/2613/2286 3650/1566/2274
f 3664/2615/2288 3663/2614/2287 3651/1567/2275
f 3654/2606/2278 3666/2617/2290 3665/2616/2289
f 3655/2607/2279 3667/2618/2291 3666/2617/2290
f 3656/2608/2280 3668/2619/2292 3667/2618/2291
f 3657/2609/2282 3669/2621/2294 3668/2619/2292
f 3658/2620/2293 3670/2632/2305 3669/2621/2294
f 3671/2622/2295 3670/2632/2305 3658/2620/2293
f 3672/2623/2296 3671/2622/2295 3659/2610/2283
f 3673/2624/2297 3672/2623/2296 3660/2611/2284
f 3674/2625/2298 3673/2624/2297 3661/2612/2285
f 3675/2626/2299 3674/2625/2298 3662/2613/2286
f 3676/2627/2300 3675/2626/2299 3663/2614/2287
f 3666/2617/2290 3678/2629/2302 3677/2628/2301
f 3667/2618/2291 3679/2630/2303 3678/2629/2302
f 3668/2619/2292 3680/2631/2304 3679/2630/2303
f 3669/2621/2294 3681/2633/2306 3680/2631/2304
f 3670/2632/2305 3682/2644/2317 3681/2633/2306
f 3683/2634/2307 3682/2644/2317 3670/2632/2305
f 3684/2635/2308 3683/2634/2307 3671/2622/2295
f 3685/2636/2309 3684/2635/2308 3672/2623/2296
f 3686/2637/2310 3685/2636/2309 3673/2624/2297
f 3687/2638/2311 3686/2637/2310 3674/2625/2298
f 3688/2639/2312 3687/2638/2311 3675/2626/2299
f 3678/2629/2302 3690/2641/2314 3689/2640/2313
f 3679/2630/2303 3691/2642/2315 3690/2641/2314
f 3680/2631/2304 3692/2643/2316 3691/2642/2315
f 3681/2633/2306 3693/2645/2318 3692/2643/2316
f 3682/2644/2317 3694/2656/2329 3693/2645/2318
f 3695/2646/2319 3694/2656/2329 3682/2644/2317
f 3696/2647/2320 3695/2646/2319 3683/2634/2307
f 3697/2648/2321 3696/2647/2320 3684/2635/2308
f 3698/2649/2322 3697/2648/2321 3685/2636/2309
f 3699/2650/2323 3698/2649/2322 3686/2637/2310
f 3700/2651/2324 3699/2650/2323 3687/2638/2311
f 3690/2641/2314 3702/2653/2326 3701/2652/2325
f 3691/2642/2315 3703/2654/2327 3702/2653/2326
f 3692/2643/2316 3704/2655/2328 3703/2654/2327
f 3693/2645/2318 3705/2657/2330 3704/2655/2328
f 3694/2656/2329 3706/2668/2341 3705/2657/2330
f 3707/2658/2331 3706/2668/2341 3694/2656/2329
f 3708/2659/2332 3707/2658/2331 3695/2646/2319
f 3709/2660/2333 3708/2659/2332 3696/2647/2320
f 3710/2661/2334 3709/2660/2333 3697/2648/2321
f 3711/2662/2335 3710/2661/2334 3698/2649/2322
f 3712/2663/2336 3711/2662/2335 3699/2650/2323
f 3702/2653/2326 3714/2665/2338 3713/2664/2337
f 3703/2654/2327 3715/2666/2339 3714/2665/2338
f 3704/2655/2328 3716/2667/2340 3715/2666/2339
f 3705/2657/2330 3717/2669/2342 3716/2667/2340
f 3706/2668/2341 3718/2680/2353 3717/2669/2342
f 3719/2670/2343 3718/2680/2353 3706/2668/2341
f 3720/2671/2344 3719/2670/2343 3707/2658/2331
f 3721/2672/2345 3720/2671/2344 3708/2659/2332
f 3722/2673/2346 3721/2672/2345 3709/2660/2333
f 3723/2674/2347 3722/2673/2346 3710/2661/2334
f 3724/2675/2348 3723/2674/2347 3711/2662/2335
f 3714/2665/2338 3726/2677/2350 3725/2676/2349
f 3715/2666/2339 3727/2678/2351 3726/2677/2350
f 3716/2667/2340 3728/2679/2352 3727/2678/2351
f 3717/2669/2342 3729/2681/2354 3728/2679/2352
f 3718/2680/2353 3730/2692/2365 3729/2681/2354
f 3731/2682/2355 3730/2692/2365 3718/2680/2353
f 3732/2683/2356 3731/2682/2355 3719/2670/2343
f 3733/2684/2357 3732/2683/2356 3720/2671/2344
f 3734/2685/2358 3733/2684/2357 3721/2672/2345
f 3735/2686/2359 3734/2685/2358 3722/2673/2346
f 3736/2687/2360 3735/2686/2359 3723/2674/2347
f 3726/2677/2350 3738/2689/2362 3737/2688/2361
f 3727/2678/2351 3739/2690/2363 3738/2689/2362
f 3728/2679/2352 3740/2691/2364 3739/2690/2363
f 3729/2681/2354 3741/2693/2366 3740/2691/2364
f 3730/2692/2365 3742/2704/2377 3741/2693/2366
f 3743/2694/2367 3742/2704/2377 3730/2692/2365
f 3744/2695/2368 3743/2694/2367 3731/2682/2355
f 3745/2696/2369 3744/2695/2368 3732/2683/2356
f 3746/2697/2370 3745/2696/2369 3733/2684/2357
f 3747/2698/2371 3746/2697/2370 3734/2685/2358
f 3748/2699/2372 3747/2698/2371 3735/2686/2359
f 3738/2689/2362 3750/2701/2374 3749/2700/2373
f 3739/2690/2363 3751/2702/2375 3750/2701/2374
f 3740/2691/2364 3752/2703/2376 3751/2702/2375
f 3741/2693/2366 3753/2705/2378 3752/2703/2376
f 3742/2704/2377 3754/2716/2385 3753/2705/2378
f 3755/2706/2379 3754/2716/2385 3742/2704/2377
f 3756/2707/2380 3755/2706/2379 3743/2694/2367
f 3757/2708/2381 3756/2707/2380 3744/2695/2368
f 3758/2709/2382 3757/2708/2381 3745/2696/2369
f 3759/2710/2383 3758/2709/2382 3746/2697/2370
f 3760/2711/2384 3759/2710/2383 3747/2698/2371
f 3750/2701/2374 3762/2713/1235 3761/2712/1247
f 3751/2702/2375 3763/2714/1237 3762/2713/1235
f 3752/2703/2376 3764/2715/1238 3763/2714/1237
f 3753/2705/2378 3765/2717/1377 3764/2715/1238
f 3754/2716/2385 3766/2729/1240 3765/2717/1377
f 3767/2718/1241 3766/2729/1240 3754/2716/2385
f 3768/2719/1296 3767/2718/1241 3755/2706/2379
f 3769/2720/1243 3768/2719/1296 3756/2707/2380
f 3770/2721/1244 3769/2720/1243 3757/2708/2381
f 3771/2722/1245 3770/2721/1244 3758/2709/2382
f 3772/2723/1246 3771/2722/1245 3759/2710/2383
f 3774/2724/1203 3773/2736/1202 3761/2712/1247
f 3775/2725/1204 3774/2724/1203 3762/2713/1235
f 3776/2726/1205 3775/2725/1204 3763/2714/1237
f 3777/2727/1298 3776/2726/1205 3764/2715/1238
f 3778/2728/1217 3777/2727/1298 3765/2717/1377
f 3779/2730/1207 3778/2728/1217 3766/2729/1240
f 3780/2731/1414 3779/2730/1207 3767/2718/1241
f 3781/2732/1209 3780/2731/1414 3768/2719/1296
f 3782/2733/1210 3781/2732/1209 3769/2720/1243
f 3783/2734/1211 3782/2733/1210 3770/2721/1244
f 3772/2723/1246 3784/2745/1200 3783/2734/1211
f 3786/2735/2386 3785/2747/2396 3773/2736/1202
f 3787/2737/2387 3786/2735/2386 3774/2724/1203
f 3788/2738/2388 3787/2737/2387 3775/2725/1204
f 3789/2739/2389 3788/2738/2388 3776/2726/1205
f 3790/2740/2390 3789/2739/2389 3777/2727/1298
f 3791/2741/2391 3790/2740/2390 3778/2728/1217
f 3780/2731/1414 3792/2742/2392 3791/2741/2391
f 3781/2732/1209 3793/2743/2393 3792/2742/2392
f 3782/2733/1210 3794/2744/2394 3793/2743/2393
f 3783/2734/1211 3795/2746/2395 3794/2744/2394
f 3784/2745/1200 3796/2748/2397 3795/2746/2395
f 3786/2735/2386 2862/1454/1510 2861/1/1512
f 3787/2737/2387 2863/1456/1513 2862/1454/1510
f 3788/2738/2388 2864/1457/1515 2863/1456/1513
f 3789/2739/2389 2865/1458/1517 2864/1457/1515
f 3790/2740/2390 2866/1459/1519 2865/1458/1517
f 2867/1460/1522 2866/1459/1519 3790/2740/2390
f 2868/1461/1524 2867/1460/1522 3791/2741/2391
f 2869/1462/1526 2868/1461/1524 3792/2742/2392
f 2870/1463/1528 2869/1462/1526 3793/2743/2393
f 2871/1465/1530 2870/1463/1528 3794/2744/2394
f 2872/1774/1532 2871/1465/1530 3795/2746/2395
f 3798/288/2398 3810/2750/2402 3809/2749/2399
f 3799/290/2401 3811/2751/2404 3810/2750/2402
f 3800/292/2403 3812/2752/2406 3811/2751/2404
f 3801/294/2405 3813/2753/2408 3812/2752/2406
f 3802/296/2407 3814/2764/2425 3813/2753/2408
f 3815/2754/2409 3814/2764/2425 3802/296/2407
f 3816/2755/2411 3815/2754/2409 3803/299/2410
f 3817/2756/2413 3816/2755/2411 3804/301/2412
f 3818/2757/2415 3817/2756/2413 3805/303/2414
f 3819/2758/2417 3818/2757/2415 3806/305/2416
f 3820/2759/2419 3819/2758/2417 3807/307/2418
f 3810/2750/2402 3822/2761/2422 3821/2760/2421
f 3811/2751/2404 3823/2762/2423 3822/2761/2422
f 3812/2752/2406 3824/2763/2424 3823/2762/2423
f 3813/2753/2408 3825/2765/2426 3824/2763/2424
f 3814/2764/2425 3826/2776/2437 3825/2765/2426
f 3827/2766/2427 3826/2776/2437 3814/2764/2425
f 3828/2767/2428 3827/2766/2427 3815/2754/2409
f 3829/2768/2429 3828/2767/2428 3816/2755/2411
f 3830/2769/2430 3829/2768/2429 3817/2756/2413
f 3831/2770/2431 3830/2769/2430 3818/2757/2415
f 3832/2771/2432 3831/2770/2431 3819/2758/2417
f 3822/2761/2422 3834/2773/2434 3833/2772/2433
f 3823/2762/2423 3835/2774/2435 3834/2773/2434
f 3824/2763/2424 3836/2775/2436 3835/2774/2435
f 3825/2765/2426 3837/2777/2438 3836/2775/2436
f 3826/2776/2437 3838/2788/2449 3837/2777/2438
f 3839/2778/2439 3838/2788/2449 3826/2776/2437
f 3840/2779/2440 3839/2778/2439 3827/2766/2427
f 3841/2780/2441 3840/2779/2440 3828/2767/2428
f 3842/2781/2442 3841/2780/2441 3829/2768/2429
f 3843/2782/2443 3842/2781/2442 3830/2769/2430
f 3844/2783/2444 3843/2782/2443 3831/2770/2431
f 3834/2773/2434 3846/2785/2446 3845/2784/2445
f 3835/2774/2435 3847/2786/2447 3846/2785/2446
f 3836/2775/2436 3848/2787/2448 3847/2786/2447
f 3837/2777/2438 3849/2789/2450 3848/2787/2448
f 3838/2788/2449 3850/2800/2461 3849/2789/2450
f 3851/2790/2451 3850/2800/2461 3838/2788/2449
f 3852/2791/2452 3851/2790/2451 3839/2778/2439
f 3853/2792/2453 3852/2791/2452 3840/2779/2440
f 3854/2793/2454 3853/2792/2453 3841/2780/2441
f 3855/2794/2455 3854/2793/2454 3842/2781/2442
f 3856/2795/2456 3855/2794/2455 3843/2782/2443
f 3846/2785/2446 3858/2797/2458 3857/2796/2457
f 3847/2786/2447 3859/2798/2459 3858/2797/2458
f 3848/2787/2448 3860/2799/2460 3859/2798/2459
f 3849/2789/2450 3861/2801/2462 3860/2799/2460
f 3850/2800/2461 3862/2812/2473 3861/2801/2462
f 3863/2802/2463 3862/2812/2473 3850/2800/2461
f 3864/2803/2464 3863/2802/2463 3851/2790/2451
f 3865/2804/2465 3864/2803/2464 3852/2791/2452
f 3866/2805/2466 3865/2804/2465 3853/2792/2453
f 3867/2806/2467 3866/2805/2466 3854/2793/2454
f 3868/2807/2468 3867/2806/2467 3855/2794/2455
f 3858/2797/2458 3870/2809/2470 3869/2808/2469
f 3859/2798/2459 3871/2810/2471 3870/2809/2470
f 3860/2799/2460 3872/2811/2472 3871/2810/2471
f 3861/2801/2462 3873/2813/2474 3872/2811/2472
f 3862/2812/2473 3874/2824/2485 3873/2813/2474
f 3875/2814/2475 3874/2824/2485 3862/2812/2473
f 3876/2815/2476 3875/2814/2475 3863/2802/2463
f 3877/2816/2477 3876/2815/2476 3864/2803/2464
f 3878/2817/2478 3877/2816/2477 3865/2804/2465
f 3879/2818/2479 3878/2817/2478 3866/2805/2466
f 3880/2819/2480 3879/2818/2479 3867/2806/2467
f 3870/2809/2470 3882/2821/2482 3881/2820/2481
f 3871/2810/2471 3883/2822/2483 3882/2821/2482
f 3872/2811/2472 3884/2823/2484 3883/2822/2483
f 3873/2813/2474 3885/2825/2486 3884/2823/2484
f 3874/2824/2485 3886/2837/2498 3885/2825/2486
f 3887/2826/2487 3886/2837/2498 3874/2824/2485
f 3888/2827/2488 3887/2826/2487 3875/2814/2475
f 3889/2828/2489 3888/2827/2488 3876/2815/2476
f 3890/2829/2490 3889/2828/2489 3877/2816/2477
f 3891/2830/2491 3890/2829/2490 3878/2817/2478
f 3892/2831/2492 3891/2830/2491 3879/2818/2479
f 3894/2832/2493 3893/2844/2505 3881/2820/2481
f 3895/2833/2494 3894/2832/2493 3882/2821/2482
f 3896/2834/2495 3895/2833/2494 3883/2822/2483
f 3897/2835/2496 3896/2834/2495 3884/2823/2484
f 3898/2836/2497 3897/2835/2496 3885/2825/2486
f 3899/2838/2499 3898/2836/2497 3886/2837/2498
f 3888/2827/2488 3900/2839/2500 3899/2838/2499
f 3889/2828/2489 3901/2840/2501 3900/2839/2500
f 3890/2829/2490 3902/2841/2502 3901/2840/2501
f 3891/2830/2491 3903/2842/2503 3902/2841/2502
f 3892/2831/2492 3904/2853/2514 3903/2842/2503
f 3906/2843/2504 3905/2856/2517 3893/2844/2505
f 3907/2845/2506 3906/2843/2504 3894/2832/2493
f 3908/2846/2507 3907/2845/2506 3895/2833/2494
f 3909/2847/2508 3908/2846/2507 3896/2834/2495
f 3910/2848/2509 3909/2847/2508 3897/2835/2496
f 3911/2849/2510 3910/2848/2509 3898/2836/2497
f 3900/2839/2500 3912/2850/2511 3911/2849/2510
f 3901/2840/2501 3913/2851/2512 3912/2850/2511
f 3902/2841/2502 3914/2852/2513 3913/2851/2512
f 3903/2842/2503 3915/2854/2515 3914/2852/2513
f 3904/2853/2514 3916/2865/2526 3915/2854/2515
f 3918/2855/2516 3917/2868/2529 3905/2856/2517
f 3919/2857/2518 3918/2855/2516 3906/2843/2504
f 3920/2858/2519 3919/2857/2518 3907/2845/2506
f 3921/2859/2520 3920/2858/2519 3908/2846/2507
f 3922/2860/2521 3921/2859/2520 3909/2847/2508
f 3923/2861/2522 3922/2860/2521 3910/2848/2509
f 3912/2850/2511 3924/2862/2523 3923/2861/2522
f 3913/2851/2512 3925/2863/2524 3924/2862/2523
f 3914/2852/2513 3926/2864/2525 3925/2863/2524
f 3915/2854/2515 3927/2866/2527 3926/2864/2525
f 3916/2865/2526 3928/2877/2538 3927/2866/2527
f 3930/2867/2528 3929/2880/2541 3917/2868/2529
f 3931/2869/2530 3930/2867/2528 3918/2855/2516
f 3932/2870/2531 3931/2869/2530 3919/2857/2518
f 3933/2871/2532 3932/2870/2531 3920/2858/2519
f 3934/2872/2533 3933/2871/2532 3921/2859/2520
f 3935/2873/2534 3934/2872/2533 3922/2860/2521
f 3924/2862/2523 3936/2874/2535 3935/2873/2534
f 3925/2863/2524 3937/2875/2536 3936/2874/2535
f 3926/2864/2525 3938/2876/2537 3937/2875/2536
f 3927/2866/2527 3939/2878/2539 3938/2876/2537
f 3928/2877/2538 3940/2889/2550 3939/2878/2539
f 3942/2879/2540 3941/2892/2553 3929/2880/2541
f 3943/2881/2542 3942/2879/2540 3930/2867/2528
f 3944/2882/2543 3943/2881/2542 3931/2869/2530
f 3945/2883/2544 3944/2882/2543 3932/2870/2531
f 3946/2884/2545 3945/2883/2544 3933/2871/2532
f 3947/2885/2546 3946/2884/2545 3934/2872/2533
f 3936/2874/2535 3948/2886/2547 3947/2885/2546
f 3937/2875/2536 3949/2887/2548 3948/2886/2547
f 3938/2876/2537 3950/2888/2549 3949/2887/2548
f 3939/2878/2539 3951/2890/2551 3950/2888/2549
f 3940/2889/2550 3952/2903/2564 3951/2890/2551
f 3942/2879/2540 3954/2893/2554 3953/2891/2552
f 3943/2881/2542 3955/2894/2555 3954/2893/2554
f 3944/2882/2543 3956/2895/2556 3955/2894/2555
f 3945/2883/2544 3957/2896/2557 3956/2895/2556
f 3946/2884/2545 3958/2908/2569 3957/2896/2557
f 3959/2897/2558 3958/2908/2569 3946/2884/2545
f 3960/2898/2559 3959/2897/2558 3947/2885/2546
f 3961/2899/2560 3960/2898/2559 3948/2886/2547
f 3962/2900/2561 3961/2899/2560 3949/2887/2548
f 3963/2901/2562 3962/2900/2561 3950/2888/2549
f 3964/2902/2563 3963/2901/2562 3951/2890/2551
f 3954/2893/2554 3966/2905/2566 3965/2904/2565
f 3955/2894/2555 3967/2906/2567 3966/2905/2566
f 3956/2895/2556 3968/2907/2568 3967/2906/2567
f 3957/2896/2557 3969/2909/2570 3968/2907/2568
f 3958/2908/2569 3970/2920/2581 3969/2909/2570
f 3971/2910/2571 3970/2920/2581 3958/2908/2569
f 3972/2911/2572 3971/2910/2571 3959/2897/2558
f 3973/2912/2573 3972/2911/2572 3960/2898/2559
f 3974/2913/2574 3973/2912/2573 3961/2899/2560
f 3975/2914/2575 3974/2913/2574 3962/2900/2561
f 3976/2915/2576 3975/2914/2575 3963/2901/2562
f 3966/2905/2566 3978/2917/2578 3977/2916/2577
f 3967/2906/2567 3979/2918/2579 3978/2917/2578
f 3968/2907/2568 3980/2919/2580 3979/2918/2579
f 3969/2909/2570 3981/2921/2582 3980/2919/2580
f 3970/2920/2581 3982/2932/2593 3981/2921/2582
f 3983/2922/2583 3982/2932/2593 3970/2920/2581
f 3984/2923/2584 3983/2922/2583 3971/2910/2571
f 3985/2924/2585 3984/2923/2584 3972/2911/2572
f 3986/2925/2586 3985/2924/2585 3973/2912/2573
f 3987/2926/2587 3986/2925/2586 3974/2913/2574
f 3988/2927/2588 3987/2926/2587 3975/2914/2575
f 3978/2917/2578 3990/2929/2590 3989/2928/2589
f 3979/2918/2579 3991/2930/2591 3990/2929/2590
f 3980/2919/2580 3992/2931/2592 3991/2930/2591
f 3981/2921/2582 3993/2933/2594 3992/2931/2592
f 3982/2932/2593 3994/2944/2605 3993/2933/2594
f 3995/2934/2595 3994/2944/2605 3982/2932/2593
f 3996/2935/2596 3995/2934/2595 3983/2922/2583
f 3997/2936/2597 3996/2935/2596 3984/2923/2584
f 3998/2937/2598 3997/2936/2597 3985/2924/2585
f 3999/2938/2599 3998/2937/2598 3986/2925/2586
f 4000/2939/2600 3999/2938/2599 3987/2926/2587
f 3990/2929/2590 4002/2941/2602 4001/2940/2601
f 3991/2930/2591 4003/2942/2603 4002/2941/2602
f 3992/2931/2592 4004/2943/2604 4003/2942/2603
f 3993/2933/2594 4005/2945/2606 4004/2943/2604
f 3994/2944/2605 4006/2957/2618 4005/2945/2606
f 4007/2946/2607 4006/2957/2618 3994/2944/2605
f 4008/2947/2608 4007/2946/2607 3995/2934/2595
f 4009/2948/2609 4008/2947/2608 3996/2935/2596
f 4010/2949/2610 4009/2948/2609 3997/2936/2597
f 4011/2950/2611 4010/2949/2610 3998/2937/2598
f 4012/2951/2612 4011/2950/2611 3999/2938/2599
f 4014/2952/2613 4013/2964/2625 4001/2940/2601
f 4015/2953/2614 4014/2952/2613 4002/2941/2602
f 4016/2954/2615 4015/2953/2614 4003/2942/2603
f 4017/2955/2616 4016/2954/2615 4004/2943/2604
f 4018/2956/2617 4017/2955/2616 4005/2945/2606
f 4019/2958/2619 4018/2956/2617 4006/2957/2618
f 4008/2947/2608 4020/2959/2620 4019/2958/2619
f 4009/2948/2609 4021/2960/2621 4020/2959/2620
f 4010/2949/2610 4022/2961/2622 4021/2960/2621
f 4011/2950/2611 4023/2962/2623 4022/2961/2622
f 4012/2951/2612 4024/2973/2634 4023/2962/2623
f 4026/2963/2624 4025/2976/2637 4013/2964/2625
f 4027/2965/2626 4026/2963/2624 4014/2952/2613
f 4028/2966/2627 4027/2965/2626 4015/2953/2614
f 4029/2967/2628 4028/2966/2627 4016/2954/2615
f 4030/2968/2629 4029/2967/2628 4017/2955/2616
f 4031/2969/2630 4030/2968/2629 4018/2956/2617
f 4020/2959/2620 4032/2970/2631 4031/2969/2630
f 4021/2960/2621 4033/2971/2632 4032/2970/2631
f 4022/2961/2622 4034/2972/2633 4033/2971/2632
f 4023/2962/2623 4035/2974/2635 4034/2972/2633
f 4024/2973/2634 4036/2985/2646 4035/2974/2635
f 4038/2975/2636 4037/2988/2649 4025/2976/2637
f 4039/2977/2638 4038/2975/2636 4026/2963/2624
f 4040/2978/2639 4039/2977/2638 4027/2965/2626
f 4041/2979/2640 4040/2978/2639 4028/2966/2627
f 4042/2980/2641 4041/2979/2640 4029/2967/2628
f 4043/2981/2642 4042/2980/2641 4030/2968/2629
f 4032/2970/2631 4044/2982/2643 4043/2981/2642
f 4033/2971/2632 4045/2983/2644 4044/2982/2643
f 4034/2972/2633 4046/2984/2645 4045/2983/2644
f 4035/2974/2635 4047/2986/2647 4046/2984/2645
f 4036/2985/2646 4048/2997/2658 4047/2986/2647
f 4050/2987/2648 4049/3000/2661 4037/2988/2649
f 4051/2989/2650 4050/2987/2648 4038/2975/2636
f 4052/2990/2651 4051/2989/2650 4039/2977/2638
f 4053/2991/2652 4052/2990/2651 4040/2978/2639
f 4054/2992/2653 4053/2991/2652 4041/2979/2640
f 4055/2993/2654 4054/2992/2653 4042/2980/2641
f 4044/2982/2643 4056/2994/2655 4055/2993/2654
f 4045/2983/2644 4057/2995/2656 4056/2994/2655
f 4046/2984/2645 4058/2996/2657 4057/2995/2656
f 4047/2986/2647 4059/2998/2659 4058/2996/2657
f 4048/2997/2658 4060/3009/2670 4059/2998/2659
f 4062/2999/2660 4061/3012/2673 4049/3000/2661
f 4063/3001/2662 4062/2999/2660 4050/2987/2648
f 4064/3002/2663 4063/3001/2662 4051/2989/2650
f 4065/3003/2664 4064/3002/2663 4052/2990/2651
f 4066/3004/2665 4065/3003/2664 4053/2991/2652
f 4067/3005/2666 4066/3004/2665 4054/2992/2653
f 4056/2994/2655 4068/3006/2667 4067/3005/2666
f 4057/2995/2656 4069/3007/2668 4068/3006/2667
f 4058/2996/2657 4070/3008/2669 4069/3007/2668
f 4059/2998/2659 4071/3010/2671 4070/3008/2669
f 4060/3009/2670 4072/3020/2681 4071/3010/2671
f 4074/3011/2672 4073/3023/2684 4061/3012/2673
f 4075/3013/2674 4074/3011/2672 4062/2999/2660
f 4064/3002/2663 4076/3014/2675 4075/3013/2674
f 4065/3003/2664 4077/3015/2676 4076/3014/2675
f 4066/3004/2665 4078/3028/2689 4077/3015/2676
f 4079/3016/2677 4078/3028/2689 4066/3004/2665
f 4080/3017/2678 4079/3016/2677 4067/3005/2666
f 4081/3018/2679 4080/3017/2678 4068/3006/2667
f 4082/3019/2680 4081/3018/2679 4069/3007/2668
f 4071/3010/2671 4083/3021/2682 4082/3019/2680
f 4072/3020/2681 4084/3034/2695 4083/3021/2682
f 4074/3011/2672 4086/3024/2685 4085/3022/2683
f 4075/3013/2674 4087/3037/2698 4086/3024/2685
f 4088/3025/2686 4087/3037/2698 4075/3013/2674
f 4089/3026/2687 4088/3025/2686 4076/3014/2675
f 4090/3027/2688 4089/3026/2687 4077/3015/2676
f 4091/3029/2690 4090/3027/2688 4078/3028/2689
f 4080/3017/2678 4092/3030/2691 4091/3029/2690
f 4081/3018/2679 4093/3031/2692 4092/3030/2691
f 4082/3019/2680 4094/3043/2704 4093/3031/2692
f 4095/3032/2693 4094/3043/2704 4082/3019/2680
f 4096/3033/2694 4095/3032/2693 4083/3021/2682
f 4098/3035/2696 4097/3048/1965 4085/3022/2683
f 4099/3036/2697 4098/3035/2696 4086/3024/2685
f 4100/3038/2699 4099/3036/2697 4087/3037/2698
f 4101/3039/2700 4100/3038/2699 4088/3025/2686
f 4102/3040/2701 4101/3039/2700 4089/3026/2687
f 4103/3041/2702 4102/3040/2701 4090/3027/2688
f 4092/3030/2691 4104/3042/2703 4103/3041/2702
f 4093/3031/2692 4105/3044/2705 4104/3042/2703
f 4094/3043/2704 4106/3045/2706 4105/3044/2705
f 4095/3032/2693 4107/3046/2707 4106/3045/2706
f 4096/3033/2694 4108/3057/1974 4107/3046/2707
f 4110/3047/2708 4109/3060/2719 4097/3048/1965
f 4111/3049/2709 4110/3047/2708 4098/3035/2696
f 4112/3050/2710 4111/3049/2709 4099/3036/2697
f 4113/3051/2711 4112/3050/2710 4100/3038/2699
f 4114/3052/2712 4113/3051/2711 4101/3039/2700
f 4115/3053/2713 4114/3052/2712 4102/3040/2701
f 4104/3042/2703 4116/3054/2714 4115/3053/2713
f 4105/3044/2705 4117/3055/2715 4116/3054/2714
f 4106/3045/2706 4118/3056/2716 4117/3055/2715
f 4107/3046/2707 4119/3058/2717 4118/3056/2716
f 4108/3057/1974 4120/3069/2728 4119/3058/2717
f 4122/3059/2718 4121/3072/2731 4109/3060/2719
f 4123/3061/2720 4122/3059/2718 4110/3047/2708
f 4124/3062/2721 4123/3061/2720 4111/3049/2709
f 4125/3063/2722 4124/3062/2721 4112/3050/2710
f 4126/3064/2723 4125/3063/2722 4113/3051/2711
f 4127/3065/2724 4126/3064/2723 4114/3052/2712
f 4116/3054/2714 4128/3066/2725 4127/3065/2724
f 4117/3055/2715 4129/3067/2726 4128/3066/2725
f 4118/3056/2716 4130/3068/2727 4129/3067/2726
f 4119/3058/2717 4131/3070/2729 4130/3068/2727
f 4120/3069/2728 4132/3081/2740 4131/3070/2729
f 4134/3071/2730 4133/3084/2743 4121/3072/2731
f 4135/3073/2732 4134/3071/2730 4122/3059/2718
f 4136/3074/2733 4135/3073/2732 4123/3061/2720
f 4137/3075/2734 4136/3074/2733 4124/3062/2721
f 4138/3076/2735 4137/3075/2734 4125/3063/2722
f 4139/3077/2736 4138/3076/2735 4126/3064/2723
f 4128/3066/2725 4140/3078/2737 4139/3077/2736
f 4129/3067/2726 4141/3079/2738 4140/3078/2737
f 4130/3068/2727 4142/3080/2739 4141/3079/2738
f 4131/3070/2729 4143/3082/2741 4142/3080/2739
f 4132/3081/2740 4144/3093/2752 4143/3082/2741
f 4146/3083/2742 4145/3096/2755 4133/3084/2743
f 4147/3085/2744 4146/3083/2742 4134/3071/2730
f 4148/3086/2745 4147/3085/2744 4135/3073/2732
f 4149/3087/2746 4148/3086/2745 4136/3074/2733
f 4150/3088/2747 4149/3087/2746 4137/3075/2734
f 4151/3089/2748 4150/3088/2747 4138/3076/2735
f 4140/3078/2737 4152/3090/2749 4151/3089/2748
f 4141/3079/2738 4153/3091/2750 4152/3090/2749
f 4142/3080/2739 4154/3092/2751 4153/3091/2750
f 4143/3082/2741 4155/3094/2753 4154/3092/2751
f 4144/3093/2752 4156/3105/2764 4155/3094/2753
f 4158/3095/2754 4157/3108/2767 4145/3096/2755
f 4159/3097/2756 4158/3095/2754 4146/3083/2742
f 4160/3098/2757 4159/3097/2756 4147/3085/2744
f 4161/3099/2758 4160/3098/2757 4148/3086/2745
f 4162/3100/2759 4161/3099/2758 4149/3087/2746
f 4163/3101/2760 4162/3100/2759 4150/3088/2747
f 4152/3090/2749 4164/3102/2761 4163/3101/2760
f 4153/3091/2750 4165/3103/2762 4164/3102/2761
f 4154/3092/2751 4166/3104/2763 4165/3103/2762
f 4155/3094/2753 4167/3106/2765 4166/3104/2763
f 4156/3105/2764 4168/3117/2776 4167/3106/2765
f 4170/3107/2766 4169/3120/2779 4157/3108/2767
f 4171/3109/2768 4170/3107/2766 4158/3095/2754
f 4172/3110/2769 4171/3109/2768 4159/3097/2756
f 4173/3111/2770 4172/3110/2769 4160/3098/2757
f 4174/3112/2771 4173/3111/2770 4161/3099/2758
f 4175/3113/2772 4174/3112/2771 4162/3100/2759
f 4164/3102/2761 4176/3114/2773 4175/3113/2772
f 4165/3103/2762 4177/3115/2774 4176/3114/2773
f 4166/3104/2763 4178/3116/2775 4177/3115/2774
f 4167/3106/2765 4179/3118/2777 4178/3116/2775
f 4168/3117/2776 4180/3129/2788 4179/3118/2777
f 4182/3119/2778 4181/3132/2791 4169/3120/2779
f 4183/3121/2780 4182/3119/2778 4170/3107/2766
f 4184/3122/2781 4183/3121/2780 4171/3109/2768
f 4185/3123/2782 4184/3122/2781 4172/3110/2769
f 4186/3124/2783 4185/3123/2782 4173/3111/2770
f 4187/3125/2784 4186/3124/2783 4174/3112/2771
f 4176/3114/2773 4188/3126/2785 4187/3125/2784
f 4177/3115/2774 4189/3127/2786 4188/3126/2785
f 4178/3116/2775 4190/3128/2787 4189/3127/2786
f 4179/3118/2777 4191/3130/2789 4190/3128/2787
f 4180/3129/2788 4192/3141/2800 4191/3130/2789
f 4194/3131/2790 4193/3144/2803 4181/3132/2791
f 4195/3133/2792 4194/3131/2790 4182/3119/2778
f 4196/3134/2793 4195/3133/2792 4183/3121/2780
f 4197/3135/2794 4196/3134/2793 4184/3122/2781
f 4198/3136/2795 4197/3135/2794 4185/3123/2782
f 4199/3137/2796 4198/3136/2795 4186/3124/2783
f 4188/3126/2785 4200/3138/2797 4199/3137/2796
f 4189/3127/2786 4201/3139/2798 4200/3138/2797
f 4190/3128/2787 4202/3140/2799 4201/3139/2798
f 4191/3130/2789 4203/3142/2801 4202/3140/2799
f 4192/3141/2800 4204/3153/2812 4203/3142/2801
f 4206/3143/2802 4205/3156/2815 4193/3144/2803
f 4207/3145/2804 4206/3143/2802 4194/3131/2790
f 4208/3146/2805 4207/3145/2804 4195/3133/2792
f 4209/3147/2806 4208/3146/2805 4196/3134/2793
f 4210/3148/2807 4209/3147/2806 4197/3135/2794
f 4211/3149/2808 4210/3148/2807 4198/3136/2795
f 4200/3138/2797 4212/3150/2809 4211/3149/2808
f 4201/3139/2798 4213/3151/2810 4212/3150/2809
f 4202/3140/2799 4214/3152/2811 4213/3151/2810
f 4203/3142/2801 4215/3154/2813 4214/3152/2811
f 4204/3153/2812 4216/3165/2824 4215/3154/2813
f 4218/3155/2814 4217/3168/2827 4205/3156/2815
f 4219/3157/2816 4218/3155/2814 4206/3143/2802
f 4220/3158/2817 4219/3157/2816 4207/3145/2804
f 4221/3159/2818 4220/3158/2817 4208/3146/2805
f 4222/3160/2819 4221/3159/2818 4209/3147/2806
f 4223/3161/2820 4222/3160/2819 4210/3148/2807
f 4212/3150/2809 4224/3162/2821 4223/3161/2820
f 4213/3151/2810 4225/3163/2822 4224/3162/2821
f 4214/3152/2811 4226/3164/2823 4225/3163/2822
f 4215/3154/2813 4227/3166/2825 4226/3164/2823
f 4216/3165/2824 4228/3177/2836 4227/3166/2825
f 4230/3167/2826 4229/3180/2839 4217/3168/2827
f 4231/3169/2828 4230/3167/2826 4218/3155/2814
f 4232/3170/2829 4231/3169/2828 4219/3157/2816
f 4233/3171/2830 4232/3170/2829 4220/3158/2817
f 4234/3172/2831 4233/3171/2830 4221/3159/2818
f 4235/3173/2832 4234/3172/2831 4222/3160/2819
f 4224/3162/2821 4236/3174/2833 4235/3173/2832
f 4225/3163/2822 4237/3175/2834 4236/3174/2833
f 4226/3164/2823 4238/3176/2835 4237/3175/2834
f 4227/3166/2825 4239/3178/2837 4238/3176/2835
f 4228/3177/2836 4240/3189/2848 4239/3178/2837
f 4242/3179/2838 4241/3192/2851 4229/3180/2839
f 4243/3181/2840 4242/3179/2838 4230/3167/2826
f 4244/3182/2841 4243/3181/2840 4231/3169/2828
f 4245/3183/2842 4244/3182/2841 4232/3170/2829
f 4246/3184/2843 4245/3183/2842 4233/3171/2830
f 4247/3185/2844 4246/3184/2843 4234/3172/2831
f 4236/3174/2833 4248/3186/2845 4247/3185/2844
f 4237/3175/2834 4249/3187/2846 4248/3186/2845
f 4238/3176/2835 4250/3188/2847 4249/3187/2846
f 4239/3178/2837 4251/3190/2849 4250/3188/2847
f 4240/3189/2848 4252/3201/2860 4251/3190/2849
f 4254/3191/2850 4253/3204/2863 4241/3192/2851
f 4255/3193/2852 4254/3191/2850 4242/3179/2838
f 4256/3194/2853 4255/3193/2852 4243/3181/2840
f 4257/3195/2854 4256/3194/2853 4244/3182/2841
f 4258/3196/2855 4257/3195/2854 4245/3183/2842
f 4259/3197/2856 4258/3196/2855 4246/3184/2843
f 4248/3186/2845 4260/3198/2857 4259/3197/2856
f 4249/3187/2846 4261/3199/2858 4260/3198/2857
f 4250/3188/2847 4262/3200/2859 4261/3199/2858
f 4251/3190/2849 4263/3202/2861 4262/3200/2859
f 4252/3201/2860 4264/3213/2872 4263/3202/2861
f 4254/3191/2850 4266/3205/2864 4265/3203/2862
f 4255/3193/2852 4267/3206/2865 4266/3205/2864
f 4256/3194/2853 4268/3216/2875 4267/3206/2865
f 4269/3207/2866 4268/3216/2875 4256/3194/2853
f 4258/3196/2855 4270/3219/2878 4269/3207/2866
f 4271/3208/2867 4270/3219/2878 4258/3196/2855
f 4272/3209/2868 4271/3208/2867 4259/3197/2856
f 4261/3199/2858 4273/3224/2883 4272/3209/2868
f 4274/3210/2869 4273/3224/2883 4261/3199/2858
f 4275/3211/2870 4274/3210/2869 4262/3200/2859
f 4276/3212/2871 4275/3211/2870 4263/3202/2861
f 4266/3205/2864 4278/3215/2874 4277/3214/2873
f 4267/3206/2865 4279/3217/2876 4278/3215/2874
f 4268/3216/2875 4280/3218/2877 4279/3217/2876
f 4269/3207/2866 4281/3220/2879 4280/3218/2877
f 4270/3219/2878 4282/3232/2891 4281/3220/2879
f 4283/3221/2880 4282/3232/2891 4270/3219/2878
f 4284/3222/2881 4283/3221/2880 4271/3208/2867
f 4285/3223/2882 4284/3222/2881 4272/3209/2868
f 4286/3225/2884 4285/3223/2882 4273/3224/2883
f 4287/3226/2885 4286/3225/2884 4274/3210/2869
f 4288/3227/2886 4287/3226/2885 4275/3211/2870
f 4278/3215/2874 4290/3229/2888 4289/3228/2887
f 4279/3217/2876 4291/3230/2889 4290/3229/2888
f 4280/3218/2877 4292/3231/2890 4291/3230/2889
f 4281/3220/2879 4293/3233/2892 4292/3231/2890
f 4282/3232/2891 4294/3244/2902 4293/3233/2892
f 4295/3234/2893 4294/3244/2902 4282/3232/2891
f 4296/3235/2894 4295/3234/2893 4283/3221/2880
f 4297/3236/2895 4296/3235/2894 4284/3222/2881
f 4298/3237/2896 4297/3236/2895 4285/3223/2882
f 4299/3238/2897 4298/3237/2896 4286/3225/2884
f 4300/3239/2898 4299/3238/2897 4287/3226/2885
f 4290/3229/2888 4302/3241/2899 4301/3240/2767
f 4291/3230/2889 4303/3242/2900 4302/3241/2899
f 4292/3231/2890 4304/3243/2901 4303/3242/2900
f 4293/3233/2892 4305/3245/2903 4304/3243/2901
f 4294/3244/2902 4306/3256/2913 4305/3245/2903
f 4307/3246/2904 4306/3256/2913 4294/3244/2902
f 4308/3247/2905 4307/3246/2904 4295/3234/2893
f 4309/3248/2906 4308/3247/2905 4296/3235/2894
f 4310/3249/2907 4309/3248/2906 4297/3236/2895
f 4311/3250/2908 4310/3249/2907 4298/3237/2896
f 4312/3251/2776 4311/3250/2908 4299/3238/2897
f 4302/3241/2899 4314/3253/2910 4313/3252/2909
f 4303/3242/2900 4315/3254/2911 4314/3253/2910
f 4304/3243/2901 4316/3255/2912 4315/3254/2911
f 4305/3245/2903 4317/3257/2914 4316/3255/2912
f 4306/3256/2913 4318/3268/2925 4317/3257/2914
f 4319/3258/2915 4318/3268/2925 4306/3256/2913
f 4320/3259/2916 4319/3258/2915 4307/3246/2904
f 4321/3260/2917 4320/3259/2916 4308/3247/2905
f 4322/3261/2918 4321/3260/2917 4309/3248/2906
f 4323/3262/2919 4322/3261/2918 4310/3249/2907
f 4324/3263/2920 4323/3262/2919 4311/3250/2908
f 4314/3253/2910 4326/3265/2922 4325/3264/2921
f 4315/3254/2911 4327/3266/2923 4326/3265/2922
f 4316/3255/2912 4328/3267/2924 4327/3266/2923
f 4317/3257/2914 4329/3269/2926 4328/3267/2924
f 4318/3268/2925 4330/3280/2937 4329/3269/2926
f 4331/3270/2927 4330/3280/2937 4318/3268/2925
f 4332/3271/2928 4331/3270/2927 4319/3258/2915
f 4333/3272/2929 4332/3271/2928 4320/3259/2916
f 4334/3273/2930 4333/3272/2929 4321/3260/2917
f 4335/3274/2931 4334/3273/2930 4322/3261/2918
f 4336/3275/2932 4335/3274/2931 4323/3262/2919
f 4326/3265/2922 4338/3277/2934 4337/3276/2933
f 4327/3266/2923 4339/3278/2935 4338/3277/2934
f 4328/3267/2924 4340/3279/2936 4339/3278/2935
f 4329/3269/2926 4341/3281/2938 4340/3279/2936
f 4330/3280/2937 4342/3292/2949 4341/3281/2938
f 4343/3282/2939 4342/3292/2949 4330/3280/2937
f 4344/3283/2940 4343/3282/2939 4331/3270/2927
f 4345/3284/2941 4344/3283/2940 4332/3271/2928
f 4346/3285/2942 4345/3284/2941 4333/3272/2929
f 4347/3286/2943 4346/3285/2942 4334/3273/2930
f 4348/3287/2944 4347/3286/2943 4335/3274/2931
f 4338/3277/2934 4350/3289/2946 4349/3288/2945
f 4339/3278/2935 4351/3290/2947 4350/3289/2946
f 4340/3279/2936 4352/3291/2948 4351/3290/2947
f 4341/3281/2938 4353/3293/2950 4352/3291/2948
f 4342/3292/2949 4354/3304/2961 4353/3293/2950
f 4355/3294/2951 4354/3304/2961 4342/3292/2949
f 4356/3295/2952 4355/3294/2951 4343/3282/2939
f 4357/3296/2953 4356/3295/2952 4344/3283/2940
f 4358/3297/2954 4357/3296/2953 4345/3284/2941
f 4359/3298/2955 4358/3297/2954 4346/3285/2942
f 4360/3299/2956 4359/3298/2955 4347/3286/2943
f 4350/3289/2946 4362/3301/2958 4361/3300/2957
f 4351/3290/2947 4363/3302/2959 4362/3301/2958
f 4352/3291/2948 4364/3303/2960 4363/3302/2959
f 4353/3293/2950 4365/3305/2962 4364/3303/2960
f 4354/3304/2961 4366/3317/2974 4365/3305/2962
f 4367/3306/2963 4366/3317/2974 4354/3304/2961
f 4368/3307/2964 4367/3306/2963 4355/3294/2951
f 4369/3308/2965 4368/3307/2964 4356/3295/2952
f 4370/3309/2966 4369/3308/2965 4357/3296/2953
f 4371/3310/2967 4370/3309/2966 4358/3297/2954
f 4372/3311/2968 4371/3310/2967 4359/3298/2955
f 4374/3312/2969 4373/3324/2981 4361/3300/2957
f 4375/3313/2970 4374/3312/2969 4362/3301/2958
f 4376/3314/2971 4375/3313/2970 4363/3302/2959
f 4377/3315/2972 4376/3314/2971 4364/3303/2960
f 4378/3316/2973 4377/3315/2972 4365/3305/2962
f 4379/3318/2975 4378/3316/2973 4366/3317/2974
f 4368/3307/2964 4380/3319/2976 4379/3318/2975
f 4369/3308/2965 4381/3320/2977 4380/3319/2976
f 4370/3309/2966 4382/3321/2978 4381/3320/2977
f 4371/3310/2967 4383/3322/2979 4382/3321/2978
f 4372/3311/2968 4384/3333/2990 4383/3322/2979
f 4386/3323/2980 4385/3336/2993 4373/3324/2981
f 4387/3325/2982 4386/3323/2980 4374/3312/2969
f 4388/3326/2983 4387/3325/2982 4375/3313/2970
f 4389/3327/2984 4388/3326/2983 4376/3314/2971
f 4390/3328/2985 4389/3327/2984 4377/3315/2972
f 4391/3329/2986 4390/3328/2985 4378/3316/2973
f 4380/3319/2976 4392/3330/2987 4391/3329/2986
f 4381/3320/2977 4393/3331/2988 4392/3330/2987
f 4382/3321/2978 4394/3332/2989 4393/3331/2988
f 4383/3322/2979 4395/3334/2991 4394/3332/2989
f 4384/3333/2990 4396/3345/3002 4395/3334/2991
f 4398/3335/2992 4397/3348/3005 4385/3336/2993
f 4399/3337/2994 4398/3335/2992 4386/3323/2980
f 4400/3338/2995 4399/3337/2994 4387/3325/2982
f 4401/3339/2996 4400/3338/2995 4388/3326/2983
f 4402/3340/2997 4401/3339/2996 4389/3327/2984
f 4403/3341/2998 4402/3340/2997 4390/3328/2985
f 4392/3330/2987 4404/3342/2999 4403/3341/2998
f 4393/3331/2988 4405/3343/3000 4404/3342/2999
f 4394/3332/2989 4406/3344/3001 4405/3343/3000
f 4395/3334/2991 4407/3346/3003 4406/3344/3001
f 4396/3345/3002 4408/3357/3014 4407/3346/3003
f 4410/3347/3004 4409/3360/3017 4397/3348/3005
f 4411/3349/3006 4410/3347/3004 4398/3335/2992
f 4412/3350/3007 4411/3349/3006 4399/3337/2994
f 4413/3351/3008 4412/3350/3007 4400/3338/2995
f 4414/3352/3009 4413/3351/3008 4401/3339/2996
f 4415/3353/3010 4414/3352/3009 4402/3340/2997
f 4404/3342/2999 4416/3354/3011 4415/3353/3010
f 4405/3343/3000 4417/3355/3012 4416/3354/3011
f 4406/3344/3001 4418/3356/3013 4417/3355/3012
f 4407/3346/3003 4419/3358/3015 4418/3356/3013
f 4408/3357/3014 4420/3369/3026 4419/3358/3015
f 4422/3359/3016 4421/3372/3029 4409/3360/3017
f 4423/3361/3018 4422/3359/3016 4410/3347/3004
f 4424/3362/3019 4423/3361/3018 4411/3349/3006
f 4425/3363/3020 4424/3362/3019 4412/3350/3007
f 4426/3364/3021 4425/3363/3020 4413/3351/3008
f 4427/3365/3022 4426/3364/3021 4414/3352/3009
f 4416/3354/3011 4428/3366/3023 4427/3365/3022
f 4417/3355/3012 4429/3367/3024 4428/3366/3023
f 4418/3356/3013 4430/3368/3025 4429/3367/3024
f 4419/3358/3015 4431/3370/3027 4430/3368/3025
f 4420/3369/3026 4432/3381/3038 4431/3370/3027
f 4434/3371/3028 4433/3384/3041 4421/3372/3029
f 4435/3373/3030 4434/3371/3028 4422/3359/3016
f 4436/3374/3031 4435/3373/3030 4423/3361/3018
f 4437/3375/3032 4436/3374/3031 4424/3362/3019
f 4438/3376/3033 4437/3375/3032 4425/3363/3020
f 4439/3377/3034 4438/3376/3033 4426/3364/3021
f 4428/3366/3023 4440/3378/3035 4439/3377/3034
f 4429/3367/3024 4441/3379/3036 4440/3378/3035
f 4430/3368/3025 4442/3380/3037 4441/3379/3036
f 4431/3370/3027 4443/3382/3039 4442/3380/3037
f 4432/3381/3038 4444/3393/3050 4443/3382/3039
f 4446/3383/3040 4445/3396/3053 4433/3384/3041
f 4447/3385/3042 4446/3383/3040 4434/3371/3028
f 4448/3386/3043 4447/3385/3042 4435/3373/3030
f 4449/3387/3044 4448/3386/3043 4436/3374/3031
f 4450/3388/3045 4449/3387/3044 4437/3375/3032
f 4451/3389/3046 4450/3388/3045 4438/3376/3033
f 4440/3378/3035 4452/3390/3047 4451/3389/3046
f 4441/3379/3036 4453/3391/3048 4452/3390/3047
f 4442/3380/3037 4454/3392/3049 4453/3391/3048
f 4443/3382/3039 4455/3394/3051 4454/3392/3049
f 4444/3393/3050 4456/3405/3062 4455/3394/3051
f 4458/3395/3052 4457/3408/3065 4445/3396/3053
f 4459/3397/3054 4458/3395/3052 4446/3383/3040
f 4460/3398/3055 4459/3397/3054 4447/3385/3042
f 4461/3399/3056 4460/3398/3055 4448/3386/3043
f 4462/3400/3057 4461/3399/3056 4449/3387/3044
f 4463/3401/3058 4462/3400/3057 4450/3388/3045
f 4452/3390/3047 4464/3402/3059 4463/3401/3058
f 4453/3391/3048 4465/3403/3060 4464/3402/3059
f 4454/3392/3049 4466/3404/3061 4465/3403/3060
f 4455/3394/3051 4467/3406/3063 4466/3404/3061
f 4456/3405/3062 4468/3417/3074 4467/3406/3063
f 4470/3407/3064 4469/3420/3077 4457/3408/3065
f 4471/3409/3066 4470/3407/3064 4458/3395/3052
f 4472/3410/3067 4471/3409/3066 4459/3397/3054
f 4473/3411/3068 4472/3410/3067 4460/3398/3055
f 4474/3412/3069 4473/3411/3068 4461/3399/3056
f 4475/3413/3070 4474/3412/3069 4462/3400/3057
f 4464/3402/3059 4476/3414/3071 4475/3413/3070
f 4465/3403/3060 4477/3415/3072 4476/3414/3071
f 4466/3404/3061 4478/3416/3073 4477/3415/3072
f 4467/3406/3063 4479/3418/3075 4478/3416/3073
f 4468/3417/3074 4480/3429/3086 4479/3418/3075
f 4482/3419/3076 4481/3432/3089 4469/3420/3077
f 4483/3421/3078 4482/3419/3076 4470/3407/3064
f 4484/3422/3079 4483/3421/3078 4471/3409/3066
f 4485/3423/3080 4484/3422/3079 4472/3410/3067
f 4486/3424/3081 4485/3423/3080 4473/3411/3068
f 4487/3425/3082 4486/3424/3081 4474/3412/3069
f 4476/3414/3071 4488/3426/3083 4487/3425/3082
f 4477/3415/3072 4489/3427/3084 4488/3426/3083
f 4478/3416/3073 4490/3428/3085 4489/3427/3084
f 4479/3418/3075 4491/3430/3087 4490/3428/3085
f 4480/3429/3086 4492/3443/3100 4491/3430/3087
f 4482/3419/3076 4494/3433/3090 4493/3431/3088
f 4483/3421/3078 4495/3434/3091 4494/3433/3090
f 4484/3422/3079 4496/3435/3092 4495/3434/3091
f 4485/3423/3080 4497/3436/3093 4496/3435/3092
f 4486/3424/3081 4498/3448/3105 4497/3436/3093
f 4499/3437/3094 4498/3448/3105 4486/3424/3081
f 4500/3438/3095 4499/3437/3094 4487/3425/3082
f 4501/3439/3096 4500/3438/3095 4488/3426/3083
f 4502/3440/3097 4501/3439/3096 4489/3427/3084
f 4503/3441/3098 4502/3440/3097 4490/3428/3085
f 4504/3442/3099 4503/3441/3098 4491/3430/3087
f 4494/3433/3090 4506/3445/3102 4505/3444/3101
f 4495/3434/3091 4507/3446/3103 4506/3445/3102
f 4496/3435/3092 4508/3447/3104 4507/3446/3103
f 4497/3436/3093 4509/3449/3106 4508/3447/3104
f 4498/3448/3105 4510/3460/3116 4509/3449/3106
f 4511/3450/3107 4510/3460/3116 4498/3448/3105
f 4512/3451/3108 4511/3450/3107 4499/3437/3094
f 4513/3452/3109 4512/3451/3108 4500/3438/3095
f 4514/3453/3110 4513/3452/3109 4501/3439/3096
f 4515/3454/3111 4514/3453/3110 4502/3440/3097
f 4516/3455/3112 4515/3454/3111 4503/3441/3098
f 4506/3445/3102 4518/3457/3113 4517/3456/746
f 4507/3446/3103 4519/3458/3114 4518/3457/3113
f 4508/3447/3104 4520/3459/3115 4519/3458/3114
f 4509/3449/3106 4521/3461/3117 4520/3459/3115
f 4510/3460/3116 4522/3472/3127 4521/3461/3117
f 4523/3462/3118 4522/3472/3127 4510/3460/3116
f 4524/3463/3119 4523/3462/3118 4511/3450/3107
f 4525/3464/3120 4524/3463/3119 4512/3451/3108
f 4526/3465/3121 4525/3464/3120 4513/3452/3109
f 4527/3466/3122 4526/3465/3121 4514/3453/3110
f 4528/3467/755 4527/3466/3122 4515/3454/3111
f 4518/3457/3113 4530/3469/3124 4529/3468/3123
f 4519/3458/3114 4531/3470/3125 4530/3469/3124
f 4520/3459/3115 4532/3471/3126 4531/3470/3125
f 4521/3461/3117 4533/3473/3128 4532/3471/3126
f 4522/3472/3127 4534/3485/3135 4533/3473/3128
f 4535/3474/3129 4534/3485/3135 4522/3472/3127
f 4536/3475/3130 4535/3474/3129 4523/3462/3118
f 4537/3476/3131 4536/3475/3130 4524/3463/3119
f 4538/3477/3132 4537/3476/3131 4525/3464/3120
f 4539/3478/3133 4538/3477/3132 4526/3465/3121
f 4540/3479/3134 4539/3478/3133 4527/3466/3122
f 4542/3480/1181 4541/3492/1180 4529/3468/3123
f 4543/3481/1183 4542/3480/1181 4530/3469/3124
f 4544/3482/1185 4543/3481/1183 4531/3470/3125
f 4545/3483/1187 4544/3482/1185 4532/3471/3126
f 4546/3484/1189 4545/3483/1187 4533/3473/3128
f 4547/3486/1302 4546/3484/1189 4534/3485/3135
f 4536/3475/3130 4548/3487/1193 4547/3486/1302
f 4537/3476/3131 4549/3488/1195 4548/3487/1193
f 4538/3477/3132 4550/3489/1197 4549/3488/1195
f 4539/3478/3133 4551/3490/1199 4550/3489/1197
f 4540/3479/3134 4552/3503/1201 4551/3490/1199
f 4542/3480/1181 4554/3493/1212 4553/3491/1180
f 4543/3481/1183 4555/3494/1213 4554/3493/1212
f 4544/3482/1185 4556/3495/1214 4555/3494/1213
f 4545/3483/1187 4557/3496/1303 4556/3495/1214
f 4546/3484/1189 4558/3509/1216 4557/3496/1303
f 4559/3497/1218 4558/3509/1216 4546/3484/1189
f 4560/3498/1415 4559/3497/1218 4547/3486/1302
f 4561/3499/1220 4560/3498/1415 4548/3487/1193
f 4562/3500/1221 4561/3499/1220 4549/3488/1195
f 4563/3501/1222 4562/3500/1221 4550/3489/1197
f 4564/3502/1201 4563/3501/1222 4551/3490/1199
f 4566/3504/1224 4565/3517/1236 4553/3491/1180
f 4567/3505/1225 4566/3504/1224 4554/3493/1212
f 4568/3506/1226 4567/3505/1225 4555/3494/1213
f 4569/3507/1227 4568/3506/1226 4556/3495/1214
f 4570/3508/1228 4569/3507/1227 4557/3496/1303
f 4571/3510/1229 4570/3508/1228 4558/3509/1216
f 4572/3511/1230 4571/3510/1229 4559/3497/1218
f 4573/3512/1231 4572/3511/1230 4560/3498/1415
f 4574/3513/1232 4573/3512/1231 4561/3499/1220
f 4575/3514/1233 4574/3513/1232 4562/3500/1221
f 4576/3515/1234 4575/3514/1233 4563/3501/1222
f 4578/3516/1235 4577/3529/1247 4565/3517/1236
f 4579/3518/1237 4578/3516/1235 4566/3504/1224
f 4580/3519/1238 4579/3518/1237 4567/3505/1225
f 4581/3520/1239 4580/3519/1238 4568/3506/1226
f 4582/3521/1240 4581/3520/1239 4569/3507/1227
f 4583/3522/1241 4582/3521/1240 4570/3508/1228
f 4584/3523/1242 4583/3522/1241 4571/3510/1229
f 4585/3524/1243 4584/3523/1242 4572/3511/1230
f 4586/3525/1244 4585/3524/1243 4573/3512/1231
f 4587/3526/1245 4586/3525/1244 4574/3513/1232
f 4588/3527/1246 4587/3526/1245 4575/3514/1233
f 4590/3528/3136 4589/3539/3146 4577/3529/1247
f 4591/3530/3137 4590/3528/3136 4578/3516/1235
f 4592/3531/3138 4591/3530/3137 4579/3518/1237
f 4593/3532/3139 4592/3531/3138 4580/3519/1238
f 4594/3533/3140 4593/3532/3139 4581/3520/1239
f 4595/3534/3141 4594/3533/3140 4582/3521/1240
f 4584/3523/1242 4596/3535/3142 4595/3534/3141
f 4585/3524/1243 4597/3536/3143 4596/3535/3142
f 4586/3525/1244 4598/3537/3144 4597/3536/3143
f 4587/3526/1245 4599/3538/3145 4598/3537/3144
f 4588/3527/1246 4600/3540/3147 4599/3538/3145
f 4590/3528/3136 3798/1454/2398 3797/1/2400
f 4591/3530/3137 3799/1456/2401 3798/1454/2398
f 4592/3531/3138 3800/1457/2403 3799/1456/2401
f 4593/3532/3139 3801/1458/2405 3800/1457/2403
f 4594/3533/3140 3802/1459/2407 3801/1458/2405
f 3803/1460/2410 3802/1459/2407 4594/3533/3140
f 3804/1461/2412 3803/1460/2410 4595/3534/3141
f 3805/1462/2414 3804/1461/2412 4596/3535/3142
f 3806/1463/2416 3805/1462/2414 4597/3536/3143
f 3807/1465/2418 3806/1463/2416 4598/3537/3144
f 3808/1774/2420 3807/1465/2418 4599/3538/3145
f 4614/3541/3148 4613/3552/3171 4601/7/3149
f 4615/3542/3151 4614/3541/3148 4602/288/3150
f 4616/3543/3153 4615/3542/3151 4603/290/3152
f 4617/3544/3155 4616/3543/3153 4604/292/3154
f 4618/3545/3157 4617/3544/3155 4605/294/3156
f 4619/3546/3159 4618/3545/3157 4606/296/3158
f 4608/301/3161 4620/3547/3163 4619/3546/3159
f 4609/303/3162 4621/3548/3165 4620/3547/3163
f 4610/305/3164 4622/3549/3167 4621/3548/3165
f 4611/307/3166 4623/3550/3169 4622/3549/3167
f 4612/309/3168 4624/3561/3180 4623/3550/3169
f 4626/3551/3170 4625/3563/3183 4613/3552/3171
f 4627/3553/3172 4626/3551/3170 4614/3541/3148
f 4628/3554/3173 4627/3553/3172 4615/3542/3151
f 4629/3555/3174 4628/3554/3173 4616/3543/3153
f 4630/3556/3175 4629/3555/3174 4617/3544/3155
f 4631/3557/3176 4630/3556/3175 4618/3545/3157
f 4620/3547/3163 4632/3558/3177 4631/3557/3176
f 4621/3548/3165 4633/3559/3178 4632/3558/3177
f 4622/3549/3167 4634/3560/3179 4633/3559/3178
f 4623/3550/3169 4635/3562/3181 4634/3560/3179
f 4624/3561/3180 4636/3564/3192 4635/3562/3181
f 4638/1775/3182 4637/100/3195 4625/3563/3183
f 4639/1776/3184 4638/1775/3182 4626/3551/3170
f 4640/1777/3185 4639/1776/3184 4627/3553/3172
f 4641/1778/3186 4640/1777/3185 4628/3554/3173
f 4642/1779/3187 4641/1778/3186 4629/3555/3174
f 4643/1780/3188 4642/1779/3187 4630/3556/3175
f 4632/3558/3177 4644/1781/3189 4643/1780/3188
f 4633/3559/3178 4645/1782/3190 4644/1781/3189
f 4634/3560/3179 4646/1783/3191 4645/1782/3190
f 4635/3562/3181 4647/1784/3193 4646/1783/3191
f 4636/3564/3192 4648/1795/3204 4647/1784/3193
f 4650/3565/3194 4649/3576/3207 4637/100/3195
f 4651/3566/3196 4650/3565/3194 4638/1775/3182
f 4652/3567/3197 4651/3566/3196 4639/1776/3184
f 4653/3568/3198 4652/3567/3197 4640/1777/3185
f 4654/3569/3199 4653/3568/3198 4641/1778/3186
f 4655/3570/3200 4654/3569/3199 4642/1779/3187
f 4644/1781/3189 4656/3571/3201 4655/3570/3200
f 4645/1782/3190 4657/3572/3202 4656/3571/3201
f 4646/1783/3191 4658/3573/3203 4657/3572/3202
f 4647/1784/3193 4659/3574/3205 4658/3573/3203
f 4648/1795/3204 4660/3585/3216 4659/3574/3205
f 4662/3575/3206 4661/3587/3219 4649/3576/3207
f 4663/3577/3208 4662/3575/3206 4650/3565/3194
f 4664/3578/3209 4663/3577/3208 4651/3566/3196
f 4665/3579/3210 4664/3578/3209 4652/3567/3197
f 4666/3580/3211 4665/3579/3210 4653/3568/3198
f 4667/3581/3212 4666/3580/3211 4654/3569/3199
f 4656/3571/3201 4668/3582/3213 4667/3581/3212
f 4657/3572/3202 4669/3583/3214 4668/3582/3213
f 4658/3573/3203 4670/3584/3215 4669/3583/3214
f 4659/3574/3205 4671/3586/3217 4670/3584/3215
f 4660/3585/3216 4672/3588/3228 4671/3586/3217
f 4674/1785/3218 4673/99/3231 4661/3587/3219
f 4675/1786/3220 4674/1785/3218 4662/3575/3206
f 4676/1787/3221 4675/1786/3220 4663/3577/3208
f 4677/1788/3222 4676/1787/3221 4664/3578/3209
f 4678/1796/3223 4677/1788/3222 4665/3579/3210
f 4679/1789/3224 4678/1796/3223 4666/3580/3211
f 4668/3582/3213 4680/1790/3225 4679/1789/3224
f 4669/3583/3214 4681/1791/3226 4680/1790/3225
f 4670/3584/3215 4682/1792/3227 4681/1791/3226
f 4671/3586/3217 4683/1793/3229 4682/1792/3227
f 4672/3588/3228 4684/1794/3242 4683/1793/3229
f 4674/1785/3218 4686/3590/3232 4685/3589/3230
f 4675/1786/3220 4687/3591/3233 4686/3590/3232
f 4676/1787/3221 4688/3592/3234 4687/3591/3233
f 4677/1788/3222 4689/3593/3235 4688/3592/3234
f 4678/1796/3223 4690/3604/3247 4689/3593/3235
f 4691/3594/3236 4690/3604/3247 4678/1796/3223
f 4692/3595/3237 4691/3594/3236 4679/1789/3224
f 4693/3596/3238 4692/3595/3237 4680/1790/3225
f 4694/3597/3239 4693/3596/3238 4681/1791/3226
f 4695/3598/3240 4694/3597/3239 4682/1792/3227
f 4696/3599/3241 4695/3598/3240 4683/1793/3229
f 4686/3590/3232 4698/3601/3244 4697/3600/3243
f 4687/3591/3233 4699/3602/3245 4698/3601/3244
f 4688/3592/3234 4700/3603/3246 4699/3602/3245
f 4689/3593/3235 4701/3605/3248 4700/3603/3246
f 4690/3604/3247 4702/3612/3259 4701/3605/3248
f 4703/3606/3249 4702/3612/3259 4690/3604/3247
f 4704/3607/3250 4703/3606/3249 4691/3594/3236
f 4705/3608/3251 4704/3607/3250 4692/3595/3237
f 4706/3609/3252 4705/3608/3251 4693/3596/3238
f 4707/3610/3253 4706/3609/3252 4694/3597/3239
f 4708/3611/3254 4707/3610/3253 4695/3598/3240
f 4698/3601/3244 4710/1501/3256 4709/101/3255
f 4699/3602/3245 4711/1502/3257 4710/1501/3256
f 4700/3603/3246 4712/1503/3258 4711/1502/3257
f 4701/3605/3248 4713/1504/3260 4712/1503/3258
f 4702/3612/3259 4714/1505/3271 4713/1504/3260
f 4715/1506/3261 4714/1505/3271 4702/3612/3259
f 4716/1507/3262 4715/1506/3261 4703/3606/3249
f 4717/1508/3263 4716/1507/3262 4704/3607/3250
f 4718/1509/3264 4717/1508/3263 4705/3608/3251
f 4719/1510/3265 4718/1509/3264 4706/3609/3252
f 4720/1521/3266 4719/1510/3265 4707/3610/3253
f 4710/1501/3256 4722/3614/3268 4721/3613/3267
f 4711/1502/3257 4723/3615/3269 4722/3614/3268
f 4712/1503/3258 4724/3616/3270 4723/3615/3269
f 4713/1504/3260 4725/3617/3272 4724/3616/3270
f 4714/1505/3271 4726/3628/3283 4725/3617/3272
f 4727/3618/3273 4726/3628/3283 4714/1505/3271
f 4728/3619/3274 4727/3618/3273 4715/1506/3261
f 4729/3620/3275 4728/3619/3274 4716/1507/3262
f 4730/3621/3276 4729/3620/3275 4717/1508/3263
f 4731/3622/3277 4730/3621/3276 4718/1509/3264
f 4732/3623/3278 4731/3622/3277 4719/1510/3265
f 4722/3614/3268 4734/3625/3280 4733/3624/3279
f 4723/3615/3269 4735/3626/3281 4734/3625/3280
f 4724/3616/3270 4736/3627/3282 4735/3626/3281
f 4725/3617/3272 4737/3629/3284 4736/3627/3282
f 4726/3628/3283 4738/3636/3295 4737/3629/3284
f 4739/3630/3285 4738/3636/3295 4726/3628/3283
f 4740/3631/3286 4739/3630/3285 4727/3618/3273
f 4741/3632/3287 4740/3631/3286 4728/3619/3274
f 4742/3633/3288 4741/3632/3287 4729/3620/3275
f 4743/3634/3289 4742/3633/3288 4730/3621/3276
f 4744/3635/3290 4743/3634/3289 4731/3622/3277
f 4734/3625/3280 4746/1797/3292 4745/102/3291
f 4735/3626/3281 4747/1798/3293 4746/1797/3292
f 4736/3627/3282 4748/1799/3294 4747/1798/3293
f 4737/3629/3284 4749/1800/3296 4748/1799/3294
f 4738/3636/3295 4750/1801/3308 4749/1800/3296
f 4751/1802/3297 4750/1801/3308 4738/3636/3295
f 4752/1803/3298 4751/1802/3297 4739/3630/3285
f 4753/1804/3299 4752/1803/3298 4740/3631/3286
f 4754/1805/3300 4753/1804/3299 4741/3632/3287
f 4755/1806/3301 4754/1805/3300 4742/3633/3288
f 4756/1817/3302 4755/1806/3301 4743/3634/3289
f 4758/3637/3303 4757/3648/3315 4745/102/3291
f 4759/3638/3304 4758/3637/3303 4746/1797/3292
f 4760/3639/3305 4759/3638/3304 4747/1798/3293
f 4761/3640/3306 4760/3639/3305 4748/1799/3294
f 4762/3641/3307 4761/3640/3306 4749/1800/3296
f 4763/3642/3309 4762/3641/3307 4750/1801/3308
f 4752/1803/3298 4764/3643/3310 4763/3642/3309
f 4753/1804/3299 4765/3644/3311 4764/3643/3310
f 4754/1805/3300 4766/3645/3312 4765/3644/3311
f 4755/1806/3301 4767/3646/3313 4766/3645/3312
f 4756/1817/3302 4768/3657/3324 4767/3646/3313
f 4770/3647/3314 4769/3659/3327 4757/3648/3315
f 4771/3649/3316 4770/3647/3314 4758/3637/3303
f 4772/3650/3317 4771/3649/3316 4759/3638/3304
f 4773/3651/3318 4772/3650/3317 4760/3639/3305
f 4774/3652/3319 4773/3651/3318 4761/3640/3306
f 4775/3653/3320 4774/3652/3319 4762/3641/3307
f 4764/3643/3310 4776/3654/3321 4775/3653/3320
f 4765/3644/3311 4777/3655/3322 4776/3654/3321
f 4766/3645/3312 4778/3656/3323 4777/3655/3322
f 4767/3646/3313 4779/3658/3325 4778/3656/3323
f 4768/3657/3324 4780/3660/3336 4779/3658/3325
f 4782/1807/3326 4781/103/3339 4769/3659/3327
f 4783/1808/3328 4782/1807/3326 4770/3647/3314
f 4784/1809/3329 4783/1808/3328 4771/3649/3316
f 4785/1810/3330 4784/1809/3329 4772/3650/3317
f 4786/1818/3331 4785/1810/3330 4773/3651/3318
f 4787/1811/3332 4786/1818/3331 4774/3652/3319
f 4776/3654/3321 4788/1812/3333 4787/1811/3332
f 4777/3655/3322 4789/1813/3334 4788/1812/3333
f 4778/3656/3323 4790/1814/3335 4789/1813/3334
f 4779/3658/3325 4791/1815/3337 4790/1814/3335
f 4780/3660/3336 4792/1816/3348 4791/1815/3337
f 4794/3661/3338 4793/3672/3351 4781/103/3339
f 4795/3662/3340 4794/3661/3338 4782/1807/3326
f 4796/3663/3341 4795/3662/3340 4783/1808/3328
f 4797/3664/3342 4796/3663/3341 4784/1809/3329
f 4798/3665/3343 4797/3664/3342 4785/1810/3330
f 4799/3666/3344 4798/3665/3343 4786/1818/3331
f 4788/1812/3333 4800/3667/3345 4799/3666/3344
f 4789/1813/3334 4801/3668/3346 4800/3667/3345
f 4790/1814/3335 4802/3669/3347 4801/3668/3346
f 4791/1815/3337 4803/3670/3349 4802/3669/3347
f 4792/1816/3348 4804/3681/3360 4803/3670/3349
f 4806/3671/3350 4805/3683/3363 4793/3672/3351
f 4807/3673/3352 4806/3671/3350 4794/3661/3338
f 4808/3674/3353 4807/3673/3352 4795/3662/3340
f 4809/3675/3354 4808/3674/3353 4796/3663/3341
f 4810/3676/3355 4809/3675/3354 4797/3664/3342
f 4811/3677/3356 4810/3676/3355 4798/3665/3343
f 4800/3667/3345 4812/3678/3357 4811/3677/3356
f 4801/3668/3346 4813/3679/3358 4812/3678/3357
f 4802/3669/3347 4814/3680/3359 4813/3679/3358
f 4803/3670/3349 4815/3682/3361 4814/3680/3359
f 4804/3681/3360 4816/3684/3374 4815/3682/3361
f 4806/3671/3350 4818/1532/3364 4817/104/3362
f 4807/3673/3352 4819/1534/3365 4818/1532/3364
f 4808/3674/3353 4820/1535/3366 4819/1534/3365
f 4809/3675/3354 4821/1536/3367 4820/1535/3366
f 4810/3676/3355 4822/1538/3379 4821/1536/3367
f 4823/1539/3368 4822/1538/3379 4810/3676/3355
f 4824/1540/3369 4823/1539/3368 4811/3677/3356
f 4825/1542/3370 4824/1540/3369 4812/3678/3357
f 4826/1543/3371 4825/1542/3370 4813/3679/3358
f 4827/1545/3372 4826/1543/3371 4814/3680/3359
f 4828/1546/3373 4827/1545/3372 4815/3682/3361
f 4818/1532/3364 4830/3686/3376 4829/3685/3375
f 4819/1534/3365 4831/3687/3377 4830/3686/3376
f 4820/1535/3366 4832/3688/3378 4831/3687/3377
f 4821/1536/3367 4833/3689/3380 4832/3688/3378
f 4822/1538/3379 4834/3700/3391 4833/3689/3380
f 4835/3690/3381 4834/3700/3391 4822/1538/3379
f 4836/3691/3382 4835/3690/3381 4823/1539/3368
f 4837/3692/3383 4836/3691/3382 4824/1540/3369
f 4838/3693/3384 4837/3692/3383 4825/1542/3370
f 4839/3694/3385 4838/3693/3384 4826/1543/3371
f 4840/3695/3386 4839/3694/3385 4827/1545/3372
f 4830/3686/3376 4842/3697/3388 4841/3696/3387
f 4831/3687/3377 4843/3698/3389 4842/3697/3388
f 4832/3688/3378 4844/3699/3390 4843/3698/3389
f 4833/3689/3380 4845/3701/3392 4844/3699/3390
f 4834/3700/3391 4846/3708/3403 4845/3701/3392
f 4847/3702/3393 4846/3708/3403 4834/3700/3391
f 4848/3703/3394 4847/3702/3393 4835/3690/3381
f 4849/3704/3395 4848/3703/3394 4836/3691/3382
f 4850/3705/3396 4849/3704/3395 4837/3692/3383
f 4851/3706/3397 4850/3705/3396 4838/3693/3384
f 4852/3707/3398 4851/3706/3397 4839/3694/3385
f 4842/3697/3388 4854/1819/3400 4853/106/3399
f 4843/3698/3389 4855/1820/3401 4854/1819/3400
f 4844/3699/3390 4856/1821/3402 4855/1820/3401
f 4845/3701/3392 4857/1822/3404 4856/1821/3402
f 4846/3708/3403 4858/1823/3415 4857/1822/3404
f 4859/1824/3405 4858/1823/3415 4846/3708/3403
f 4860/1825/3406 4859/1824/3405 4847/3702/3393
f 4861/1826/3407 4860/1825/3406 4848/3703/3394
f 4862/1827/3408 4861/1826/3407 4849/3704/3395
f 4863/1828/3409 4862/1827/3408 4850/3705/3396
f 4864/1839/3410 4863/1828/3409 4851/3706/3397
f 4854/1819/3400 4866/3710/3412 4865/3709/3411
f 4855/1820/3401 4867/3711/3413 4866/3710/3412
f 4856/1821/3402 4868/3712/3414 4867/3711/3413
f 4857/1822/3404 4869/3713/3416 4868/3712/3414
f 4858/1823/3415 4870/3724/3427 4869/3713/3416
f 4871/3714/3417 4870/3724/3427 4858/1823/3415
f 4872/3715/3418 4871/3714/3417 4859/1824/3405
f 4873/3716/3419 4872/3715/3418 4860/1825/3406
f 4874/3717/3420 4873/3716/3419 4861/1826/3407
f 4875/3718/3421 4874/3717/3420 4862/1827/3408
f 4876/3719/3422 4875/3718/3421 4863/1828/3409
f 4866/3710/3412 4878/3721/3424 4877/3720/3423
f 4867/3711/3413 4879/3722/3425 4878/3721/3424
f 4868/3712/3414 4880/3723/3426 4879/3722/3425
f 4869/3713/3416 4881/3725/3428 4880/3723/3426
f 4870/3724/3427 4882/3732/3439 4881/3725/3428
f 4883/3726/3429 4882/3732/3439 4870/3724/3427
f 4884/3727/3430 4883/3726/3429 4871/3714/3417
f 4885/3728/3431 4884/3727/3430 4872/3715/3418
f 4886/3729/3432 4885/3728/3431 4873/3716/3419
f 4887/3730/3433 4886/3729/3432 4874/3717/3420
f 4888/3731/3434 4887/3730/3433 4875/3718/3421
f 4878/3721/3424 4890/1829/3436 4889/105/3435
f 4879/3722/3425 4891/1830/3437 4890/1829/3436
f 4880/3723/3426 4892/1831/3438 4891/1830/3437
f 4881/3725/3428 4893/1832/3440 4892/1831/3438
f 4882/3732/3439 4894/1840/3447 4893/1832/3440
f 4895/1833/3441 4894/1840/3447 4882/3732/3439
f 4896/1834/3442 4895/1833/3441 4883/3726/3429
f 4897/1835/3443 4896/1834/3442 4884/3727/3430
f 4898/1836/3444 4897/1835/3443 4885/3728/3431
f 4899/1837/3445 4898/1836/3444 4886/3729/3432
f 4900/1838/3446 4899/1837/3445 4887/3730/3433
f 4902/3733/1181 4901/3744/1180 4889/105/3435
f 4903/3734/1183 4902/3733/1181 4890/1829/3436
f 4904/3735/1185 4903/3734/1183 4891/1830/3437
f 4905/3736/1187 4904/3735/1185 4892/1831/3438
f 4906/3737/1300 4905/3736/1187 4893/1832/3440
f 4907/3738/1302 4906/3737/1300 4894/1840/3447
f 4896/1834/3442 4908/3739/1193 4907/3738/1302
f 4897/1835/3443 4909/3740/1195 4908/3739/1193
f 4898/1836/3444 4910/3741/1197 4909/3740/1195
f 4899/1837/3445 4911/3742/1199 4910/3741/1197
f 4900/1838/3446 4912/3755/1201 4911/3742/1199
f 4914/3743/1179 4913/3756/1202 4901/3744/1180
f 4915/3745/1182 4914/3743/1179 4902/3733/1181
f 4916/3746/1184 4915/3745/1182 4903/3734/1183
f 4917/3747/1186 4916/3746/1184 4904/3735/1185
f 4918/3748/1299 4917/3747/1186 4905/3736/1187
f 4919/3749/1301 4918/3748/1299 4906/3737/1300
f 4920/3750/1192 4919/3749/1301 4907/3738/1302
f 4921/3751/1194 4920/3750/1192 4908/3739/1193
f 4922/3752/1196 4921/3751/1194 4909/3740/1195
f 4923/3753/1198 4922/3752/1196 4910/3741/1197
f 4924/3754/1200 4923/3753/1198 4911/3742/1199
f 4914/3743/1179 4602/1454/3150 4601/1/3149
f 4915/3745/1182 4603/1456/3152 4602/1454/3150
f 4916/3746/1184 4604/1457/3154 4603/1456/3152
f 4917/3747/1186 4605/1458/3156 4604/1457/3154
f 4918/3748/1299 4606/1459/3158 4605/1458/3156
f 4607/1460/3160 4606/1459/3158 4918/3748/1299
f 4608/1461/3161 4607/1460/3160 4919/3749/1301
f 4609/1462/3162 4608/1461/3161 4920/3750/1192
f 4610/1463/3164 4609/1462/3162 4921/3751/1194
f 4611/1465/3166 4610/1463/3164 4922/3752/1196
f 4612/1774/3168 4611/1465/3166 4923/3753/1198
f 4938/1582/1248 4937/1593/1270 4925/7/1249
f 4939/1583/1251 4938/1582/1248 4926/288/3448
f 4940/1584/1253 4939/1583/1251 4927/290/1252
f 4941/1585/3450 4940/1584/1253 4928/292/3449
f 4942/1586/3451 4941/1585/3450 4929/294/1256
f 4943/1587/3452 4942/1586/3451 4930/296/1258
f 4932/301/1261 4944/1588/3454 4943/1587/3452
f 4933/303/3453 4945/1589/1265 4944/1588/3454
f 4934/305/1264 4946/1590/1267 4945/1589/1265
f 4935/307/3455 4947/1591/1269 4946/1590/1267
f 4936/309/1268 4948/1604/1271 4947/1591/1269
f 4938/1582/1248 4950/1594/1212 4949/1592/1180
f 4939/1583/1251 4951/1595/1213 4950/1594/1212
f 4940/1584/1253 4952/1596/1214 4951/1595/1213
f 4941/1585/3450 4953/1597/1215 4952/1596/1214
f 4942/1586/3451 4954/1610/1216 4953/1597/1215
f 4955/1598/1218 4954/1610/1216 4942/1586/3451
f 4956/1599/1219 4955/1598/1218 4943/1587/3452
f 4957/1600/1220 4956/1599/1219 4944/1588/3454
f 4958/1601/1221 4957/1600/1220 4945/1589/1265
f 4959/1602/1222 4958/1601/1221 4946/1590/1267
f 4960/1603/1201 4959/1602/1222 4947/1591/1269
f 4962/1605/1224 4961/1618/1236 4949/1592/1180
f 4963/1606/1225 4962/1605/1224 4950/1594/1212
f 4964/1607/1226 4963/1606/1225 4951/1595/1213
f 4965/1608/1272 4964/1607/1226 4952/1596/1214
f 4966/1609/1228 4965/1608/1272 4953/1597/1215
f 4967/1611/1229 4966/1609/1228 4954/1610/1216
f 4968/1612/1230 4967/1611/1229 4955/1598/1218
f 4969/1613/1231 4968/1612/1230 4956/1599/1219
f 4970/1614/1232 4969/1613/1231 4957/1600/1220
f 4971/1615/1233 4970/1614/1232 4958/1601/1221
f 4972/1616/1234 4971/1615/1233 4959/1602/1222
f 4974/1617/1235 4973/1629/1247 4961/1618/1236
f 4975/1619/1237 4974/1617/1235 4962/1605/1224
f 4976/1620/1238 4975/1619/1237 4963/1606/1225
f 4977/1621/1239 4976/1620/1238 4964/1607/1226
f 4978/1622/1240 4977/1621/1239 4965/1608/1272
f 4979/1623/1241 4978/1622/1240 4966/1609/1228
f 4980/1624/1242 4979/1623/1241 4967/1611/1229
f 4981/1625/1243 4980/1624/1242 4968/1612/1230
f 4982/1626/1244 4981/1625/1243 4969/1613/1231
f 4983/1627/1245 4982/1626/1244 4970/1614/1232
f 4984/1628/1246 4983/1627/1245 4971/1615/1233
f 4986/870/1273 4985/275/1284 4973/1629/1247
f 4987/872/1274 4986/870/1273 4974/1617/1235
f 4988/873/1275 4987/872/1274 4975/1619/1237
f 4989/874/1276 4988/873/1275 4976/1620/1238
f 4990/875/1277 4989/874/1276 4977/1621/1239
f 4991/876/1278 4990/875/1277 4978/1622/1240
f 4980/1624/1242 4992/877/1279 4991/876/1278
f 4981/1625/1243 4993/878/1280 4992/877/1279
f 4982/1626/1244 4994/879/1281 4993/878/1280
f 4983/1627/1245 4995/881/1282 4994/879/1281
f 4984/1628/1246 4996/893/1293 4995/881/1282
f 4998/1630/1283 4997/1641/1295 4985/275/1284
f 4999/1631/1285 4998/1630/1283 4986/870/1273
f 5000/1632/1286 4999/1631/1285 4987/872/1274
f 5001/1633/1287 5000/1632/1286 4988/873/1275
f 5002/1634/1288 5001/1633/1287 4989/874/1276
f 5003/1635/1289 5002/1634/1288 4990/875/1277
f 4992/877/1279 5004/1636/1290 5003/1635/1289
f 4993/878/1280 5005/1637/1291 5004/1636/1290
f 4994/879/1281 5006/1638/1292 5005/1637/1291
f 4995/881/1282 5007/1639/1294 5006/1638/1292
f 4996/893/1293 5008/1652/1297 5007/1639/1294
f 4998/1630/1283 5010/1642/1235 5009/1640/1247
f 4999/1631/1285 5011/1643/1237 5010/1642/1235
f 5000/1632/1286 5012/1644/1238 5011/1643/1237
f 5001/1633/1287 5013/1645/1239 5012/1644/1238
f 5002/1634/1288 5014/1658/1240 5013/1645/1239
f 5015/1646/1241 5014/1658/1240 5002/1634/1288
f 5016/1647/1242 5015/1646/1241 5003/1635/1289
f 5017/1648/1243 5016/1647/1242 5004/1636/1290
f 5018/1649/1244 5017/1648/1243 5005/1637/1291
f 5019/1650/1245 5018/1649/1244 5006/1638/1292
f 5020/1651/1246 5019/1650/1245 5007/1639/1294
f 5022/1666/1203 5021/1653/1202 5009/1640/1247
f 5023/1654/1204 5022/1666/1203 5010/1642/1235
f 5024/1655/1205 5023/1654/1204 5011/1643/1237
f 5025/1656/1206 5024/1655/1205 5012/1644/1238
f 5026/1657/1217 5025/1656/1206 5013/1645/1239
f 5027/1659/1207 5026/1657/1217 5014/1658/1240
f 5028/1660/1208 5027/1659/1207 5015/1646/1241
f 5029/1661/1209 5028/1660/1208 5016/1647/1242
f 5030/1662/1210 5029/1661/1209 5017/1648/1243
f 5031/1663/1211 5030/1662/1210 5018/1649/1244
f 5032/1664/1200 5031/1663/1211 5019/1650/1245
f 5034/1665/1212 5033/1677/1180 5021/1653/1202
f 5035/1667/1213 5034/1665/1212 5022/1666/1203
f 5036/1668/1214 5035/1667/1213 5023/1654/1204
f 5037/1669/1215 5036/1668/1214 5024/1655/1205
f 5038/1670/1216 5037/1669/1215 5025/1656/1206
f 5039/1671/1218 5038/1670/1216 5026/1657/1217
f 5040/1672/1219 5039/1671/1218 5027/1659/1207
f 5041/1673/1220 5040/1672/1219 5028/1660/1208
f 5042/1674/1221 5041/1673/1220 5029/1661/1209
f 5043/1675/1222 5042/1674/1221 5030/1662/1210
f 5044/1676/1201 5043/1675/1222 5031/1663/1211
f 4926/1454/3448 4925/1/1249 5033/1677/1180
f 4927/1456/1252 4926/1454/3448 5034/1665/1212
f 4928/1457/3449 4927/1456/1252 5035/1667/1213
f 4929/1458/1256 4928/1457/3449 5036/1668/1214
f 4930/1459/1258 4929/1458/1256 5037/1669/1215
f 4931/1460/1260 4930/1459/1258 5038/1670/1216
f 5040/1672/1219 4932/1461/1261 4931/1460/1260
f 5041/1673/1220 4933/1462/3453 4932/1461/1261
f 5042/1674/1221 4934/1463/1264 4933/1462/3453
f 5043/1675/1222 4935/1465/3455 4934/1463/1264
f 5044/1676/1201 4936/1774/1268 4935/1465/3455
f 5046/288/3 5058/291/7 5057/289/4
f 5047/290/6 5059/293/9 5058/291/7
f 5048/292/8 5060/295/11 5059/293/9
f 5049/294/10 5061/297/13 5060/295/11
f 5050/296/12 5062/314/30 5061/297/13
f 5063/298/14 5062/314/30 5050/296/12
f 5064/300/16 5063/298/14 5051/299/15
f 5065/302/18 5064/300/16 5052/301/17
f 5066/304/20 5065/302/18 5053/303/19
f 5067/306/22 5066/304/20 5054/305/21
f 5068/308/24 5067/306/22 5055/307/23
f 5058/291/7 5070/311/27 5069/310/26
f 5059/293/9 5071/312/28 5070/311/27
f 5060/295/11 5072/313/29 5071/312/28
f 5061/297/13 5073/315/31 5072/313/29
f 5062/314/30 5074/326/42 5073/315/31
f 5075/316/32 5074/326/42 5062/314/30
f 5076/317/33 5075/316/32 5063/298/14
f 5077/318/34 5076/317/33 5064/300/16
f 5078/319/35 5077/318/34 5065/302/18
f 5079/320/36 5078/319/35 5066/304/20
f 5080/321/37 5079/320/36 5067/306/22
f 5070/311/27 5082/323/39 5081/322/38
f 5071/312/28 5083/324/40 5082/323/39
f 5072/313/29 5084/325/41 5083/324/40
f 5073/315/31 5085/327/43 5084/325/41
f 5074/326/42 5086/338/54 5085/327/43
f 5087/328/44 5086/338/54 5074/326/42
f 5088/329/45 5087/328/44 5075/316/32
f 5089/330/46 5088/329/45 5076/317/33
f 5090/331/47 5089/330/46 5077/318/34
f 5091/332/48 5090/331/47 5078/319/35
f 5092/333/49 5091/332/48 5079/320/36
f 5082/323/39 5094/335/51 5093/334/50
f 5083/324/40 5095/336/3456 5094/335/51
f 5084/325/41 5096/337/53 5095/336/3456
f 5085/327/43 5097/339/55 5096/337/53
f 5086/338/54 5098/350/66 5097/339/55
f 5099/340/56 5098/350/66 5086/338/54
f 5100/341/57 5099/340/56 5087/328/44
f 5101/342/58 5100/341/57 5088/329/45
f 5102/343/3457 5101/342/58 5089/330/46
f 5103/344/60 5102/343/3457 5090/331/47
f 5104/345/61 5103/344/60 5091/332/48
f 5094/335/51 5106/347/63 5105/346/62
f 5095/336/3456 5107/348/64 5106/347/63
f 5096/337/53 5108/349/65 5107/348/64
f 5097/339/55 5109/351/67 5108/349/65
f 5098/350/66 5110/362/78 5109/351/67
f 5111/352/68 5110/362/78 5098/350/66
f 5112/353/69 5111/352/68 5099/340/56
f 5113/354/70 5112/353/69 5100/341/57
f 5114/355/71 5113/354/70 5101/342/58
f 5115/356/72 5114/355/71 5102/343/3457
f 5116/357/73 5115/356/72 5103/344/60
f 5106/347/63 5118/359/75 5117/358/74
f 5107/348/64 5119/360/3458 5118/359/75
f 5108/349/65 5120/361/77 5119/360/3458
f 5109/351/67 5121/363/79 5120/361/77
f 5110/362/78 5122/374/90 5121/363/79
f 5123/364/80 5122/374/90 5110/362/78
f 5124/365/81 5123/364/80 5111/352/68
f 5125/366/82 5124/365/81 5112/353/69
f 5126/367/3459 5125/366/82 5113/354/70
f 5127/368/84 5126/367/3459 5114/355/71
f 5128/369/85 5127/368/84 5115/356/72
f 5118/359/75 5130/371/87 5129/370/86
f 5119/360/3458 5131/372/88 5130/371/87
f 5120/361/77 5132/373/89 5131/372/88
f 5121/363/79 5133/375/91 5132/373/89
f 5122/374/90 5134/386/102 5133/375/91
f 5135/376/92 5134/386/102 5122/374/90
f 5136/377/93 5135/376/92 5123/364/80
f 5137/378/94 5136/377/93 5124/365/81
f 5138/379/95 5137/378/94 5125/366/82
f 5139/380/96 5138/379/95 5126/367/3459
f 5140/381/97 5139/380/96 5127/368/84
f 5130/371/87 5142/383/99 5141/382/98
f 5131/372/88 5143/384/100 5142/383/99
f 5132/373/89 5144/385/101 5143/384/100
f 5133/375/91 5145/387/103 5144/385/101
f 5134/386/102 5146/398/114 5145/387/103
f 5147/388/104 5146/398/114 5134/386/102
f 5148/389/105 5147/388/104 5135/376/92
f 5149/390/106 5148/389/105 5136/377/93
f 5150/391/107 5149/390/106 5137/378/94
f 5151/392/108 5150/391/107 5138/379/95
f 5152/393/109 5151/392/108 5139/380/96
f 5142/383/99 5154/395/111 5153/394/110
f 5143/384/100 5155/396/112 5154/395/111
f 5144/385/101 5156/397/113 5155/396/112
f 5145/387/103 5157/399/115 5156/397/113
f 5146/398/114 5158/410/126 5157/399/115
f 5159/400/116 5158/410/126 5146/398/114
f 5160/401/117 5159/400/116 5147/388/104
f 5161/402/118 5160/401/117 5148/389/105
f 5162/403/119 5161/402/118 5149/390/106
f 5163/404/120 5162/403/119 5150/391/107
f 5164/405/121 5163/404/120 5151/392/108
f 5154/395/111 5166/407/123 5165/406/122
f 5155/396/112 5167/408/124 5166/407/123
f 5156/397/113 5168/409/125 5167/408/124
f 5157/399/115 5169/411/3460 5168/409/125
f 5158/410/126 5170/423/139 5169/411/3460
f 5171/412/128 5170/423/139 5158/410/126
f 5172/413/3461 5171/412/128 5159/400/116
f 5173/414/130 5172/413/3461 5160/401/117
f 5174/415/131 5173/414/130 5161/402/118
f 5175/416/132 5174/415/131 5162/403/119
f 5176/417/133 5175/416/132 5163/404/120
f 5178/418/134 5177/430/146 5165/406/122
f 5179/419/135 5178/418/134 5166/407/123
f 5180/420/136 5179/419/135 5167/408/124
f 5181/421/137 5180/420/136 5168/409/125
f 5182/422/138 5181/421/137 5169/411/3460
f 5183/424/140 5182/422/138 5170/423/139
f 5172/413/3461 5184/425/141 5183/424/140
f 5173/414/130 5185/426/142 5184/425/141
f 5174/415/131 5186/427/143 5185/426/142
f 5175/416/132 5187/428/144 5186/427/143
f 5176/417/133 5188/439/155 5187/428/144
f 5190/429/145 5189/442/158 5177/430/146
f 5191/431/147 5190/429/145 5178/418/134
f 5192/432/148 5191/431/147 5179/419/135
f 5193/433/149 5192/432/148 5180/420/136
f 5194/434/150 5193/433/149 5181/421/137
f 5195/435/151 5194/434/150 5182/422/138
f 5184/425/141 5196/436/152 5195/435/151
f 5185/426/142 5197/437/153 5196/436/152
f 5186/427/143 5198/438/154 5197/437/153
f 5187/428/144 5199/440/156 5198/438/154
f 5188/439/155 5200/451/167 5199/440/156
f 5202/441/157 5201/454/170 5189/442/158
f 5203/443/159 5202/441/157 5190/429/145
f 5204/444/160 5203/443/159 5191/431/147
f 5205/445/3462 5204/444/160 5192/432/148
f 5206/446/162 5205/445/3462 5193/433/149
f 5207/447/163 5206/446/162 5194/434/150
f 5196/436/152 5208/448/3463 5207/447/163
f 5197/437/153 5209/449/165 5208/448/3463
f 5198/438/154 5210/450/166 5209/449/165
f 5199/440/156 5211/452/168 5210/450/166
f 5200/451/167 5212/463/179 5211/452/168
f 5214/453/169 5213/216/182 5201/454/170
f 5215/455/171 5214/453/169 5202/441/157
f 5216/456/172 5215/455/171 5203/443/159
f 5217/457/173 5216/456/172 5204/444/160
f 5218/458/174 5217/457/173 5205/445/3462
f 5219/459/175 5218/458/174 5206/446/162
f 5208/448/3463 5220/460/176 5219/459/175
f 5209/449/165 5221/461/177 5220/460/176
f 5210/450/166 5222/462/178 5221/461/177
f 5211/452/168 5223/464/180 5222/462/178
f 5212/463/179 5224/474/191 5223/464/180
f 5226/465/181 5225/477/194 5213/216/182
f 5227/466/183 5226/465/181 5214/453/169
f 5228/467/184 5227/466/183 5215/455/171
f 5229/468/185 5228/467/184 5216/456/172
f 5230/469/186 5229/468/185 5217/457/173
f 5231/470/187 5230/469/186 5218/458/174
f 5220/460/176 5232/471/188 5231/470/187
f 5221/461/177 5233/472/189 5232/471/188
f 5222/462/178 5234/473/190 5233/472/189
f 5223/464/180 5235/475/192 5234/473/190
f 5224/474/191 5236/486/203 5235/475/192
f 5238/476/193 5237/489/206 5225/477/194
f 5239/478/195 5238/476/193 5226/465/181
f 5240/479/196 5239/478/195 5227/466/183
f 5241/480/197 5240/479/196 5228/467/184
f 5242/481/198 5241/480/197 5229/468/185
f 5243/482/199 5242/481/198 5230/469/186
f 5232/471/188 5244/483/200 5243/482/199
f 5233/472/189 5245/484/201 5244/483/200
f 5234/473/190 5246/485/202 5245/484/201
f 5235/475/192 5247/487/204 5246/485/202
f 5236/486/203 5248/498/215 5247/487/204
f 5250/488/205 5249/501/218 5237/489/206
f 5251/490/207 5250/488/205 5238/476/193
f 5252/491/3464 5251/490/207 5239/478/195
f 5253/492/209 5252/491/3464 5240/479/196
f 5254/493/210 5253/492/209 5241/480/197
f 5255/494/211 5254/493/210 5242/481/198
f 5244/483/200 5256/495/212 5255/494/211
f 5245/484/201 5257/496/3465 5256/495/212
f 5246/485/202 5258/497/214 5257/496/3465
f 5247/487/204 5259/499/216 5258/497/214
f 5248/498/215 5260/510/227 5259/499/216
f 5262/500/217 5261/513/230 5249/501/218
f 5263/502/219 5262/500/217 5250/488/205
f 5264/503/3466 5263/502/219 5251/490/207
f 5265/504/221 5264/503/3466 5252/491/3464
f 5266/505/222 5265/504/221 5253/492/209
f 5267/506/223 5266/505/222 5254/493/210
f 5256/495/212 5268/507/224 5267/506/223
f 5257/496/3465 5269/508/3467 5268/507/224
f 5258/497/214 5270/509/226 5269/508/3467
f 5259/499/216 5271/511/228 5270/509/226
f 5260/510/227 5272/522/239 5271/511/228
f 5274/512/229 5273/525/242 5261/513/230
f 5275/514/231 5274/512/229 5262/500/217
f 5276/515/232 5275/514/231 5263/502/219
f 5277/516/233 5276/515/232 5264/503/3466
f 5278/517/234 5277/516/233 5265/504/221
f 5279/518/235 5278/517/234 5266/505/222
f 5268/507/224 5280/519/236 5279/518/235
f 5269/508/3467 5281/520/237 5280/519/236
f 5270/509/226 5282/521/238 5281/520/237
f 5271/511/228 5283/523/240 5282/521/238
f 5272/522/239 5284/534/251 5283/523/240
f 5286/524/241 5285/537/254 5273/525/242
f 5287/526/243 5286/524/241 5274/512/229
f 5288/527/244 5287/526/243 5275/514/231
f 5289/528/245 5288/527/244 5276/515/232
f 5290/529/246 5289/528/245 5277/516/233
f 5291/530/247 5290/529/246 5278/517/234
f 5280/519/236 5292/531/248 5291/530/247
f 5281/520/237 5293/532/249 5292/531/248
f 5282/521/238 5294/533/250 5293/532/249
f 5283/523/240 5295/535/252 5294/533/250
f 5284/534/251 5296/546/263 5295/535/252
f 5298/536/253 5297/549/266 5285/537/254
f 5299/538/255 5298/536/253 5286/524/241
f 5300/539/256 5299/538/255 5287/526/243
f 5301/540/257 5300/539/256 5288/527/244
f 5302/541/258 5301/540/257 5289/528/245
f 5303/542/259 5302/541/258 5290/529/246
f 5292/531/248 5304/543/260 5303/542/259
f 5293/532/249 5305/544/261 5304/543/260
f 5294/533/250 5306/545/262 5305/544/261
f 5295/535/252 5307/547/264 5306/545/262
f 5296/546/263 5308/558/275 5307/547/264
f 5310/548/265 5309/561/278 5297/549/266
f 5311/550/267 5310/548/265 5298/536/253
f 5312/551/268 5311/550/267 5299/538/255
f 5313/552/269 5312/551/268 5300/539/256
f 5314/553/270 5313/552/269 5301/540/257
f 5315/554/271 5314/553/270 5302/541/258
f 5304/543/260 5316/555/272 5315/554/271
f 5305/544/261 5317/556/273 5316/555/272
f 5306/545/262 5318/557/274 5317/556/273
f 5307/547/264 5319/559/276 5318/557/274
f 5308/558/275 5320/570/287 5319/559/276
f 5322/560/277 5321/573/290 5309/561/278
f 5323/562/279 5322/560/277 5310/548/265
f 5324/563/3468 5323/562/279 5311/550/267
f 5325/564/281 5324/563/3468 5312/551/268
f 5326/565/282 5325/564/281 5313/552/269
f 5327/566/283 5326/565/282 5314/553/270
f 5316/555/272 5328/567/284 5327/566/283
f 5317/556/273 5329/568/3469 5328/567/284
f 5318/557/274 5330/569/286 5329/568/3469
f 5319/559/276 5331/571/288 5330/569/286
f 5320/570/287 5332/582/299 5331/571/288
f 5334/572/289 5333/585/302 5321/573/290
f 5335/574/291 5334/572/289 5322/560/277
f 5336/575/292 5335/574/291 5323/562/279
f 5337/576/293 5336/575/292 5324/563/3468
f 5338/577/294 5337/576/293 5325/564/281
f 5339/578/295 5338/577/294 5326/565/282
f 5328/567/284 5340/579/296 5339/578/295
f 5329/568/3469 5341/580/297 5340/579/296
f 5330/569/286 5342/581/298 5341/580/297
f 5331/571/288 5343/583/300 5342/581/298
f 5332/582/299 5344/594/311 5343/583/300
f 5346/584/301 5345/597/314 5333/585/302
f 5347/586/303 5346/584/301 5334/572/289
f 5348/587/304 5347/586/303 5335/574/291
f 5349/588/305 5348/587/304 5336/575/292
f 5350/589/306 5349/588/305 5337/576/293
f 5351/590/307 5350/589/306 5338/577/294
f 5340/579/296 5352/591/308 5351/590/307
f 5341/580/297 5353/592/309 5352/591/308
f 5342/581/298 5354/593/310 5353/592/309
f 5343/583/300 5355/595/312 5354/593/310
f 5344/594/311 5356/606/323 5355/595/312
f 5358/596/313 5357/609/326 5345/597/314
f 5359/598/315 5358/596/313 5346/584/301
f 5360/599/316 5359/598/315 5347/586/303
f 5361/600/317 5360/599/316 5348/587/304
f 5362/601/318 5361/600/317 5349/588/305
f 5363/602/319 5362/601/318 5350/589/306
f 5352/591/308 5364/603/320 5363/602/319
f 5353/592/309 5365/604/321 5364/603/320
f 5354/593/310 5366/605/322 5365/604/321
f 5355/595/312 5367/607/324 5366/605/322
f 5356/606/323 5368/618/335 5367/607/324
f 5370/608/325 5369/621/338 5357/609/326
f 5371/610/327 5370/608/325 5358/596/313
f 5372/611/328 5371/610/327 5359/598/315
f 5373/612/329 5372/611/328 5360/599/316
f 5374/613/330 5373/612/329 5361/600/317
f 5375/614/331 5374/613/330 5362/601/318
f 5364/603/320 5376/615/332 5375/614/331
f 5365/604/321 5377/616/333 5376/615/332
f 5366/605/322 5378/617/334 5377/616/333
f 5367/607/324 5379/619/336 5378/617/334
f 5368/618/335 5380/630/347 5379/619/336
f 5382/620/337 5381/205/350 5369/621/338
f 5383/622/339 5382/620/337 5370/608/325
f 5384/623/340 5383/622/339 5371/610/327
f 5385/624/341 5384/623/340 5372/611/328
f 5386/625/342 5385/624/341 5373/612/329
f 5387/626/343 5386/625/342 5374/613/330
f 5376/615/332 5388/627/344 5387/626/343
f 5377/616/333 5389/628/345 5388/627/344
f 5378/617/334 5390/629/346 5389/628/345
f 5379/619/336 5391/631/348 5390/629/346
f 5380/630/347 5392/641/359 5391/631/348
f 5394/632/349 5393/644/362 5381/205/350
f 5395/633/351 5394/632/349 5382/620/337
f 5396/634/352 5395/633/351 5383/622/339
f 5397/635/353 5396/634/352 5384/623/340
f 5398/636/354 5397/635/353 5385/624/341
f 5399/637/355 5398/636/354 5386/625/342
f 5388/627/344 5400/638/356 5399/637/355
f 5389/628/345 5401/639/357 5400/638/356
f 5390/629/346 5402/640/358 5401/639/357
f 5391/631/348 5403/642/360 5402/640/358
f 5392/641/359 5404/653/371 5403/642/360
f 5406/643/361 5405/656/374 5393/644/362
f 5407/645/363 5406/643/361 5394/632/349
f 5408/646/364 5407/645/363 5395/633/351
f 5409/647/365 5408/646/364 5396/634/352
f 5410/648/366 5409/647/365 5397/635/353
f 5411/649/367 5410/648/366 5398/636/354
f 5400/638/356 5412/650/368 5411/649/367
f 5401/639/357 5413/651/369 5412/650/368
f 5402/640/358 5414/652/370 5413/651/369
f 5403/642/360 5415/654/372 5414/652/370
f 5404/653/371 5416/665/383 5415/654/372
f 5418/655/373 5417/668/386 5405/656/374
f 5419/657/375 5418/655/373 5406/643/361
f 5420/658/376 5419/657/375 5407/645/363
f 5421/659/3470 5420/658/376 5408/646/364
f 5422/660/378 5421/659/3470 5409/647/365
f 5423/661/379 5422/660/378 5410/648/366
f 5412/650/368 5424/662/3471 5423/661/379
f 5413/651/369 5425/663/381 5424/662/3471
f 5414/652/370 5426/664/382 5425/663/381
f 5415/654/372 5427/666/384 5426/664/382
f 5416/665/383 5428/677/395 5427/666/384
f 5430/667/385 5429/680/398 5417/668/386
f 5431/669/387 5430/667/385 5418/655/373
f 5432/670/388 5431/669/387 5419/657/375
f 5433/671/389 5432/670/388 5420/658/376
f 5434/672/390 5433/671/389 5421/659/3470
f 5435/673/391 5434/672/390 5422/660/378
f 5424/662/3471 5436/674/392 5435/673/391
f 5425/663/381 5437/675/393 5436/674/392
f 5426/664/382 5438/676/394 5437/675/393
f 5427/666/384 5439/678/396 5438/676/394
f 5428/677/395 5440/689/407 5439/678/396
f 5442/679/397 5441/692/410 5429/680/398
f 5443/681/399 5442/679/397 5430/667/385
f 5444/682/400 5443/681/399 5431/669/387
f 5445/683/401 5444/682/400 5432/670/388
f 5446/684/402 5445/683/401 5433/671/389
f 5447/685/403 5446/684/402 5434/672/390
f 5436/674/392 5448/686/404 5447/685/403
f 5437/675/393 5449/687/405 5448/686/404
f 5438/676/394 5450/688/406 5449/687/405
f 5439/678/396 5451/690/408 5450/688/406
f 5440/689/407 5452/701/419 5451/690/408
f 5454/691/409 5453/704/422 5441/692/410
f 5455/693/411 5454/691/409 5442/679/397
f 5456/694/412 5455/693/411 5443/681/399
f 5457/695/413 5456/694/412 5444/682/400
f 5458/696/414 5457/695/413 5445/683/401
f 5459/697/415 5458/696/414 5446/684/402
f 5448/686/404 5460/698/416 5459/697/415
f 5449/687/405 5461/699/417 5460/698/416
f 5450/688/406 5462/700/418 5461/699/417
f 5451/690/408 5463/702/420 5462/700/418
f 5452/701/419 5464/713/431 5463/702/420
f 5466/703/421 5465/716/434 5453/704/422
f 5467/705/423 5466/703/421 5454/691/409
f 5468/706/424 5467/705/423 5455/693/411
f 5469/707/425 5468/706/424 5456/694/412
f 5470/708/426 5469/707/425 5457/695/413
f 5471/709/427 5470/708/426 5458/696/414
f 5460/698/416 5472/710/428 5471/709/427
f 5461/699/417 5473/711/429 5472/710/428
f 5462/700/418 5474/712/430 5473/711/429
f 5463/702/420 5475/714/432 5474/712/430
f 5464/713/431 5476/725/443 5475/714/432
f 5478/715/433 5477/728/446 5465/716/434
f 5479/717/435 5478/715/433 5466/703/421
f 5480/718/436 5479/717/435 5467/705/423
f 5481/719/437 5480/718/436 5468/706/424
f 5482/720/438 5481/719/437 5469/707/425
f 5483/721/439 5482/720/438 5470/708/426
f 5472/710/428 5484/722/440 5483/721/439
f 5473/711/429 5485/723/441 5484/722/440
f 5474/712/430 5486/724/442 5485/723/441
f 5475/714/432 5487/726/444 5486/724/442
f 5476/725/443 5488/739/457 5487/726/444
f 5478/715/433 5490/729/447 5489/727/445
f 5479/717/435 5491/730/448 5490/729/447
f 5480/718/436 5492/731/449 5491/730/448
f 5481/719/437 5493/732/450 5492/731/449
f 5482/720/438 5494/744/462 5493/732/450
f 5495/733/451 5494/744/462 5482/720/438
f 5496/734/452 5495/733/451 5483/721/439
f 5497/735/453 5496/734/452 5484/722/440
f 5498/736/454 5497/735/453 5485/723/441
f 5499/737/455 5498/736/454 5486/724/442
f 5500/738/456 5499/737/455 5487/726/444
f 5490/729/447 5502/741/459 5501/740/458
f 5491/730/448 5503/742/460 5502/741/459
f 5492/731/449 5504/743/3472 5503/742/460
f 5493/732/450 5505/745/3473 5504/743/3472
f 5494/744/462 5506/756/474 5505/745/3473
f 5507/746/464 5506/756/474 5494/744/462
f 5508/747/3474 5507/746/464 5495/733/451
f 5509/748/466 5508/747/3474 5496/734/452
f 5510/749/467 5509/748/466 5497/735/453
f 5511/750/468 5510/749/467 5498/736/454
f 5512/751/469 5511/750/468 5499/737/455
f 5502/741/459 5514/753/3475 5513/752/470
f 5503/742/460 5515/754/472 5514/753/3475
f 5504/743/3472 5516/755/473 5515/754/472
f 5505/745/3473 5517/757/475 5516/755/473
f 5506/756/474 5518/768/486 5517/757/475
f 5519/758/476 5518/768/486 5506/756/474
f 5520/759/477 5519/758/476 5507/746/464
f 5521/760/478 5520/759/477 5508/747/3474
f 5522/761/479 5521/760/478 5509/748/466
f 5523/762/3476 5522/761/479 5510/749/467
f 5524/763/481 5523/762/3476 5511/750/468
f 5514/753/3475 5526/765/483 5525/764/482
f 5515/754/472 5527/766/3477 5526/765/483
f 5516/755/473 5528/767/485 5527/766/3477
f 5517/757/475 5529/769/487 5528/767/485
f 5518/768/486 5530/780/498 5529/769/487
f 5531/770/488 5530/780/498 5518/768/486
f 5532/771/489 5531/770/488 5519/758/476
f 5533/772/490 5532/771/489 5520/759/477
f 5534/773/3478 5533/772/490 5521/760/478
f 5535/774/492 5534/773/3478 5522/761/479
f 5536/775/493 5535/774/492 5523/762/3476
f 5526/765/483 5538/777/495 5537/776/494
f 5527/766/3477 5539/778/496 5538/777/495
f 5528/767/485 5540/779/497 5539/778/496
f 5529/769/487 5541/781/499 5540/779/497
f 5530/780/498 5542/791/510 5541/781/499
f 5543/782/500 5542/791/510 5530/780/498
f 5544/783/501 5543/782/500 5531/770/488
f 5545/784/502 5544/783/501 5532/771/489
f 5546/785/503 5545/784/502 5533/772/490
f 5547/786/504 5546/785/503 5534/773/3478
f 5548/787/505 5547/786/504 5535/774/492
f 5538/777/495 5550/788/507 5549/200/506
f 5539/778/496 5551/789/508 5550/788/507
f 5540/779/497 5552/790/509 5551/789/508
f 5541/781/499 5553/792/511 5552/790/509
f 5542/791/510 5554/803/522 5553/792/511
f 5555/793/512 5554/803/522 5542/791/510
f 5556/794/513 5555/793/512 5543/782/500
f 5557/795/514 5556/794/513 5544/783/501
f 5558/796/515 5557/795/514 5545/784/502
f 5559/797/516 5558/796/515 5546/785/503
f 5560/798/517 5559/797/516 5547/786/504
f 5550/788/507 5562/800/519 5561/799/518
f 5551/789/508 5563/801/520 5562/800/519
f 5552/790/509 5564/802/521 5563/801/520
f 5553/792/511 5565/804/523 5564/802/521
f 5554/803/522 5566/815/3480 5565/804/523
f 5567/805/3479 5566/815/3480 5554/803/522
f 5568/806/525 5567/805/3479 5555/793/512
f 5569/807/526 5568/806/525 5556/794/513
f 5570/808/527 5569/807/526 5557/795/514
f 5571/809/528 5570/808/527 5558/796/515
f 5572/810/529 5571/809/528 5559/797/516
f 5562/800/519 5574/812/531 5573/811/530
f 5563/801/520 5575/813/532 5574/812/531
f 5564/802/521 5576/814/533 5575/813/532
f 5565/804/523 5577/816/3481 5576/814/533
f 5566/815/3480 5578/827/546 5577/816/3481
f 5579/817/536 5578/827/546 5566/815/3480
f 5580/818/3482 5579/817/536 5567/805/3479
f 5581/819/538 5580/818/3482 5568/806/525
f 5582/820/539 5581/819/538 5569/807/526
f 5583/821/540 5582/820/539 5570/808/527
f 5584/822/541 5583/821/540 5571/809/528
f 5574/812/531 5586/824/543 5585/823/542
f 5575/813/532 5587/825/544 5586/824/543
f 5576/814/533 5588/826/545 5587/825/544
f 5577/816/3481 5589/828/547 5588/826/545
f 5578/827/546 5590/839/558 5589/828/547
f 5591/829/548 5590/839/558 5578/827/546
f 5592/830/549 5591/829/548 5579/817/536
f 5593/831/550 5592/830/549 5580/818/3482
f 5594/832/551 5593/831/550 5581/819/538
f 5595/833/552 5594/832/551 5582/820/539
f 5596/834/553 5595/833/552 5583/821/540
f 5586/824/543 5598/836/555 5597/835/554
f 5587/825/544 5599/837/556 5598/836/555
f 5588/826/545 5600/838/557 5599/837/556
f 5589/828/547 5601/840/559 5600/838/557
f 5590/839/558 5602/851/570 5601/840/559
f 5603/841/560 5602/851/570 5590/839/558
f 5604/842/561 5603/841/560 5591/829/548
f 5605/843/562 5604/842/561 5592/830/549
f 5606/844/563 5605/843/562 5593/831/550
f 5607/845/564 5606/844/563 5594/832/551
f 5608/846/565 5607/845/564 5595/833/552
f 5598/836/555 5610/848/567 5609/847/566
f 5599/837/556 5611/849/568 5610/848/567
f 5600/838/557 5612/850/569 5611/849/568
f 5601/840/559 5613/852/571 5612/850/569
f 5602/851/570 5614/864/583 5613/852/571
f 5615/853/572 5614/864/583 5602/851/570
f 5616/854/573 5615/853/572 5603/841/560
f 5617/855/574 5616/854/573 5604/842/561
f 5618/856/575 5617/855/574 5605/843/562
f 5619/857/576 5618/856/575 5606/844/563
f 5620/858/577 5619/857/576 5607/845/564
f 5622/859/578 5621/871/590 5609/847/566
f 5623/860/579 5622/859/578 5610/848/567
f 5624/861/580 5623/860/579 5611/849/568
f 5625/862/581 5624/861/580 5612/850/569
f 5626/863/582 5625/862/581 5613/852/571
f 5627/865/584 5626/863/582 5614/864/583
f 5616/854/573 5628/866/585 5627/865/584
f 5617/855/574 5629/867/586 5628/866/585
f 5618/856/575 5630/868/587 5629/867/586
f 5619/857/576 5631/869/588 5630/868/587
f 5620/858/577 5632/880/599 5631/869/588
f 5634/870/589 5633/275/602 5621/871/590
f 5635/872/591 5634/870/589 5622/859/578
f 5636/873/592 5635/872/591 5623/860/579
f 5637/874/593 5636/873/592 5624/861/580
f 5638/875/594 5637/874/593 5625/862/581
f 5639/876/595 5638/875/594 5626/863/582
f 5628/866/585 5640/877/596 5639/876/595
f 5629/867/586 5641/878/597 5640/877/596
f 5630/868/587 5642/879/598 5641/878/597
f 5631/869/588 5643/881/600 5642/879/598
f 5632/880/599 5644/893/613 5643/881/600
f 5634/870/589 5646/883/603 5645/882/601
f 5635/872/591 5647/884/604 5646/883/603
f 5636/873/592 5648/885/605 5647/884/604
f 5637/874/593 5649/886/606 5648/885/605
f 5638/875/594 5650/898/618 5649/886/606
f 5651/887/607 5650/898/618 5638/875/594
f 5652/888/608 5651/887/607 5639/876/595
f 5653/889/609 5652/888/608 5640/877/596
f 5654/890/610 5653/889/609 5641/878/597
f 5655/891/611 5654/890/610 5642/879/598
f 5656/892/612 5655/891/611 5643/881/600
f 5646/883/603 5658/895/615 5657/894/614
f 5647/884/604 5659/896/616 5658/895/615
f 5648/885/605 5660/897/617 5659/896/616
f 5649/886/606 5661/899/619 5660/897/617
f 5650/898/618 5662/910/630 5661/899/619
f 5663/900/620 5662/910/630 5650/898/618
f 5664/901/621 5663/900/620 5651/887/607
f 5665/902/622 5664/901/621 5652/888/608
f 5666/903/623 5665/902/622 5653/889/609
f 5667/904/624 5666/903/623 5654/890/610
f 5668/905/625 5667/904/624 5655/891/611
f 5658/895/615 5670/907/627 5669/906/626
f 5659/896/616 5671/908/628 5670/907/627
f 5660/897/617 5672/909/629 5671/908/628
f 5661/899/619 5673/911/631 5672/909/629
f 5662/910/630 5674/922/642 5673/911/631
f 5675/912/632 5674/922/642 5662/910/630
f 5676/913/633 5675/912/632 5663/900/620
f 5677/914/634 5676/913/633 5664/901/621
f 5678/915/635 5677/914/634 5665/902/622
f 5679/916/636 5678/915/635 5666/903/623
f 5680/917/637 5679/916/636 5667/904/624
f 5670/907/627 5682/919/639 5681/918/638
f 5671/908/628 5683/920/640 5682/919/639
f 5672/909/629 5684/921/641 5683/920/640
f 5673/911/631 5685/923/643 5684/921/641
f 5674/922/642 5686/934/654 5685/923/643
f 5687/924/644 5686/934/654 5674/922/642
f 5688/925/645 5687/924/644 5675/912/632
f 5689/926/646 5688/925/645 5676/913/633
f 5690/927/647 5689/926/646 5677/914/634
f 5691/928/648 5690/927/647 5678/915/635
f 5692/929/649 5691/928/648 5679/916/636
f 5682/919/639 5694/931/651 5693/930/650
f 5683/920/640 5695/932/652 5694/931/651
f 5684/921/641 5696/933/3483 5695/932/652
f 5685/923/643 5697/935/655 5696/933/3483
f 5686/934/654 5698/946/666 5697/935/655
f 5699/936/656 5698/946/666 5686/934/654
f 5700/937/657 5699/936/656 5687/924/644
f 5701/938/3484 5700/937/657 5688/925/645
f 5702/939/659 5701/938/3484 5689/926/646
f 5703/940/660 5702/939/659 5690/927/647
f 5704/941/661 5703/940/660 5691/928/648
f 5694/931/651 5706/943/663 5705/942/662
f 5695/932/652 5707/944/664 5706/943/663
f 5696/933/3483 5708/945/665 5707/944/664
f 5697/935/655 5709/947/667 5708/945/665
f 5698/946/666 5710/957/678 5709/947/667
f 5711/948/668 5710/957/678 5698/946/666
f 5712/949/669 5711/948/668 5699/936/656
f 5713/950/670 5712/949/669 5700/937/657
f 5714/951/671 5713/950/670 5701/938/3484
f 5715/952/672 5714/951/671 5702/939/659
f 5716/953/673 5715/952/672 5703/940/660
f 5706/943/663 5718/954/675 5717/222/674
f 5707/944/664 5719/955/676 5718/954/675
f 5708/945/665 5720/956/677 5719/955/676
f 5709/947/667 5721/958/679 5720/956/677
f 5710/957/678 5722/969/690 5721/958/679
f 5723/959/680 5722/969/690 5710/957/678
f 5724/960/681 5723/959/680 5711/948/668
f 5725/961/682 5724/960/681 5712/949/669
f 5726/962/683 5725/961/682 5713/950/670
f 5727/963/684 5726/962/683 5714/951/671
f 5728/964/685 5727/963/684 5715/952/672
f 5718/954/675 5730/966/687 5729/965/686
f 5719/955/676 5731/967/688 5730/966/687
f 5720/956/677 5732/968/689 5731/967/688
f 5721/958/679 5733/970/691 5732/968/689
f 5722/969/690 5734/981/702 5733/970/691
f 5735/971/692 5734/981/702 5722/969/690
f 5736/972/693 5735/971/692 5723/959/680
f 5737/973/694 5736/972/693 5724/960/681
f 5738/974/695 5737/973/694 5725/961/682
f 5739/975/696 5738/974/695 5726/962/683
f 5740/976/697 5739/975/696 5727/963/684
f 5730/966/687 5742/978/699 5741/977/698
f 5731/967/688 5743/979/700 5742/978/699
f 5732/968/689 5744/980/701 5743/979/700
f 5733/970/691 5745/982/703 5744/980/701
f 5734/981/702 5746/993/714 5745/982/703
f 5747/983/704 5746/993/714 5734/981/702
f 5748/984/705 5747/983/704 5735/971/692
f 5749/985/706 5748/984/705 5736/972/693
f 5750/986/707 5749/985/706 5737/973/694
f 5751/987/708 5750/986/707 5738/974/695
f 5752/988/709 5751/987/708 5739/975/696
f 5742/978/699 5754/990/711 5753/989/710
f 5743/979/700 5755/991/712 5754/990/711
f 5744/980/701 5756/992/713 5755/991/712
f 5745/982/703 5757/994/715 5756/992/713
f 5746/993/714 5758/1006/727 5757/994/715
f 5759/995/716 5758/1006/727 5746/993/714
f 5760/996/717 5759/995/716 5747/983/704
f 5761/997/718 5760/996/717 5748/984/705
f 5762/998/719 5761/997/718 5749/985/706
f 5763/999/720 5762/998/719 5750/986/707
f 5764/1000/721 5763/999/720 5751/987/708
f 5766/1001/722 5765/1013/734 5753/989/710
f 5767/1002/723 5766/1001/722 5754/990/711
f 5768/1003/724 5767/1002/723 5755/991/712
f 5769/1004/725 5768/1003/724 5756/992/713
f 5770/1005/726 5769/1004/725 5757/994/715
f 5771/1007/728 5770/1005/726 5758/1006/727
f 5760/996/717 5772/1008/729 5771/1007/728
f 5761/997/718 5773/1009/730 5772/1008/729
f 5762/998/719 5774/1010/731 5773/1009/730
f 5763/999/720 5775/1011/732 5774/1010/731
f 5764/1000/721 5776/1022/743 5775/1011/732
f 5778/1012/733 5777/1025/746 5765/1013/734
f 5779/1014/735 5778/1012/733 5766/1001/722
f 5780/1015/736 5779/1014/735 5767/1002/723
f 5781/1016/737 5780/1015/736 5768/1003/724
f 5782/1017/738 5781/1016/737 5769/1004/725
f 5783/1018/739 5782/1017/738 5770/1005/726
f 5772/1008/729 5784/1019/740 5783/1018/739
f 5773/1009/730 5785/1020/741 5784/1019/740
f 5774/1010/731 5786/1021/742 5785/1020/741
f 5775/1011/732 5787/1023/744 5786/1021/742
f 5776/1022/743 5788/1034/755 5787/1023/744
f 5790/1024/745 5789/1037/758 5777/1025/746
f 5791/1026/747 5790/1024/745 5778/1012/733
f 5792/1027/748 5791/1026/747 5779/1014/735
f 5793/1028/749 5792/1027/748 5780/1015/736
f 5794/1029/750 5793/1028/749 5781/1016/737
f 5795/1030/751 5794/1029/750 5782/1017/738
f 5784/1019/740 5796/1031/752 5795/1030/751
f 5785/1020/741 5797/1032/753 5796/1031/752
f 5786/1021/742 5798/1033/754 5797/1032/753
f 5787/1023/744 5799/1035/756 5798/1033/754
f 5788/1034/755 5800/1046/767 5799/1035/756
f 5802/1036/757 5801/1049/770 5789/1037/758
f 5803/1038/759 5802/1036/757 5790/1024/745
f 5804/1039/760 5803/1038/759 5791/1026/747
f 5805/1040/761 5804/1039/760 5792/1027/748
f 5806/1041/762 5805/1040/761 5793/1028/749
f 5807/1042/763 5806/1041/762 5794/1029/750
f 5796/1031/752 5808/1043/764 5807/1042/763
f 5797/1032/753 5809/1044/765 5808/1043/764
f 5798/1033/754 5810/1045/766 5809/1044/765
f 5799/1035/756 5811/1047/768 5810/1045/766
f 5800/1046/767 5812/1058/779 5811/1047/768
f 5814/1048/769 5813/1061/782 5801/1049/770
f 5815/1050/771 5814/1048/769 5802/1036/757
f 5816/1051/772 5815/1050/771 5803/1038/759
f 5817/1052/773 5816/1051/772 5804/1039/760
f 5818/1053/774 5817/1052/773 5805/1040/761
f 5819/1054/775 5818/1053/774 5806/1041/762
f 5808/1043/764 5820/1055/776 5819/1054/775
f 5809/1044/765 5821/1056/777 5820/1055/776
f 5810/1045/766 5822/1057/778 5821/1056/777
f 5811/1047/768 5823/1059/780 5822/1057/778
f 5812/1058/779 5824/1070/791 5823/1059/780
f 5826/1060/781 5825/1073/794 5813/1061/782
f 5827/1062/783 5826/1060/781 5814/1048/769
f 5828/1063/784 5827/1062/783 5815/1050/771
f 5829/1064/785 5828/1063/784 5816/1051/772
f 5830/1065/786 5829/1064/785 5817/1052/773
f 5831/1066/787 5830/1065/786 5818/1053/774
f 5820/1055/776 5832/1067/788 5831/1066/787
f 5821/1056/777 5833/1068/789 5832/1067/788
f 5822/1057/778 5834/1069/790 5833/1068/789
f 5823/1059/780 5835/1071/792 5834/1069/790
f 5824/1070/791 5836/1082/803 5835/1071/792
f 5838/1072/793 5837/1085/806 5825/1073/794
f 5839/1074/795 5838/1072/793 5826/1060/781
f 5840/1075/796 5839/1074/795 5827/1062/783
f 5841/1076/797 5840/1075/796 5828/1063/784
f 5842/1077/798 5841/1076/797 5829/1064/785
f 5843/1078/799 5842/1077/798 5830/1065/786
f 5832/1067/788 5844/1079/800 5843/1078/799
f 5833/1068/789 5845/1080/801 5844/1079/800
f 5834/1069/790 5846/1081/802 5845/1080/801
f 5835/1071/792 5847/1083/804 5846/1081/802
f 5836/1082/803 5848/1094/815 5847/1083/804
f 5850/1084/805 5849/1097/3485 5837/1085/806
f 5851/1086/807 5850/1084/805 5838/1072/793
f 5852/1087/808 5851/1086/807 5839/1074/795
f 5853/1088/809 5852/1087/808 5840/1075/796
f 5854/1089/810 5853/1088/809 5841/1076/797
f 5855/1090/811 5854/1089/810 5842/1077/798
f 5844/1079/800 5856/1091/812 5855/1090/811
f 5845/1080/801 5857/1092/813 5856/1091/812
f 5846/1081/802 5858/1093/814 5857/1092/813
f 5847/1083/804 5859/1095/816 5858/1093/814
f 5848/1094/815 5860/1106/3486 5859/1095/816
f 5862/1096/817 5861/1109/830 5849/1097/3485
f 5863/1098/819 5862/1096/817 5850/1084/805
f 5864/1099/820 5863/1098/819 5851/1086/807
f 5865/1100/821 5864/1099/820 5852/1087/808
f 5866/1101/822 5865/1100/821 5853/1088/809
f 5867/1102/823 5866/1101/822 5854/1089/810
f 5856/1091/812 5868/1103/824 5867/1102/823
f 5857/1092/813 5869/1104/825 5868/1103/824
f 5858/1093/814 5870/1105/826 5869/1104/825
f 5859/1095/816 5871/1107/828 5870/1105/826
f 5860/1106/3486 5872/1118/839 5871/1107/828
f 5874/1108/829 5873/1121/842 5861/1109/830
f 5875/1110/831 5874/1108/829 5862/1096/817
f 5876/1111/832 5875/1110/831 5863/1098/819
f 5877/1112/833 5876/1111/832 5864/1099/820
f 5878/1113/834 5877/1112/833 5865/1100/821
f 5879/1114/835 5878/1113/834 5866/1101/822
f 5868/1103/824 5880/1115/836 5879/1114/835
f 5869/1104/825 5881/1116/837 5880/1115/836
f 5870/1105/826 5882/1117/838 5881/1116/837
f 5871/1107/828 5883/1119/840 5882/1117/838
f 5872/1118/839 5884/1130/851 5883/1119/840
f 5886/1120/841 5885/242/854 5873/1121/842
f 5887/1122/843 5886/1120/841 5874/1108/829
f 5888/1123/844 5887/1122/843 5875/1110/831
f 5889/1124/845 5888/1123/844 5876/1111/832
f 5890/1125/846 5889/1124/845 5877/1112/833
f 5891/1126/847 5890/1125/846 5878/1113/834
f 5880/1115/836 5892/1127/848 5891/1126/847
f 5881/1116/837 5893/1128/849 5892/1127/848
f 5882/1117/838 5894/1129/850 5893/1128/849
f 5883/1119/840 5895/1131/852 5894/1129/850
f 5884/1130/851 5896/1141/863 5895/1131/852
f 5898/1132/853 5897/1144/866 5885/242/854
f 5899/1133/855 5898/1132/853 5886/1120/841
f 5900/1134/3487 5899/1133/855 5887/1122/843
f 5901/1135/857 5900/1134/3487 5888/1123/844
f 5902/1136/858 5901/1135/857 5889/1124/845
f 5903/1137/859 5902/1136/858 5890/1125/846
f 5892/1127/848 5904/1138/860 5903/1137/859
f 5893/1128/849 5905/1139/3488 5904/1138/860
f 5894/1129/850 5906/1140/862 5905/1139/3488
f 5895/1131/852 5907/1142/864 5906/1140/862
f 5896/1141/863 5908/1153/875 5907/1142/864
f 5910/1143/865 5909/1156/878 5897/1144/866
f 5911/1145/867 5910/1143/865 5898/1132/853
f 5912/1146/868 5911/1145/867 5899/1133/855
f 5913/1147/869 5912/1146/868 5900/1134/3487
f 5914/1148/870 5913/1147/869 5901/1135/857
f 5915/1149/871 5914/1148/870 5902/1136/858
f 5904/1138/860 5916/1150/872 5915/1149/871
f 5905/1139/3488 5917/1151/873 5916/1150/872
f 5906/1140/862 5918/1152/874 5917/1151/873
f 5907/1142/864 5919/1154/876 5918/1152/874
f 5908/1153/875 5920/1167/889 5919/1154/876
f 5910/1143/865 5922/1157/879 5921/1155/877
f 5911/1145/867 5923/1158/880 5922/1157/879
f 5912/1146/868 5924/1159/881 5923/1158/880
f 5913/1147/869 5925/1160/882 5924/1159/881
f 5914/1148/870 5926/1173/895 5925/1160/882
f 5927/1161/883 5926/1173/895 5914/1148/870
f 5928/1162/884 5927/1161/883 5915/1149/871
f 5929/1163/885 5928/1162/884 5916/1150/872
f 5930/1164/886 5929/1163/885 5917/1151/873
f 5931/1165/887 5930/1164/886 5918/1152/874
f 5932/1166/888 5931/1165/887 5919/1154/876
f 5934/1168/890 5933/1180/3491 5921/1155/877
f 5935/1169/891 5934/1168/890 5922/1157/879
f 5936/1170/3489 5935/1169/891 5923/1158/880
f 5937/1171/893 5936/1170/3489 5924/1159/881
f 5938/1172/894 5937/1171/893 5925/1160/882
f 5939/1174/896 5938/1172/894 5926/1173/895
f 5928/1162/884 5940/1175/897 5939/1174/896
f 5929/1163/885 5941/1176/3490 5940/1175/897
f 5930/1164/886 5942/1177/899 5941/1176/3490
f 5931/1165/887 5943/1178/900 5942/1177/899
f 5932/1166/888 5944/1189/3492 5943/1178/900
f 5946/1179/901 5945/1192/914 5933/1180/3491
f 5947/1181/903 5946/1179/901 5934/1168/890
f 5948/1182/904 5947/1181/903 5935/1169/891
f 5949/1183/905 5948/1182/904 5936/1170/3489
f 5950/1184/906 5949/1183/905 5937/1171/893
f 5951/1185/907 5950/1184/906 5938/1172/894
f 5940/1175/897 5952/1186/908 5951/1185/907
f 5941/1176/3490 5953/1187/909 5952/1186/908
f 5942/1177/899 5954/1188/910 5953/1187/909
f 5943/1178/900 5955/1190/912 5954/1188/910
f 5944/1189/3492 5956/1201/923 5955/1190/912
f 5958/1191/913 5957/1204/926 5945/1192/914
f 5959/1193/915 5958/1191/913 5946/1179/901
f 5960/1194/916 5959/1193/915 5947/1181/903
f 5961/1195/917 5960/1194/916 5948/1182/904
f 5962/1196/918 5961/1195/917 5949/1183/905
f 5963/1197/919 5962/1196/918 5950/1184/906
f 5952/1186/908 5964/1198/920 5963/1197/919
f 5953/1187/909 5965/1199/921 5964/1198/920
f 5954/1188/910 5966/1200/922 5965/1199/921
f 5955/1190/912 5967/1202/924 5966/1200/922
f 5956/1201/923 5968/1213/935 5967/1202/924
f 5970/1203/925 5969/1216/938 5957/1204/926
f 5971/1205/3493 5970/1203/925 5958/1191/913
f 5972/1206/928 5971/1205/3493 5959/1193/915
f 5973/1207/929 5972/1206/928 5960/1194/916
f 5974/1208/930 5973/1207/929 5961/1195/917
f 5975/1209/931 5974/1208/930 5962/1196/918
f 5964/1198/920 5976/1210/932 5975/1209/931
f 5965/1199/921 5977/1211/933 5976/1210/932
f 5966/1200/922 5978/1212/3494 5977/1211/933
f 5967/1202/924 5979/1214/936 5978/1212/3494
f 5968/1213/935 5980/1225/947 5979/1214/936
f 5982/1215/937 5981/1228/950 5969/1216/938
f 5983/1217/939 5982/1215/937 5970/1203/925
f 5984/1218/940 5983/1217/939 5971/1205/3493
f 5985/1219/941 5984/1218/940 5972/1206/928
f 5986/1220/942 5985/1219/941 5973/1207/929
f 5987/1221/943 5986/1220/942 5974/1208/930
f 5976/1210/932 5988/1222/944 5987/1221/943
f 5977/1211/933 5989/1223/945 5988/1222/944
f 5978/1212/3494 5990/1224/946 5989/1223/945
f 5979/1214/936 5991/1226/948 5990/1224/946
f 5980/1225/947 5992/1237/959 5991/1226/948
f 5994/1227/949 5993/1240/962 5981/1228/950
f 5995/1229/951 5994/1227/949 5982/1215/937
f 5996/1230/952 5995/1229/951 5983/1217/939
f 5997/1231/953 5996/1230/952 5984/1218/940
f 5998/1232/954 5997/1231/953 5985/1219/941
f 5999/1233/955 5998/1232/954 5986/1220/942
f 5988/1222/944 6000/1234/956 5999/1233/955
f 5989/1223/945 6001/1235/957 6000/1234/956
f 5990/1224/946 6002/1236/958 6001/1235/957
f 5991/1226/948 6003/1238/960 6002/1236/958
f 5992/1237/959 6004/1249/971 6003/1238/960
f 6006/1239/961 6005/1252/974 5993/1240/962
f 6007/1241/963 6006/1239/961 5994/1227/949
f 6008/1242/964 6007/1241/963 5995/1229/951
f 6009/1243/965 6008/1242/964 5996/1230/952
f 6010/1244/966 6009/1243/965 5997/1231/953
f 6011/1245/967 6010/1244/966 5998/1232/954
f 6000/1234/956 6012/1246/968 6011/1245/967
f 6001/1235/957 6013/1247/969 6012/1246/968
f 6002/1236/958 6014/1248/970 6013/1247/969
f 6003/1238/960 6015/1250/972 6014/1248/970
f 6004/1249/971 6016/1261/983 6015/1250/972
f 6018/1251/973 6017/1264/986 6005/1252/974
f 6019/1253/975 6018/1251/973 6006/1239/961
f 6020/1254/976 6019/1253/975 6007/1241/963
f 6021/1255/977 6020/1254/976 6008/1242/964
f 6022/1256/978 6021/1255/977 6009/1243/965
f 6023/1257/979 6022/1256/978 6010/1244/966
f 6012/1246/968 6024/1258/980 6023/1257/979
f 6013/1247/969 6025/1259/981 6024/1258/980
f 6014/1248/970 6026/1260/982 6025/1259/981
f 6015/1250/972 6027/1262/984 6026/1260/982
f 6016/1261/983 6028/1273/995 6027/1262/984
f 6030/1263/985 6029/1276/998 6017/1264/986
f 6031/1265/987 6030/1263/985 6018/1251/973
f 6032/1266/3495 6031/1265/987 6019/1253/975
f 6033/1267/989 6032/1266/3495 6020/1254/976
f 6034/1268/990 6033/1267/989 6021/1255/977
f 6035/1269/991 6034/1268/990 6022/1256/978
f 6024/1258/980 6036/1270/992 6035/1269/991
f 6025/1259/981 6037/1271/3496 6036/1270/992
f 6026/1260/982 6038/1272/994 6037/1271/3496
f 6027/1262/984 6039/1274/996 6038/1272/994
f 6028/1273/995 6040/1285/1007 6039/1274/996
f 6042/1275/997 6041/1288/1010 6029/1276/998
f 6043/1277/999 6042/1275/997 6030/1263/985
f 6044/1278/1000 6043/1277/999 6031/1265/987
f 6045/1279/1001 6044/1278/1000 6032/1266/3495
f 6046/1280/1002 6045/1279/1001 6033/1267/989
f 6047/1281/1003 6046/1280/1002 6034/1268/990
f 6036/1270/992 6048/1282/1004 6047/1281/1003
f 6037/1271/3496 6049/1283/1005 6048/1282/1004
f 6038/1272/994 6050/1284/1006 6049/1283/1005
f 6039/1274/996 6051/1286/1008 6050/1284/1006
f 6040/1285/1007 6052/1297/3497 6051/1286/1008
f 6054/1287/1009 6053/252/1022 6041/1288/1010
f 6055/1289/1011 6054/1287/1009 6042/1275/997
f 6056/1290/1012 6055/1289/1011 6043/1277/999
f 6057/1291/1013 6056/1290/1012 6044/1278/1000
f 6058/1292/1014 6057/1291/1013 6045/1279/1001
f 6059/1293/1015 6058/1292/1014 6046/1280/1002
f 6048/1282/1004 6060/1294/1016 6059/1293/1015
f 6049/1283/1005 6061/1295/1017 6060/1294/1016
f 6050/1284/1006 6062/1296/1018 6061/1295/1017
f 6051/1286/1008 6063/1298/1020 6062/1296/1018
f 6052/1297/3497 6064/1308/1031 6063/1298/1020
f 6066/1299/1021 6065/1311/1034 6053/252/1022
f 6067/1300/3498 6066/1299/1021 6054/1287/1009
f 6068/1301/1024 6067/1300/3498 6055/1289/1011
f 6069/1302/3499 6068/1301/1024 6056/1290/1012
f 6070/1303/1026 6069/1302/3499 6057/1291/1013
f 6071/1304/1027 6070/1303/1026 6058/1292/1014
f 6060/1294/1016 6072/1305/3500 6071/1304/1027
f 6061/1295/1017 6073/1306/1029 6072/1305/3500
f 6062/1296/1018 6074/1307/3501 6073/1306/1029
f 6063/1298/1020 6075/1309/1032 6074/1307/3501
f 6064/1308/1031 6076/1322/1045 6075/1309/1032
f 6066/1299/1021 6078/1312/1035 6077/1310/1033
f 6067/1300/3498 6079/1313/1036 6078/1312/1035
f 6068/1301/1024 6080/1314/1037 6079/1313/1036
f 6069/1302/3499 6081/1315/1038 6080/1314/1037
f 6070/1303/1026 6082/1327/1050 6081/1315/1038
f 6083/1316/1039 6082/1327/1050 6070/1303/1026
f 6084/1317/1040 6083/1316/1039 6071/1304/1027
f 6085/1318/1041 6084/1317/1040 6072/1305/3500
f 6086/1319/1042 6085/1318/1041 6073/1306/1029
f 6087/1320/1043 6086/1319/1042 6074/1307/3501
f 6088/1321/1044 6087/1320/1043 6075/1309/1032
f 6078/1312/1035 6090/1324/1047 6089/1323/1046
f 6079/1313/1036 6091/1325/1048 6090/1324/1047
f 6080/1314/1037 6092/1326/1049 6091/1325/1048
f 6081/1315/1038 6093/1328/3502 6092/1326/1049
f 6082/1327/1050 6094/1339/1062 6093/1328/3502
f 6095/1329/1052 6094/1339/1062 6082/1327/1050
f 6096/1330/3503 6095/1329/1052 6083/1316/1039
f 6097/1331/1054 6096/1330/3503 6084/1317/1040
f 6098/1332/1055 6097/1331/1054 6085/1318/1041
f 6099/1333/1056 6098/1332/1055 6086/1319/1042
f 6100/1334/1057 6099/1333/1056 6087/1320/1043
f 6090/1324/1047 6102/1336/1059 6101/1335/1058
f 6091/1325/1048 6103/1337/1060 6102/1336/1059
f 6092/1326/1049 6104/1338/1061 6103/1337/1060
f 6093/1328/3502 6105/1340/1063 6104/1338/1061
f 6094/1339/1062 6106/1351/1074 6105/1340/1063
f 6107/1341/1064 6106/1351/1074 6094/1339/1062
f 6108/1342/1065 6107/1341/1064 6095/1329/1052
f 6109/1343/1066 6108/1342/1065 6096/1330/3503
f 6110/1344/1067 6109/1343/1066 6097/1331/1054
f 6111/1345/1068 6110/1344/1067 6098/1332/1055
f 6112/1346/1069 6111/1345/1068 6099/1333/1056
f 6102/1336/1059 6114/1348/1071 6113/1347/1070
f 6103/1337/1060 6115/1349/1072 6114/1348/1071
f 6104/1338/1061 6116/1350/1073 6115/1349/1072
f 6105/1340/1063 6117/1352/1075 6116/1350/1073
f 6106/1351/1074 6118/1363/1086 6117/1352/1075
f 6119/1353/1076 6118/1363/1086 6106/1351/1074
f 6120/1354/1077 6119/1353/1076 6107/1341/1064
f 6121/1355/1078 6120/1354/1077 6108/1342/1065
f 6122/1356/1079 6121/1355/1078 6109/1343/1066
f 6123/1357/1080 6122/1356/1079 6110/1344/1067
f 6124/1358/1081 6123/1357/1080 6111/1345/1068
f 6114/1348/1071 6126/1360/1083 6125/1359/1082
f 6115/1349/1072 6127/1361/1084 6126/1360/1083
f 6116/1350/1073 6128/1362/1085 6127/1361/1084
f 6117/1352/1075 6129/1364/1087 6128/1362/1085
f 6118/1363/1086 6130/1375/1098 6129/1364/1087
f 6131/1365/1088 6130/1375/1098 6118/1363/1086
f 6132/1366/1089 6131/1365/1088 6119/1353/1076
f 6133/1367/1090 6132/1366/1089 6120/1354/1077
f 6134/1368/1091 6133/1367/1090 6121/1355/1078
f 6135/1369/1092 6134/1368/1091 6122/1356/1079
f 6136/1370/1093 6135/1369/1092 6123/1357/1080
f 6126/1360/1083 6138/1372/1095 6137/1371/1094
f 6127/1361/1084 6139/1373/1096 6138/1372/1095
f 6128/1362/1085 6140/1374/1097 6139/1373/1096
f 6129/1364/1087 6141/1376/1099 6140/1374/1097
f 6130/1375/1098 6142/1387/1110 6141/1376/1099
f 6143/1377/1100 6142/1387/1110 6130/1375/1098
f 6144/1378/1101 6143/1377/1100 6131/1365/1088
f 6145/1379/1102 6144/1378/1101 6132/1366/1089
f 6146/1380/1103 6145/1379/1102 6133/1367/1090
f 6147/1381/1104 6146/1380/1103 6134/1368/1091
f 6148/1382/1105 6147/1381/1104 6135/1369/1092
f 6138/1372/1095 6150/1384/1107 6149/1383/1106
f 6139/1373/1096 6151/1385/1108 6150/1384/1107
f 6140/1374/1097 6152/1386/1109 6151/1385/1108
f 6141/1376/1099 6153/1388/1111 6152/1386/1109
f 6142/1387/1110 6154/1399/1122 6153/1388/1111
f 6155/1389/1112 6154/1399/1122 6142/1387/1110
f 6156/1390/1113 6155/1389/1112 6143/1377/1100
f 6157/1391/1114 6156/1390/1113 6144/1378/1101
f 6158/1392/1115 6157/1391/1114 6145/1379/1102
f 6159/1393/1116 6158/1392/1115 6146/1380/1103
f 6160/1394/1117 6159/1393/1116 6147/1381/1104
f 6150/1384/1107 6162/1396/1119 6161/1395/1118
f 6151/1385/1108 6163/1397/1120 6162/1396/1119
f 6152/1386/1109 6164/1398/1121 6163/1397/1120
f 6153/1388/1111 6165/1400/1123 6164/1398/1121
f 6154/1399/1122 6166/1411/1134 6165/1400/1123
f 6167/1401/1124 6166/1411/1134 6154/1399/1122
f 6168/1402/1125 6167/1401/1124 6155/1389/1112
f 6169/1403/1126 6168/1402/1125 6156/1390/1113
f 6170/1404/1127 6169/1403/1126 6157/1391/1114
f 6171/1405/1128 6170/1404/1127 6158/1392/1115
f 6172/1406/1129 6171/1405/1128 6159/1393/1116
f 6162/1396/1119 6174/1408/1131 6173/1407/1130
f 6163/1397/1120 6175/1409/1132 6174/1408/1131
f 6164/1398/1121 6176/1410/1133 6175/1409/1132
f 6165/1400/1123 6177/1412/1135 6176/1410/1133
f 6166/1411/1134 6178/1423/1146 6177/1412/1135
f 6179/1413/1136 6178/1423/1146 6166/1411/1134
f 6180/1414/1137 6179/1413/1136 6167/1401/1124
f 6181/1415/1138 6180/1414/1137 6168/1402/1125
f 6182/1416/1139 6181/1415/1138 6169/1403/1126
f 6183/1417/1140 6182/1416/1139 6170/1404/1127
f 6184/1418/1141 6183/1417/1140 6171/1405/1128
f 6174/1408/1131 6186/1420/1143 6185/1419/1142
f 6175/1409/1132 6187/1421/1144 6186/1420/1143
f 6176/1410/1133 6188/1422/1145 6187/1421/1144
f 6177/1412/1135 6189/1424/1147 6188/1422/1145
f 6178/1423/1146 6190/1435/1158 6189/1424/1147
f 6191/1425/1148 6190/1435/1158 6178/1423/1146
f 6192/1426/1149 6191/1425/1148 6179/1413/1136
f 6193/1427/1150 6192/1426/1149 6180/1414/1137
f 6194/1428/1151 6193/1427/1150 6181/1415/1138
f 6195/1429/1152 6194/1428/1151 6182/1416/1139
f 6196/1430/1153 6195/1429/1152 6183/1417/1140
f 6186/1420/1143 6198/1432/1155 6197/1431/1154
f 6187/1421/1144 6199/1433/1156 6198/1432/1155
f 6188/1422/1145 6200/1434/1157 6199/1433/1156
f 6189/1424/1147 6201/1436/1159 6200/1434/1157
f 6190/1435/1158 6202/1448/1171 6201/1436/1159
f 6203/1437/1160 6202/1448/1171 6190/1435/1158
f 6204/1438/1161 6203/1437/1160 6191/1425/1148
f 6205/1439/1162 6204/1438/1161 6192/1426/1149
f 6206/1440/1163 6205/1439/1162 6193/1427/1150
f 6207/1441/1164 6206/1440/1163 6194/1428/1151
f 6208/1442/3504 6207/1441/1164 6195/1429/1152
f 6210/1443/1166 6209/1455/1177 6197/1431/1154
f 6211/1444/1167 6210/1443/1166 6198/1432/1155
f 6212/1445/1168 6211/1444/1167 6199/1433/1156
f 6213/1446/1169 6212/1445/1168 6200/1434/1157
f 6214/1447/1170 6213/1446/1169 6201/1436/1159
f 6215/1449/3505 6214/1447/1170 6202/1448/1171
f 6204/1438/1161 6216/1450/1173 6215/1449/3505
f 6205/1439/1162 6217/1451/1174 6216/1450/1173
f 6206/1440/1163 6218/1452/1175 6217/1451/1174
f 6207/1441/1164 6219/1453/1176 6218/1452/1175
f 6208/1442/3504 6220/1464/1178 6219/1453/1176
f 5046/1454/3 5045/1/5 6209/1455/1177
f 5047/1456/6 5046/1454/3 6210/1443/1166
f 5048/1457/8 5047/1456/6 6211/1444/1167
f 5049/1458/10 5048/1457/8 6212/1445/1168
f 5050/1459/12 5049/1458/10 6213/1446/1169
f 5051/1460/15 5050/1459/12 6214/1447/1170
f 6216/1450/1173 5052/1461/17 5051/1460/15
f 6217/1451/1174 5053/1462/19 5052/1461/17
f 6218/1452/1175 5054/1463/21 5053/1462/19
f 6219/1453/1176 5055/1465/23 5054/1463/21
f 6220/1464/1178 5056/1774/25 5055/1465/23
